# Host: 211.149.221.184  (Version: 5.6.44-log)
# Date: 2019-12-06 17:23:25
# Generator: MySQL-Front 5.3  (Build 4.234)

/*!40101 SET NAMES utf8 */;

#
# Structure for table "hw_ad"
#

DROP TABLE IF EXISTS `hw_ad`;
CREATE TABLE `hw_ad` (
  `id` int(11) unsigned NOT NULL AUTO_INCREMENT COMMENT '广告id',
  `pid` int(11) unsigned NOT NULL DEFAULT '0' COMMENT '广告位置ID',
  `media_type` tinyint(1) DEFAULT '0' COMMENT '广告类型',
  `title` varchar(60) DEFAULT '' COMMENT '广告名称',
  `links` varchar(255) DEFAULT '' COMMENT '广告链接',
  `litpic` varchar(255) DEFAULT '' COMMENT '图片地址',
  `start_time` int(11) DEFAULT '0' COMMENT '投放时间',
  `end_time` int(11) DEFAULT '0' COMMENT '结束时间',
  `intro` text COMMENT '描述',
  `link_man` varchar(60) DEFAULT '' COMMENT '添加人',
  `link_email` varchar(60) DEFAULT '' COMMENT '添加人邮箱',
  `link_phone` varchar(60) DEFAULT '' COMMENT '添加人联系电话',
  `click` int(11) DEFAULT '0' COMMENT '点击量',
  `bgcolor` varchar(30) DEFAULT '' COMMENT '背景颜色',
  `status` tinyint(1) unsigned DEFAULT '1' COMMENT '1=显示，0=屏蔽',
  `sort_order` int(11) DEFAULT '0' COMMENT '排序',
  `target` varchar(50) DEFAULT '' COMMENT '是否开启浏览器新窗口',
  `admin_id` int(10) DEFAULT '0' COMMENT '管理员ID',
  `is_del` tinyint(1) DEFAULT '0' COMMENT '伪删除，1=是，0=否',
  `lang` varchar(50) DEFAULT 'cn' COMMENT '多语言',
  `add_time` int(11) DEFAULT '0' COMMENT '新增时间',
  `update_time` int(11) DEFAULT '0' COMMENT '更新时间',
  PRIMARY KEY (`id`),
  KEY `position_id` (`pid`) USING BTREE,
  KEY `status` (`status`) USING BTREE
) ENGINE=MyISAM AUTO_INCREMENT=37 DEFAULT CHARSET=utf8 COMMENT='广告表';

#
# Data for table "hw_ad"
#

/*!40000 ALTER TABLE `hw_ad` DISABLE KEYS */;
INSERT INTO `hw_ad` VALUES (19,7,1,'','http://vstation.io/','/uploads/allimg/20191114/1-191114113HY10.jpg',0,0,'','','','',0,'',1,1,'1',1,0,'cn',1572861841,1573702651),(20,8,1,'en','http://vstation.io/','/uploads/allimg/20191104/1-1911041P344321.jpg',0,0,'','','','',0,'',1,1,'1',1,0,'en',1572861841,1572861841),(21,7,1,'','http://vstation.io/','/uploads/allimg/20191113/1-191113144603407.jpg',0,0,'','','','',0,'',1,2,'1',1,0,'cn',1572861841,1573702651),(22,8,1,'en','http://vstation.io/','/uploads/allimg/20191104/1-1911041P343Z6.jpg',0,0,'','','','',0,'',1,2,'1',1,0,'en',1572861841,1572861841),(23,7,1,'','http://vstation.io/','/uploads/allimg/20191105/1-19110515425XP.jpg',0,0,'','','','',0,'',1,3,'0',1,0,'cn',1572861841,1573702651),(24,8,1,'en','http://vstation.io/','/uploads/allimg/20191104/1-1911041P3435B.png',0,0,'','','','',0,'',1,3,'0',1,0,'en',1572861841,1572861841),(25,9,1,'第三方第三方的实施地方','http://www.gkbplc.com/?m=home&amp;c=View&amp;a=index&amp;aid=257&amp;admin_id=1&amp;t=1575603155','/uploads/allimg/20191206/1-191206115435N5.jpg',0,0,'爱的速递撒所','','','',0,'',1,1,'1',1,0,'cn',1572862615,1575604477),(26,10,1,'enhttp://vstation.io/','','/uploads/allimg/20191104/1-1911041Q613241.jpg',0,0,'','','','',0,'',1,1,'1',1,0,'en',1572862615,1572862615),(27,9,1,'撒旦撒旦','http://vstation.io/','/uploads/allimg/20191105/1-19110515420A46.jpg',0,0,'','','','',0,'',1,2,'0',1,0,'cn',1572862615,1575604477),(28,10,1,'enhttp://vstation.io/','','/uploads/allimg/20191104/1-1911041Q613435.jpg',0,0,'','','','',0,'',1,2,'0',1,0,'en',1572862615,1572862615),(29,9,1,'佛挡杀佛','http://vstation.io/','/uploads/allimg/20191105/1-191105154212632.jpg',0,0,'','','','',0,'',1,3,'0',1,0,'cn',1572862615,1575604477),(30,10,1,'enhttp://vstation.io/','','/uploads/allimg/20191104/1-1911041Q612Z5.jpg',0,0,'','','','',0,'',1,3,'0',1,0,'en',1572862615,1572862615),(31,9,1,'很过分的后果','http://vstation.io/','/uploads/allimg/20191105/1-19110515421UQ.jpg',0,0,'','','','',0,'',1,4,'0',1,0,'cn',1572862615,1575604477),(32,10,1,'enhttp://vstation.io/','','/uploads/allimg/20191104/1-1911041Q60CB.jpg',0,0,'','','','',0,'',1,4,'0',1,0,'en',1572862615,1572862615),(33,11,1,'登陆注册页面','http://vstation.io/login','/uploads/allimg/20191113/1-191113142512c1.jpg',0,0,'','','','',0,'',1,1,'0',1,0,'cn',1572918644,1573628835),(34,12,1,'en登陆注册页面','http://vstation.io/login','/uploads/allimg/20191105/1-191105095012Z4.png',0,0,'','','','',0,'',1,1,'0',1,0,'en',1572918644,1572918644),(35,13,1,'新校区','http://www.xiechuang.com.cn','/uploads/allimg/20191114/1-191114141H95a.jpg',0,0,'','','','',0,'',1,1,'1',1,0,'cn',1573027083,1573712250),(36,14,1,'en新校区','http://vstation.io/login.php','/uploads/allimg/20191106/1-191106155J5B8.jpg',0,0,'','','','',0,'',1,1,'1',1,0,'en',1573027083,1573027083);
/*!40000 ALTER TABLE `hw_ad` ENABLE KEYS */;

#
# Structure for table "hw_ad_position"
#

DROP TABLE IF EXISTS `hw_ad_position`;
CREATE TABLE `hw_ad_position` (
  `id` int(11) NOT NULL AUTO_INCREMENT,
  `title` varchar(60) NOT NULL DEFAULT '' COMMENT '广告位置名称',
  `width` smallint(5) unsigned NOT NULL DEFAULT '0' COMMENT '广告位宽度',
  `height` smallint(5) unsigned NOT NULL DEFAULT '0' COMMENT '广告位高度',
  `intro` text NOT NULL COMMENT '广告描述',
  `status` tinyint(1) NOT NULL DEFAULT '1' COMMENT '0关闭1开启',
  `lang` varchar(50) NOT NULL DEFAULT 'cn' COMMENT '多语言',
  `admin_id` int(10) NOT NULL DEFAULT '0' COMMENT '管理员ID',
  `is_del` tinyint(1) NOT NULL DEFAULT '0' COMMENT '伪删除，1=是，0=否',
  `add_time` int(11) NOT NULL DEFAULT '0' COMMENT '新增时间',
  `update_time` int(11) NOT NULL DEFAULT '0' COMMENT '更新时间',
  PRIMARY KEY (`id`)
) ENGINE=MyISAM AUTO_INCREMENT=15 DEFAULT CHARSET=utf8 COMMENT='广告位置表';

#
# Data for table "hw_ad_position"
#

/*!40000 ALTER TABLE `hw_ad_position` DISABLE KEYS */;
INSERT INTO `hw_ad_position` VALUES (7,'首页轮播图',0,0,'',1,'cn',1,0,1572861738,1573702651),(8,'en首页轮播图',0,0,'',1,'en',1,0,1572861738,1572861738),(9,'首页中部广告位',0,0,'',1,'cn',1,0,1572862615,1575604477),(10,'en首页中部广告位',0,0,'',1,'en',1,0,1572862615,1572862615),(11,'登陆注册页面广告',0,0,'勿删除',1,'cn',1,0,1572918644,1573628835),(12,'en登陆注册页面广告',0,0,'勿删除',1,'en',1,0,1572918644,1572918644),(13,'首页顶部图片',0,0,'',1,'cn',1,0,1573027083,1573712250),(14,'en首页顶部图片',0,0,'',1,'en',1,0,1573027083,1573027083);
/*!40000 ALTER TABLE `hw_ad_position` ENABLE KEYS */;

#
# Structure for table "hw_admin"
#

DROP TABLE IF EXISTS `hw_admin`;
CREATE TABLE `hw_admin` (
  `admin_id` smallint(5) unsigned NOT NULL AUTO_INCREMENT COMMENT '用户id',
  `user_name` varchar(20) NOT NULL DEFAULT '' COMMENT '用户名',
  `pen_name` varchar(50) DEFAULT '' COMMENT '笔名（发布文章后显示责任编辑的名字）',
  `true_name` varchar(20) DEFAULT '' COMMENT '真实姓名',
  `mobile` varchar(11) DEFAULT '' COMMENT '手机号码',
  `email` varchar(60) DEFAULT '' COMMENT 'email',
  `password` varchar(32) NOT NULL DEFAULT '' COMMENT '密码',
  `head_pic` varchar(255) DEFAULT '' COMMENT '头像',
  `last_login` int(11) DEFAULT '0' COMMENT '最后登录时间',
  `last_ip` varchar(15) DEFAULT '' COMMENT '最后登录ip',
  `login_cnt` int(11) DEFAULT '0' COMMENT '登录次数',
  `session_id` varchar(50) DEFAULT '' COMMENT 'session_id',
  `parent_id` int(10) DEFAULT '0' COMMENT '父管理员ID',
  `role_id` int(10) NOT NULL DEFAULT '-1' COMMENT '角色组ID（-1表示超级管理员）',
  `mark_lang` varchar(50) DEFAULT 'cn' COMMENT '当前语言标识',
  `status` tinyint(1) DEFAULT '1' COMMENT '状态(0=屏蔽，1=正常)',
  `syn_users_id` int(10) DEFAULT '0' COMMENT '同步注册到会员表',
  `add_time` int(11) DEFAULT '0' COMMENT '添加时间',
  `update_time` int(11) DEFAULT '0' COMMENT '更新时间',
  PRIMARY KEY (`admin_id`),
  KEY `user_name` (`user_name`) USING BTREE
) ENGINE=MyISAM AUTO_INCREMENT=2 DEFAULT CHARSET=utf8 COMMENT='管理员表';

#
# Data for table "hw_admin"
#

/*!40000 ALTER TABLE `hw_admin` DISABLE KEYS */;
INSERT INTO `hw_admin` VALUES (1,'admin','','admin','','','fad34e9359e4cceee51b308eb13f633c','',1575616614,'61.157.76.160',106,'99465eda21a656cf19dacf4089d07271',0,-1,'cn',1,1,1572418789,1572854845);
/*!40000 ALTER TABLE `hw_admin` ENABLE KEYS */;

#
# Structure for table "hw_admin_log"
#

DROP TABLE IF EXISTS `hw_admin_log`;
CREATE TABLE `hw_admin_log` (
  `log_id` bigint(16) unsigned NOT NULL AUTO_INCREMENT COMMENT '表id',
  `admin_id` int(10) NOT NULL DEFAULT '-1' COMMENT '管理员id',
  `log_info` text COMMENT '日志描述',
  `log_ip` varchar(30) DEFAULT '' COMMENT 'ip地址',
  `log_url` varchar(255) DEFAULT '' COMMENT 'url',
  `log_time` int(11) DEFAULT '0' COMMENT '日志时间',
  PRIMARY KEY (`log_id`),
  KEY `admin_id` (`admin_id`) USING BTREE
) ENGINE=MyISAM AUTO_INCREMENT=1577 DEFAULT CHARSET=utf8 COMMENT='管理员操作日志表';

#
# Data for table "hw_admin_log"
#

/*!40000 ALTER TABLE `hw_admin_log` DISABLE KEYS */;
INSERT INTO `hw_admin_log` VALUES (467,1,'编辑会员：admin','127.0.0.1','/login.php',1572486652),(468,1,'编辑栏目：品质管理','127.0.0.1','/login.php',1572491179),(469,-1,'自动退出','127.0.0.1','/login.php',1572502008),(470,1,'后台登录','127.0.0.1','/login.php',1572502013),(471,1,'编辑文章：关于海威华芯','127.0.0.1','/login.php',1572502748),(472,1,'编辑栏目：公司简介','127.0.0.1','/login.php',1572502863),(473,1,'编辑栏目：品质管理','127.0.0.1','/login.php',1572502875),(474,1,'编辑栏目：专利成果','127.0.0.1','/login.php',1572502897),(475,1,'自动退出','127.0.0.1','/login.php',1572503953),(476,1,'编辑文章：关于海威华芯','127.0.0.1','/login.php',1572505741),(477,1,'编辑文章：关于海威华芯','127.0.0.1','/login.php',1572505878),(478,1,'编辑文章：关于海威华芯','127.0.0.1','/login.php',1572505902),(479,1,'编辑文章：关于海威华芯1','127.0.0.1','/login.php',1572505910),(480,1,'编辑文章：关于海威华芯1','127.0.0.1','/login.php',1572505949),(481,1,'编辑文章：关于海威华芯1','127.0.0.1','/login.php',1572506056),(482,1,'编辑文章：关于海威华芯1','127.0.0.1','/login.php',1572506066),(483,-1,'自动退出','127.0.0.1','/login.php',1572506220),(484,-1,'自动退出','127.0.0.1','/login.php',1572506221),(485,1,'后台登录','127.0.0.1','/login.php',1572506226),(486,1,'编辑栏目：公司简介','127.0.0.1','/login.php',1572506318),(487,1,'伪删除栏目：联系我们','127.0.0.1','/login.php',1572506862),(488,1,'伪删除栏目：品质管理','127.0.0.1','/login.php',1572506872),(489,1,'伪删除栏目：环境安全','127.0.0.1','/login.php',1572506878),(490,1,'伪删除栏目：公司里程碑','127.0.0.1','/login.php',1572506882),(491,1,'还原栏目：公司里程碑','127.0.0.1','/login.php',1572506916),(492,1,'还原栏目：环境安全','127.0.0.1','/login.php',1572506919),(493,1,'还原栏目：品质管理','127.0.0.1','/login.php',1572506921),(494,1,'还原栏目：公司动态','127.0.0.1','/login.php',1572508193),(495,1,'还原栏目：行业资讯','127.0.0.1','/login.php',1572508195),(496,1,'还原栏目：在线应聘','127.0.0.1','/login.php',1572508269),(497,1,'还原栏目：联系我们','127.0.0.1','/login.php',1572508271),(498,1,'还原栏目：在线留言','127.0.0.1','/login.php',1572508273),(499,1,'还原栏目：媒体报道','127.0.0.1','/login.php',1572508299),(500,1,'删除栏目：企业新闻','127.0.0.1','/login.php',1572508304),(501,1,'伪删除栏目：在线留言','127.0.0.1','/login.php',1572509468),(502,1,'伪删除栏目：关于我们','127.0.0.1','/login.php',1572509476),(503,1,'伪删除栏目：企业文化','127.0.0.1','/login.php',1572509479),(504,1,'伪删除栏目：技术支持','127.0.0.1','/login.php',1572509481),(505,1,'伪删除栏目：产品中心','127.0.0.1','/login.php',1572509484),(506,1,'伪删除栏目：新闻动态','127.0.0.1','/login.php',1572509486),(507,1,'伪删除栏目：资料下载','127.0.0.1','/login.php',1572509488),(508,1,'伪删除栏目：人才招聘','127.0.0.1','/login.php',1572509489),(509,1,'伪删除栏目：联系我们','127.0.0.1','/login.php',1572509491),(510,1,'删除广告-id：1,2,3,4,5,6','127.0.0.1','/login.php',1572509519),(511,1,'新增栏目：课程中心','127.0.0.1','/login.php',1572510245),(512,1,'新增栏目：sdsda','127.0.0.1','/login.php',1572510284),(513,1,'新增栏目：爱的速递所','127.0.0.1','/login.php',1572510291),(514,1,'伪删除栏目：sdsda','127.0.0.1','/login.php',1572511440),(515,1,'新增栏目：视频','127.0.0.1','/login.php',1572512132),(516,1,'新增下载：颠三倒四所多','127.0.0.1','/login.php',1572512198),(517,1,'编辑下载：颠三倒四所多','127.0.0.1','/login.php',1572512387),(518,1,'编辑栏目：视频','127.0.0.1','/login.php',1572519107),(519,1,'编辑栏目：视频','127.0.0.1','/login.php',1572519134),(520,-1,'自动退出','127.0.0.1','/login.php',1572576297),(521,1,'后台登录','127.0.0.1','/login.php',1572576303),(522,-1,'自动退出','127.0.0.1','/login.php',1572830309),(523,1,'后台登录','127.0.0.1','/login.php',1572830316),(524,1,'自动退出','127.0.0.1','/login.php',1572845199),(525,1,'后台登录','127.0.0.1','/login.php',1572845207),(526,1,'编辑下载：颠三倒四所多','127.0.0.1','/login.php',1572848680),(527,1,'编辑下载：颠三倒四所多','127.0.0.1','/login.php',1572848911),(528,1,'编辑下载：颠三倒四所多','127.0.0.1','/login.php',1572848948),(529,1,'新增下载：122121','127.0.0.1','/login.php',1572849301),(530,1,'编辑下载：122121','127.0.0.1','/login.php',1572849396),(531,1,'新增下载：11','127.0.0.1','/login.php',1572849522),(532,1,'新增下载：dsfdsfdsfdfsfds','127.0.0.1','/login.php',1572849549),(533,1,'新增下载：254452452','127.0.0.1','/login.php',1572849693),(534,1,'新增下载：11','127.0.0.1','/login.php',1572849794),(535,1,'编辑下载：254452452','127.0.0.1','/login.php',1572849835),(536,1,'编辑下载：254452452','127.0.0.1','/login.php',1572849943),(537,1,'编辑下载：254452452','127.0.0.1','/login.php',1572850059),(538,1,'编辑下载：254452452','127.0.0.1','/login.php',1572850076),(539,1,'编辑下载：254452452','127.0.0.1','/login.php',1572850286),(540,1,'编辑下载：11','127.0.0.1','/login.php',1572851060),(541,1,'编辑下载：254452452','127.0.0.1','/login.php',1572851202),(542,1,'编辑下载：254452452','127.0.0.1','/login.php',1572851403),(543,1,'编辑下载：11','127.0.0.1','/login.php',1572851703),(544,1,'编辑下载：11','127.0.0.1','/login.php',1572851877),(545,1,'新增下载：12123','127.0.0.1','/login.php',1572851918),(546,1,'编辑下载：12123','127.0.0.1','/login.php',1572851941),(547,1,'删除文档-id：111,112,113,114,115,116,117','127.0.0.1','/login.php',1572852001),(548,1,'新增下载：1','127.0.0.1','/login.php',1572852029),(549,1,'编辑下载：1','127.0.0.1','/login.php',1572852149),(550,1,'编辑下载：1','127.0.0.1','/login.php',1572853303),(551,1,'新增栏目：免费课程','127.0.0.1','/login.php',1572853698),(552,1,'新增栏目：下载中心','127.0.0.1','/login.php',1572853726),(553,1,'新增栏目：培训案例','127.0.0.1','/login.php',1572853750),(554,1,'新增栏目：产品中心','127.0.0.1','/login.php',1572853757),(555,1,'新增栏目：项目案例','127.0.0.1','/login.php',1572853767),(556,1,'新增栏目：加盟中心','127.0.0.1','/login.php',1572853774),(557,1,'新增栏目：购买中心','127.0.0.1','/login.php',1572853781),(558,1,'新增栏目：在线直播','127.0.0.1','/login.php',1572853790),(559,1,'编辑栏目：课程中心','127.0.0.1','/login.php',1572853924),(560,1,'编辑栏目：免费课程','127.0.0.1','/login.php',1572853959),(561,1,'编辑栏目：下载中心','127.0.0.1','/login.php',1572853978),(562,1,'编辑栏目：培训案例','127.0.0.1','/login.php',1572854007),(563,1,'编辑栏目：产品中心','127.0.0.1','/login.php',1572854036),(564,1,'新增栏目：dfsdfsdsf','127.0.0.1','/login.php',1572854178),(565,1,'新增栏目：ds','127.0.0.1','/login.php',1572854362),(566,1,'新增下载：1','127.0.0.1','/login.php',1572854469),(567,1,'伪删除栏目：ds','127.0.0.1','/login.php',1572854608),(568,1,'删除栏目：ds','127.0.0.1','/login.php',1572854900),(569,1,'删除栏目：sdsda','127.0.0.1','/login.php',1572854902),(570,1,'删除栏目：联系我们','127.0.0.1','/login.php',1572854903),(571,1,'删除栏目：联系我们','127.0.0.1','/login.php',1572854905),(572,1,'删除栏目：加入我们','127.0.0.1','/login.php',1572855027),(573,1,'删除栏目：人才发展','127.0.0.1','/login.php',1572855030),(574,1,'新增自定义变量：二维码','127.0.0.1','/login.php',1572856579),(575,1,'编辑栏目：课程中心','127.0.0.1','/login.php',1572861303),(576,1,'伪删除栏目：视频','127.0.0.1','/login.php',1572861400),(577,1,'新增栏目：电工','127.0.0.1','/login.php',1572861416),(578,1,'新增栏目：PLC','127.0.0.1','/login.php',1572861428),(579,1,'新增栏目：变频器','127.0.0.1','/login.php',1572861443),(580,1,'新增广告：首页轮播图','127.0.0.1','/login.php',1572861738),(581,1,'编辑广告：首页轮播图','127.0.0.1','/login.php',1572861841),(582,1,'新增广告：首页中部广告位','127.0.0.1','/login.php',1572862615),(583,1,'编辑广告：首页中部广告位','127.0.0.1','/login.php',1572863163),(584,1,'编辑广告：首页中部广告位','127.0.0.1','/login.php',1572863203),(585,1,'编辑栏目：培训案例','127.0.0.1','/login.php',1572863263),(586,1,'编辑栏目：下载中心','127.0.0.1','/login.php',1572863289),(587,1,'编辑栏目：产品中心','127.0.0.1','/login.php',1572863311),(588,1,'编辑栏目：项目案例','127.0.0.1','/login.php',1572863333),(589,1,'编辑栏目：加盟中心','127.0.0.1','/login.php',1572863375),(590,1,'编辑栏目：购买中心','127.0.0.1','/login.php',1572863389),(591,1,'编辑栏目：在线直播','127.0.0.1','/login.php',1572863403),(592,1,'删除栏目：dfsdfsdsf','127.0.0.1','/login.php',1572863687),(593,1,'删除栏目：视频','127.0.0.1','/login.php',1572863689),(594,1,'删除栏目：职位招聘','127.0.0.1','/login.php',1572863691),(595,1,'删除栏目：人才招聘','127.0.0.1','/login.php',1572863692),(596,1,'删除栏目：资料下载','127.0.0.1','/login.php',1572863694),(597,1,'删除栏目：媒体报道','127.0.0.1','/login.php',1572863696),(598,1,'删除栏目：行业资讯','127.0.0.1','/login.php',1572863697),(599,1,'删除栏目：企业新闻','127.0.0.1','/login.php',1572863699),(600,1,'删除栏目：公司动态','127.0.0.1','/login.php',1572863701),(601,1,'删除栏目：行业资讯','127.0.0.1','/login.php',1572863702),(602,1,'删除栏目：新闻动态','127.0.0.1','/login.php',1572863704),(603,1,'删除栏目：GaN工艺','127.0.0.1','/login.php',1572863706),(604,1,'删除栏目：GaAs工艺','127.0.0.1','/login.php',1572863708),(605,1,'删除栏目：HBT及光电工艺','127.0.0.1','/login.php',1572863710),(606,1,'删除栏目：产品中心','127.0.0.1','/login.php',1572863712),(607,1,'删除栏目：HBT及光电技术','127.0.0.1','/login.php',1572863714),(608,1,'删除栏目：GaN技术','127.0.0.1','/login.php',1572863717),(609,1,'删除栏目：GaAs技术','127.0.0.1','/login.php',1572863718),(610,1,'删除栏目：应用方案','127.0.0.1','/login.php',1572863720),(611,1,'删除栏目：技术支持','127.0.0.1','/login.php',1572863722),(612,1,'删除栏目：党章宣扬','127.0.0.1','/login.php',1572863724),(613,1,'删除栏目：海威华芯大学','127.0.0.1','/login.php',1572863726),(614,1,'删除栏目：愿景与使命','127.0.0.1','/login.php',1572863728),(615,1,'删除栏目：经营目标','127.0.0.1','/login.php',1572863729),(616,1,'删除栏目：社会责任','127.0.0.1','/login.php',1572863731),(617,1,'删除栏目：福利措施','127.0.0.1','/login.php',1572863732),(618,1,'删除栏目：华芯生活','127.0.0.1','/login.php',1572863734),(619,1,'删除栏目：企业文化','127.0.0.1','/login.php',1572863735),(620,1,'删除栏目：关于我们','127.0.0.1','/login.php',1572863737),(621,1,'新增栏目：工控帮团队','127.0.0.1','/login.php',1572863825),(622,1,'新增下载：十年老电工实操系列之从小白到超越中级','127.0.0.1','/login.php',1572864926),(623,1,'编辑下载：十年老电工实操系列之从小白到超越中级','127.0.0.1','/login.php',1572866105),(624,1,'编辑下载：十年老电工实操系列之从小白到超越中级','127.0.0.1','/login.php',1572866505),(625,-1,'自动退出','127.0.0.1','/login.php',1572915171),(626,1,'后台登录','127.0.0.1','/login.php',1572915179),(627,-1,'自动退出','127.0.0.1','/login.php',1572916102),(628,1,'安全退出','127.0.0.1','/login.php',1572917424),(629,-1,'安全退出','127.0.0.1','/login.php',1572917427),(630,-1,'安全退出','127.0.0.1','/login.php',1572917428),(631,-1,'自动退出','127.0.0.1','/login.php',1572917432),(632,1,'后台登录','127.0.0.1','/login.php',1572917803),(633,1,'安全退出','127.0.0.1','/login.php',1572917872),(634,-1,'自动退出','127.0.0.1','/login.php',1572917874),(635,-1,'自动退出','127.0.0.1','/login.php',1572918494),(636,1,'后台登录','127.0.0.1','/login.php',1572918501),(637,1,'新增广告：登陆注册页面广告','127.0.0.1','/login.php',1572918644),(638,1,'自动退出','127.0.0.1','/login.php',1572931954),(639,1,'后台登录','127.0.0.1','/login.php',1572931960),(640,1,'自动退出','127.0.0.1','/login.php',1572939209),(641,1,'后台登录','127.0.0.1','/login.php',1572939216),(642,1,'编辑广告：首页中部广告位','127.0.0.1','/login.php',1572939741),(643,1,'编辑广告：首页轮播图','127.0.0.1','/login.php',1572939780),(644,1,'编辑下载：十年老电工实操系列之从小白到超越中级','127.0.0.1','/login.php',1572940291),(645,1,'编辑下载：十年老电工实操系列之从小白到超越中级','127.0.0.1','/login.php',1572940644),(646,1,'新增下载：十年老电工实操系列之从小白到超越中级','127.0.0.1','/login.php',1572940776),(647,1,'编辑下载：十年老电工实操系列之从小白到超越中级','127.0.0.1','/login.php',1572940995),(648,1,'编辑下载：十年老电工实操系列之从小白到超越中','127.0.0.1','/login.php',1572941015),(649,1,'删除文档-id：121','127.0.0.1','/login.php',1572941041),(650,1,'新增下载：十年老电工实操系列之从小白到超越中级','127.0.0.1','/login.php',1572941071),(651,1,'编辑下载：十年老电工实操系列之从小白到超越中级','127.0.0.1','/login.php',1572942004),(652,1,'编辑下载：十年老电工实操系列之从小白到超越中级','127.0.0.1','/login.php',1572942019),(653,1,'编辑下载：十年老电工实操系列之从小白到超越中','127.0.0.1','/login.php',1572942033),(654,1,'编辑下载：十年老电工实操系列之从小白到超越中','127.0.0.1','/login.php',1572942054),(655,1,'编辑下载：十年老电工实操系列之从小白到超越中','127.0.0.1','/login.php',1572942251),(656,1,'删除视频模型字段：coursetitle','127.0.0.1','/login.php',1572942503),(657,1,'编辑下载：十年老电工实操系列之从小白到超越中','127.0.0.1','/login.php',1572942571),(658,1,'编辑下载：十年老电工实操系列之从小白到超越中','127.0.0.1','/login.php',1572942584),(659,1,'编辑下载：十年老电工实操系列之从小白到超越中级','127.0.0.1','/login.php',1572942596),(660,1,'编辑下载：十年老电工实操系列之从小白到超越中级','127.0.0.1','/login.php',1572942613),(661,1,'新增下载：十年老电工实操系列之从小白到超越中级','127.0.0.1','/login.php',1572944347),(662,1,'新增栏目：伺服','127.0.0.1','/login.php',1572944810),(663,1,'编辑下载：十年老电工实操系列之从小白到超越中级','127.0.0.1','/login.php',1572945865),(664,1,'编辑下载：十年老电工实操系列之从小白到超越中级','127.0.0.1','/login.php',1572945875),(665,1,'编辑下载：十年老电工实操系列之从小白到超越中级','127.0.0.1','/login.php',1572945915),(666,1,'编辑下载：十年老电工实操系列之从小白到超越中级','127.0.0.1','/login.php',1572945923),(667,1,'新增栏目：西门子PLC','127.0.0.1','/login.php',1572946415),(668,1,'编辑下载：十年老电工实操系列之从小白到超越中级','127.0.0.1','/login.php',1572947904),(669,1,'新增下载：十年老电工实操系列','127.0.0.1','/login.php',1572948381),(670,1,'新增栏目：三菱PLC','127.0.0.1','/login.php',1572948847),(671,-1,'自动退出','127.0.0.1','/login.php',1573002020),(672,1,'后台登录','127.0.0.1','/login.php',1573002027),(673,1,'安全退出','127.0.0.1','/login.php',1573002481),(674,-1,'自动退出','127.0.0.1','/login.php',1573002483),(675,1,'后台登录','127.0.0.1','/login.php',1573002496),(676,1,'新增下载：dsasdsaddsadsa','127.0.0.1','/login.php',1573008588),(677,1,'新增下载：sdsdsdsads','127.0.0.1','/login.php',1573009666),(678,1,'编辑下载：sdsdsdsads','127.0.0.1','/login.php',1573011972),(679,1,'编辑栏目：PLC','127.0.0.1','/login.php',1573012037),(680,1,'编辑栏目：电工','127.0.0.1','/login.php',1573012235),(681,1,'新增下载：对方身上的方法是的第三方','127.0.0.1','/login.php',1573012490),(682,1,'编辑下载：对方身上的方法是的第三方','127.0.0.1','/login.php',1573012716),(683,1,'自动退出','127.0.0.1','/login.php',1573018814),(684,1,'后台登录','127.0.0.1','/login.php',1573018820),(685,1,'编辑栏目：免费课程','127.0.0.1','/login.php',1573019012),(686,1,'新增下载：美国浩纳尔一体化PLC专题讲座','127.0.0.1','/login.php',1573019121),(687,1,'编辑下载：美国浩纳尔一体化PLC专题讲座','127.0.0.1','/login.php',1573019208),(688,1,'新增下载：西门子S7-200SMARTPLC功能指令学习','127.0.0.1','/login.php',1573019265),(689,1,'编辑栏目：免费课程','127.0.0.1','/login.php',1573019435),(690,1,'自动退出','127.0.0.1','/login.php',1573023771),(691,1,'后台登录','127.0.0.1','/login.php',1573026503),(692,1,'安全退出','127.0.0.1','/login.php',1573026514),(693,-1,'自动退出','127.0.0.1','/login.php',1573026516),(694,1,'后台登录','127.0.0.1','/login.php',1573026520),(695,1,'安全退出','127.0.0.1','/login.php',1573026528),(696,-1,'安全退出','127.0.0.1','/login.php',1573026529),(697,-1,'自动退出','127.0.0.1','/login.php',1573026531),(698,1,'后台登录','127.0.0.1','/login.php',1573026538),(699,1,'安全退出','127.0.0.1','/login.php',1573026630),(700,-1,'自动退出','127.0.0.1','/login.php',1573026632),(701,1,'后台登录','127.0.0.1','/login.php',1573026637),(702,1,'编辑下载：西门子S7-200SMARTPLC功能指令学习','127.0.0.1','/login.php',1573026687),(703,1,'新增广告：首页顶部图片','127.0.0.1','/login.php',1573027083),(704,1,'编辑广告：首页顶部图片','127.0.0.1','/login.php',1573027781),(705,1,'编辑下载：对方身上的方法是的第三方','127.0.0.1','/login.php',1573027948),(706,1,'编辑会员：admin','127.0.0.1','/login.php',1573030145),(707,1,'编辑会员：admin','127.0.0.1','/login.php',1573030476),(708,1,'编辑自定义变量：微信公众号二维码','127.0.0.1','/login.php',1573032399),(709,-1,'自动退出','127.0.0.1','/login.php',1573088690),(710,1,'后台登录','127.0.0.1','/login.php',1573088699),(711,1,'编辑栏目：工控帮团队','127.0.0.1','/login.php',1573088804),(712,1,'编辑栏目：工控帮团队','127.0.0.1','/login.php',1573088812),(713,1,'新增图集：黄剑锋','127.0.0.1','/login.php',1573088874),(714,1,'新增图集：t2','127.0.0.1','/login.php',1573088934),(715,1,'编辑图集：t2','127.0.0.1','/login.php',1573089993),(716,1,'编辑栏目：工控帮团队','127.0.0.1','/login.php',1573090373),(717,1,'删除自定义变量：web_attr_9','127.0.0.1','/login.php',1573090854),(718,1,'新增图集：t3','127.0.0.1','/login.php',1573091451),(719,1,'编辑图集：t1','127.0.0.1','/login.php',1573091480),(720,1,'新增自定义变量：APP','127.0.0.1','/login.php',1573091940),(721,1,'编辑自定义变量：APP','127.0.0.1','/login.php',1573091950),(722,1,'新增栏目：111','127.0.0.1','/login.php',1573092711),(723,1,'新增栏目：张三','127.0.0.1','/login.php',1573092775),(724,1,'新增栏目：分段瑟瑟发抖','127.0.0.1','/login.php',1573092794),(725,1,'伪删除栏目：111','127.0.0.1','/login.php',1573092899),(726,1,'伪删除栏目：分段瑟瑟发抖','127.0.0.1','/login.php',1573092909),(727,1,'新增栏目：精品课程','127.0.0.1','/login.php',1573092930),(728,1,'新增栏目：其他','127.0.0.1','/login.php',1573093183),(729,1,'新增栏目：关于工控','127.0.0.1','/login.php',1573093262),(730,1,'新增栏目：公司简介','127.0.0.1','/login.php',1573093412),(731,1,'新增栏目：联系我们','127.0.0.1','/login.php',1573093421),(732,1,'新增栏目：产品中心','127.0.0.1','/login.php',1573093522),(733,1,'编辑栏目：精品课程','127.0.0.1','/login.php',1573094193),(734,1,'安全退出','127.0.0.1','/login.php',1573094527),(735,-1,'自动退出','127.0.0.1','/login.php',1573094529),(736,1,'后台登录','127.0.0.1','/login.php',1573094535),(737,1,'新增栏目：dfsfds','127.0.0.1','/login.php',1573094571),(738,1,'伪删除栏目：dfsfds','127.0.0.1','/login.php',1573094582),(739,1,'安全退出','127.0.0.1','/login.php',1573095087),(740,-1,'自动退出','127.0.0.1','/login.php',1573095088),(741,1,'后台登录','127.0.0.1','/login.php',1573095094),(742,1,'编辑栏目：精品课程','127.0.0.1','/login.php',1573096159),(743,1,'编辑栏目：免费课程','127.0.0.1','/login.php',1573096182),(744,1,'编辑栏目：培训案例','127.0.0.1','/login.php',1573096198),(745,1,'编辑栏目：项目案例','127.0.0.1','/login.php',1573096213),(746,1,'编辑栏目：购买中心','127.0.0.1','/login.php',1573097048),(747,1,'编辑栏目：购买中心','127.0.0.1','/login.php',1573097189),(748,1,'编辑栏目：购买中心','127.0.0.1','/login.php',1573097215),(749,1,'编辑栏目：购买中心','127.0.0.1','/login.php',1573097233),(750,1,'编辑栏目：购买中心','127.0.0.1','/login.php',1573097265),(751,1,'编辑栏目：购买中心','127.0.0.1','/login.php',1573097282),(752,1,'编辑栏目：购买中心','127.0.0.1','/login.php',1573097291),(753,1,'编辑栏目：购买中心','127.0.0.1','/login.php',1573097300),(754,1,'编辑栏目：产品中心','127.0.0.1','/login.php',1573098057),(755,1,'新增产品：西门子PLC','127.0.0.1','/login.php',1573098118),(756,1,'新增产品：西门子系列','127.0.0.1','/login.php',1573098153),(757,1,'自动退出','127.0.0.1','/login.php',1573104408),(758,1,'后台登录','127.0.0.1','/login.php',1573104417),(759,1,'编辑栏目：项目案例','127.0.0.1','/login.php',1573105367),(760,1,'新增产品：西门子S7-200SMARTPLC功能指令学习','127.0.0.1','/login.php',1573105424),(761,1,'新增产品：十年老电工实操系列之从小白到超越中级','127.0.0.1','/login.php',1573105487),(762,1,'新增文章：培训案例','127.0.0.1','/login.php',1573106581),(763,1,'新增文章：培训案例2','127.0.0.1','/login.php',1573106608),(764,1,'编辑栏目：购买中心','127.0.0.1','/login.php',1573107333),(765,1,'编辑下载：sdsdsdsads','127.0.0.1','/login.php',1573107697),(766,1,'自动退出','127.0.0.1','/login.php',1573112391),(767,1,'后台登录','127.0.0.1','/login.php',1573112396),(768,1,'新增文章：公司简介','127.0.0.1','/login.php',1573112470),(769,1,'删除文档-id：139','127.0.0.1','/login.php',1573112495),(770,1,'新增文章：关于我们','127.0.0.1','/login.php',1573112538),(771,1,'编辑文章：关于我们','127.0.0.1','/login.php',1573113525),(772,1,'编辑栏目：公司简介','127.0.0.1','/login.php',1573113621),(773,1,'编辑产品：十年老电工实操系列之从小白到超越中级','127.0.0.1','/login.php',1573114038),(774,1,'编辑产品：十年老电工实操系列之从小白到超越中级','127.0.0.1','/login.php',1573114073),(775,1,'新增产品：d大时代','127.0.0.1','/login.php',1573114127),(776,1,'新增产品：sdasdasdsda','127.0.0.1','/login.php',1573118243),(777,1,'删除文档-id：142','127.0.0.1','/login.php',1573118309),(778,1,'新增文章：联系我们','127.0.0.1','/login.php',1573119007),(779,1,'编辑文章：联系我们','127.0.0.1','/login.php',1573119022),(780,-1,'自动退出','127.0.0.1','/login.php',1573174803),(781,1,'后台登录','127.0.0.1','/login.php',1573175045),(782,1,'编辑栏目：精品课程','127.0.0.1','/login.php',1573176762),(783,1,'操作自定义模型表单：coursetitle','127.0.0.1','/login.php',1573178581),(784,1,'操作自定义模型表单：coursetitle','127.0.0.1','/login.php',1573178591),(785,1,'操作自定义模型表单：coursetitle','127.0.0.1','/login.php',1573178610),(786,1,'操作自定义模型表单：coursetitle','127.0.0.1','/login.php',1573178611),(787,1,'操作自定义模型表单：chapter','127.0.0.1','/login.php',1573178753),(788,1,'操作自定义模型表单：coursetitle','127.0.0.1','/login.php',1573179245),(789,1,'新增视频：212121','127.0.0.1','/login.php',1573180306),(790,1,'编辑下载：12345678','127.0.0.1','/login.php',1573180501),(791,1,'编辑下载：12345678','127.0.0.1','/login.php',1573180523),(792,1,'编辑下载：12345678','127.0.0.1','/login.php',1573180532),(793,1,'删除文档-id：146','127.0.0.1','/login.php',1573180758),(794,1,'删除文档-id：144,145','127.0.0.1','/login.php',1573180763),(795,1,'新增视频：1221','127.0.0.1','/login.php',1573180863),(796,1,'删除文档-id：147','127.0.0.1','/login.php',1573180878),(797,1,'自动退出','127.0.0.1','/login.php',1573190862),(798,1,'后台登录','127.0.0.1','/login.php',1573190870),(799,1,'新增模型：栏目模板','127.0.0.1','/login.php',1573191980),(800,1,'删除文档-id：123','127.0.0.1','/login.php',1573192600),(801,1,'编辑下载：西门子S7-200SMARTPLC功能指令学习','127.0.0.1','/login.php',1573192791),(802,1,'删除文档-id：129','127.0.0.1','/login.php',1573193069),(803,1,'编辑下载：美国浩纳尔一体化PLC专题讲座','127.0.0.1','/login.php',1573193088),(804,1,'删除文档-id：128','127.0.0.1','/login.php',1573193161),(805,1,'新增视频：1421284','127.0.0.1','/login.php',1573193219),(806,1,'编辑栏目：电工','127.0.0.1','/login.php',1573193728),(807,1,'编辑栏目：电工','127.0.0.1','/login.php',1573193927),(808,1,'编辑下载：sdsdsdsads','127.0.0.1','/login.php',1573194670),(809,1,'新增视频：大飒飒大','127.0.0.1','/login.php',1573194802),(810,1,'删除文档-id：149','127.0.0.1','/login.php',1573194975),(811,1,'新增视频：都是','127.0.0.1','/login.php',1573194991),(812,1,'删除文档-id：150','127.0.0.1','/login.php',1573194997),(813,1,'新增下载：范德萨发生的地方','127.0.0.1','/login.php',1573196432),(814,1,'新增下载：222','127.0.0.1','/login.php',1573196993),(815,1,'新增下载：453543534','127.0.0.1','/login.php',1573197051),(816,1,'新增下载：大飒飒大大撒','127.0.0.1','/login.php',1573197190),(817,1,'新增下载：十年老电工实操系列之从小白到超越中级','127.0.0.1','/login.php',1573197268),(818,1,'新增下载：大萨达撒','127.0.0.1','/login.php',1573197436),(819,1,'新增下载：34334','127.0.0.1','/login.php',1573197483),(820,1,'新增下载：士大夫发多少士大夫','127.0.0.1','/login.php',1573197652),(821,1,'新增下载：水电费第三方','127.0.0.1','/login.php',1573197676),(822,1,'新增下载：电风扇','127.0.0.1','/login.php',1573197720),(823,1,'新增下载：1545','127.0.0.1','/login.php',1573197817),(824,1,'新增下载：第三方','127.0.0.1','/login.php',1573197853),(825,1,'新增下载：啊啊','127.0.0.1','/login.php',1573197926),(826,1,'新增下载：4544848','127.0.0.1','/login.php',1573198084),(827,1,'新增下载：第三方','127.0.0.1','/login.php',1573198112),(828,1,'新增下载：双方都','127.0.0.1','/login.php',1573198163),(829,1,'新增下载：大飒飒大','127.0.0.1','/login.php',1573198267),(830,1,'新增下载：大飒飒大','127.0.0.1','/login.php',1573198326),(831,1,'新增下载：大萨达','127.0.0.1','/login.php',1573198405),(832,1,'新增下载：敖德萨多所大的的','127.0.0.1','/login.php',1573198442),(833,1,'新增下载：发送到','127.0.0.1','/login.php',1573198479),(834,1,'新增下载：奥德赛','127.0.0.1','/login.php',1573198554),(835,1,'新增下载：','127.0.0.1','/login.php',1573198611),(836,1,'新增下载：','127.0.0.1','/login.php',1573198625),(837,1,'新增下载：','127.0.0.1','/login.php',1573198648),(838,1,'新增下载：大萨达撒','127.0.0.1','/login.php',1573198707),(839,1,'新增下载：佛挡杀佛','127.0.0.1','/login.php',1573198798),(840,1,'新增下载：爱的速递撒所多所多','127.0.0.1','/login.php',1573198869),(841,1,'新增下载：实打实大程序下次v','127.0.0.1','/login.php',1573199126),(842,1,'新增下载：搭搭撒撒多','127.0.0.1','/login.php',1573199242),(843,1,'新增下载：打啊多撒所多','127.0.0.1','/login.php',1573200065),(844,1,'编辑下载：打啊多撒所多','127.0.0.1','/login.php',1573200769),(845,1,'编辑下载：打啊多撒所','127.0.0.1','/login.php',1573200793),(846,1,'编辑下载：打啊多撒所','127.0.0.1','/login.php',1573200970),(847,1,'编辑下载：阿德','127.0.0.1','/login.php',1573201004),(848,1,'编辑下载：阿德','127.0.0.1','/login.php',1573201076),(849,1,'删除文档-id：189','127.0.0.1','/login.php',1573201230),(850,1,'删除文档-id：188','127.0.0.1','/login.php',1573201239),(851,1,'删除文档-id：187','127.0.0.1','/login.php',1573201325),(852,1,'删除文档-id：186','127.0.0.1','/login.php',1573201379),(853,1,'删除文档-id：185','127.0.0.1','/login.php',1573201399),(854,1,'删除文档-id：184','127.0.0.1','/login.php',1573201563),(855,1,'删除文档-id：126','127.0.0.1','/login.php',1573201576),(856,1,'删除文档-id：120','127.0.0.1','/login.php',1573201641),(857,1,'删除文档-id：122','127.0.0.1','/login.php',1573201650),(858,1,'新增下载：电风扇士大夫电风扇','127.0.0.1','/login.php',1573201998),(859,1,'新增下载：2452412','127.0.0.1','/login.php',1573202414),(860,1,'编辑下载：2452412','127.0.0.1','/login.php',1573202429),(861,1,'编辑下载：2452412','127.0.0.1','/login.php',1573202437),(862,1,'新增文章：联系我们','127.0.0.1','/login.php',1573202720),(863,1,'新增文章：关于我们','127.0.0.1','/login.php',1573202824),(864,1,'新增视频：十年老电工实操系列之从小白到超越中级','127.0.0.1','/login.php',1573202900),(865,1,'新增下载：第三方付多少','127.0.0.1','/login.php',1573202923),(866,1,'删除文档-id：3','127.0.0.1','/login.php',1573202957),(867,1,'新增视频：爱的速递撒多撒','127.0.0.1','/login.php',1573203445),(868,1,'新增视频：大萨达 第三方','127.0.0.1','/login.php',1573203768),(869,1,'新增文章：大大大啊啊打撒','127.0.0.1','/login.php',1573203861),(870,1,'新增产品：第三方的对方答复是第三方','127.0.0.1','/login.php',1573203902),(871,1,'新增产品：打撒大萨达所','127.0.0.1','/login.php',1573203932),(872,1,'新增下载：十年老电工实操系列之从小白到超越中级','127.0.0.1','/login.php',1573204018),(873,1,'新增下载：范德萨范德萨','127.0.0.1','/login.php',1573204503),(874,1,'编辑下载：爱的速递撒多撒','127.0.0.1','/login.php',1573204799),(875,1,'编辑下载：爱的速递撒多撒','127.0.0.1','/login.php',1573204866),(876,1,'编辑下载：十年老电工实操系列之从小白到超越中级','127.0.0.1','/login.php',1573204904),(877,1,'编辑下载：十年老电工实操系列之从小白到超越中级','127.0.0.1','/login.php',1573204984),(878,1,'编辑下载：爱的速递撒多撒','127.0.0.1','/login.php',1573205039),(879,1,'编辑下载：爱的速递撒多撒','127.0.0.1','/login.php',1573205072),(880,1,'编辑下载：爱的速递撒多撒','127.0.0.1','/login.php',1573205123),(881,1,'编辑下载：爱的速递撒多撒','127.0.0.1','/login.php',1573205203),(882,1,'编辑下载：爱的速递撒多撒','127.0.0.1','/login.php',1573205247),(883,1,'新增文章：关于我们','127.0.0.1','/login.php',1573205850),(884,1,'新增文章：联系我们','127.0.0.1','/login.php',1573205907),(885,1,'新增文章：关于我们','127.0.0.1','/login.php',1573206003),(886,1,'新增视频：西门子S7-200SMARTPLC功能指令学习','127.0.0.1','/login.php',1573206039),(887,1,'删除文档-id：3','127.0.0.1','/login.php',1573206062),(888,1,'新增图集：t1','127.0.0.1','/login.php',1573206196),(889,-1,'自动退出','127.0.0.1','/login.php',1573355146),(890,1,'后台登录','127.0.0.1','/login.php',1573355179),(891,1,'新增文章：asddsa','127.0.0.1','/login.php',1573355229),(892,1,'新增产品：sdfdsfdsf','127.0.0.1','/login.php',1573355247),(893,1,'新增产品：saddsasad','127.0.0.1','/login.php',1573355384),(894,1,'新增产品：sfdfdssdf','127.0.0.1','/login.php',1573355408),(895,1,'新增产品：aaaa','127.0.0.1','/login.php',1573355421),(896,1,'编辑产品：bbbbb','127.0.0.1','/login.php',1573355430),(897,1,'编辑产品：ccccc','127.0.0.1','/login.php',1573355439),(898,1,'编辑产品：aaaa','127.0.0.1','/login.php',1573355640),(899,1,'编辑下载：十年老电工实操系列之从小白到超越中级','127.0.0.1','/login.php',1573359869),(900,1,'编辑下载：从小白到超越中级','127.0.0.1','/login.php',1573359960),(901,1,'编辑下载：从小白到超越中级','127.0.0.1','/login.php',1573364261),(902,1,'新增下载：范德萨的发生舒服的','127.0.0.1','/login.php',1573364628),(903,1,'编辑下载：从小白到超越中级','127.0.0.1','/login.php',1573364837),(904,1,'编辑下载：范德萨的发生舒服的','127.0.0.1','/login.php',1573364886),(905,1,'编辑下载：范德萨的发生舒服的','127.0.0.1','/login.php',1573364907),(906,1,'编辑下载：范德萨的发生舒服的','127.0.0.1','/login.php',1573364928),(907,1,'编辑下载：范德萨的发生舒服的','127.0.0.1','/login.php',1573365098),(908,1,'编辑下载：范德萨的发生舒服的','127.0.0.1','/login.php',1573365107),(909,1,'新增下载：233223','127.0.0.1','/login.php',1573365137),(910,1,'编辑下载：233223','127.0.0.1','/login.php',1573365146),(911,1,'编辑下载：十年老电工实操系列之从小白到超越中级','127.0.0.1','/login.php',1573367594),(912,1,'编辑下载：十年老电工实操系列之从小白到超越中级','127.0.0.1','/login.php',1573367649),(913,1,'编辑下载：十年老电工实操系列之从小白到超越中级','127.0.0.1','/login.php',1573367690),(914,1,'编辑下载：233223','127.0.0.1','/login.php',1573367947),(915,1,'编辑下载：范德萨的发生舒服的','127.0.0.1','/login.php',1573367956),(916,-1,'自动退出','127.0.0.1','/login.php',1573433658),(917,1,'后台登录','127.0.0.1','/login.php',1573433664),(918,1,'编辑下载：西门子S7-200SMARTPLC功能指令学习','127.0.0.1','/login.php',1573433893),(919,1,'自动退出','127.0.0.1','/login.php',1573442262),(920,-1,'自动退出','127.0.0.1','/login.php',1573442264),(921,1,'后台登录','127.0.0.1','/login.php',1573442269),(922,1,'编辑下载：233223','127.0.0.1','/login.php',1573442292),(923,1,'编辑下载：范德萨的发生舒服的','127.0.0.1','/login.php',1573442300),(924,1,'自动退出','127.0.0.1','/login.php',1573450403),(925,1,'后台登录','127.0.0.1','/login.php',1573450409),(926,1,'编辑下载：西门子S7-200SMARTPLC功能指令学习','127.0.0.1','/login.php',1573450425),(927,1,'删除会员升级级别：升级为本站高级会员','127.0.0.1','/login.php',1573451593),(928,1,'自动退出','127.0.0.1','/login.php',1573455478),(929,-1,'自动退出','127.0.0.1','/login.php',1573455480),(930,1,'后台登录','127.0.0.1','/login.php',1573455489),(931,1,'自动退出','127.0.0.1','/login.php',1573459111),(932,1,'后台登录','127.0.0.1','/login.php',1573459118),(933,1,'编辑会员：张三','127.0.0.1','/login.php',1573466704),(934,-1,'自动退出','127.0.0.1','/login.php',1573519576),(935,1,'后台登录','127.0.0.1','/login.php',1573519582),(936,1,'自动退出','127.0.0.1','/login.php',1573529653),(937,1,'后台登录','127.0.0.1','/login.php',1573529659),(938,1,'新增下载：dfsfs','127.0.0.1','/login.php',1573529677),(939,1,'编辑友情链接：百度','127.0.0.1','/login.php',1573530454),(940,1,'编辑友情链接：腾讯','127.0.0.1','/login.php',1573530468),(941,1,'编辑友情链接：新浪','127.0.0.1','/login.php',1573530478),(942,1,'编辑友情链接：淘宝','127.0.0.1','/login.php',1573530489),(943,1,'编辑友情链接：微博','127.0.0.1','/login.php',1573530498),(944,1,'自动退出','127.0.0.1','/login.php',1573537253),(945,1,'后台登录','127.0.0.1','/login.php',1573537262),(946,1,'新增栏目：学员心声','127.0.0.1','/login.php',1573537322),(947,1,'新增视频：是范德萨范德萨东方饭店','127.0.0.1','/login.php',1573537378),(948,1,'编辑下载：学员心声1','127.0.0.1','/login.php',1573537402),(949,1,'新增下载：学员心声1','127.0.0.1','/login.php',1573537431),(950,1,'新增视频：学员心声2','127.0.0.1','/login.php',1573537481),(951,1,'新增下载：学员心声2','127.0.0.1','/login.php',1573537506),(952,1,'编辑下载：学员心声1','127.0.0.1','/login.php',1573537938),(953,1,'新增栏目：热门导师','127.0.0.1','/login.php',1573542337),(954,1,'编辑栏目：热门导师','127.0.0.1','/login.php',1573542378),(955,1,'自动退出','127.0.0.1','/login.php',1573553567),(956,1,'后台登录','127.0.0.1','/login.php',1573553573),(957,-1,'自动退出','127.0.0.1','/login.php',1573609754),(958,1,'后台登录','127.0.0.1','/login.php',1573609762),(959,-1,'自动退出','61.157.76.160','/login.php',1573623951),(960,-1,'自动退出','61.157.76.160','/login.php',1573623951),(961,1,'后台登录','61.157.76.160','/login.php',1573623971),(962,1,'后台登录','61.157.76.160','/login.php',1573623984),(963,1,'删除会员：wq1991','61.157.76.160','/login.php',1573625388),(964,-1,'自动退出','61.157.76.160','/login.php',1573626229),(965,1,'后台登录','61.157.76.160','/login.php',1573626238),(966,1,'编辑广告：首页顶部图片','61.157.76.160','/login.php',1573626267),(967,1,'编辑广告：首页顶部图片','61.157.76.160','/login.php',1573626279),(968,1,'编辑广告：登陆注册页面广告','61.157.76.160','/login.php',1573626315),(969,-1,'自动退出','61.157.76.160','/login.php',1573626469),(970,1,'后台登录','61.157.76.160','/login.php',1573626478),(971,1,'编辑广告：首页顶部图片','61.157.76.160','/login.php',1573627003),(972,1,'编辑广告：首页顶部图片','61.157.76.160','/login.php',1573627034),(973,1,'编辑广告：首页顶部图片','61.157.76.160','/login.php',1573627061),(974,1,'编辑广告：首页轮播图','61.157.76.160','/login.php',1573627640),(975,1,'编辑友情链接：百度','61.157.76.160','/login.php',1573627882),(976,1,'编辑友情链接：百度','61.157.76.160','/login.php',1573628056),(977,1,'编辑友情链接：淘宝','61.157.76.160','/login.php',1573628284),(978,1,'编辑友情链接：淘宝','61.157.76.160','/login.php',1573628303),(979,1,'编辑友情链接：腾讯','61.157.76.160','/login.php',1573628560),(980,1,'编辑友情链接：新浪','61.157.76.160','/login.php',1573628578),(981,1,'编辑友情链接：腾讯','61.157.76.160','/login.php',1573628614),(982,1,'编辑友情链接：新浪','61.157.76.160','/login.php',1573628627),(983,1,'编辑友情链接：小米','61.157.76.160','/login.php',1573628713),(984,1,'编辑广告：登陆注册页面广告','61.157.76.160','/login.php',1573628835),(985,1,'编辑下载：西十年老电工实操系列之从小白到超越中级','61.157.76.160','/login.php',1573629191),(986,1,'编辑下载：西十年老电工实操系列之从小白到超越中级','61.157.76.160','/login.php',1573629217),(987,-1,'自动退出','61.157.76.160','/login.php',1573629308),(988,1,'后台登录','61.157.76.160','/login.php',1573629315),(989,-1,'自动退出','61.151.178.166','/login.php',1573629878),(990,-1,'自动退出','180.97.118.223','/login.php',1573629885),(991,-1,'自动退出','61.151.178.197','/login.php',1573629886),(992,-1,'自动退出','61.151.207.141','/login.php',1573629887),(993,-1,'自动退出','101.91.60.105','/login.php',1573629888),(994,-1,'自动退出','101.89.19.197','/login.php',1573629889),(995,-1,'自动退出','101.89.19.197','/login.php',1573629919),(996,-1,'自动退出','101.91.60.105','/login.php',1573629923),(997,-1,'自动退出','101.91.60.107','/login.php',1573629937),(998,-1,'自动退出','101.89.29.92','/login.php',1573629937),(999,-1,'自动退出','61.151.178.175','/login.php',1573629942),(1000,-1,'自动退出','101.89.239.232','/login.php',1573630149),(1001,1,'编辑图集：胡 敏','61.157.76.160','/login.php',1573630295),(1002,-1,'自动退出','101.91.60.110','/login.php',1573630334),(1003,1,'编辑图集：胡 敏','61.157.76.160','/login.php',1573630363),(1004,-1,'自动退出','101.91.60.110','/login.php',1573630413),(1005,-1,'自动退出','101.89.29.86','/login.php',1573630417),(1006,1,'编辑图集：党委支部书记：胡 敏','61.157.76.160','/login.php',1573630421),(1007,-1,'自动退出','61.151.207.141','/login.php',1573630442),(1008,-1,'自动退出','101.91.60.104','/login.php',1573630444),(1009,1,'编辑图集：党委支部书记：胡 敏','61.157.76.160','/login.php',1573630501),(1010,-1,'自动退出','101.89.239.120','/login.php',1573630552),(1011,1,'编辑栏目：工控帮团队','61.157.76.160','/login.php',1573631169),(1012,1,'编辑栏目：工控帮团队','61.157.76.160','/login.php',1573631484),(1013,1,'编辑栏目：工控帮团队','61.157.76.160','/login.php',1573631564),(1014,1,'编辑栏目：工控帮团队','61.157.76.160','/login.php',1573631800),(1015,1,'编辑文章：线下培训','61.157.76.160','/login.php',1573632074),(1016,1,'编辑文章：线下培训','61.157.76.160','/login.php',1573632372),(1017,1,'编辑文章：线下培训','61.157.76.160','/login.php',1573632436),(1018,1,'编辑文章：线下培训','61.157.76.160','/login.php',1573632487),(1019,1,'编辑文章：线下培训','61.157.76.160','/login.php',1573633018),(1020,1,'编辑文章：线下培训','61.157.76.160','/login.php',1573633346),(1021,1,'编辑文章：线下培训','61.157.76.160','/login.php',1573633425),(1022,1,'编辑文章：线下培训','61.157.76.160','/login.php',1573633454),(1023,1,'新增图集：校长 曾中华','61.157.76.160','/login.php',1573633496),(1024,1,'新增文章：企业培训','61.157.76.160','/login.php',1573633718),(1025,1,'编辑文章：企业培训','61.157.76.160','/login.php',1573634186),(1026,1,'编辑下载：西门子S7-200SMARTPLC功能指令学习','61.157.76.160','/login.php',1573635195),(1027,1,'编辑下载：西门子S7-200SMARTPLC功能指令学习','61.157.76.160','/login.php',1573635419),(1028,1,'编辑下载：EPLAN 电路设计','61.157.76.160','/login.php',1573635800),(1029,1,'编辑下载：EPLAN 电路设计','61.157.76.160','/login.php',1573635962),(1030,1,'编辑下载：CAD制图软件','61.157.76.160','/login.php',1573636036),(1031,1,'新增视频：Solidworks','61.157.76.160','/login.php',1573636383),(1032,1,'新增下载：Solidworks','61.157.76.160','/login.php',1573636529),(1033,1,'编辑下载：CAD制图软件','61.157.76.160','/login.php',1573636566),(1034,1,'删除会员：wq1991','61.157.76.160','/login.php',1573636648),(1035,1,'删除会员：wq1991','61.157.76.160','/login.php',1573636752),(1036,1,'删除会员：wq1991','61.157.76.160','/login.php',1573636951),(1037,1,'自动退出','61.157.76.160','/login.php',1573637327),(1038,-1,'自动退出','61.157.76.160','/login.php',1573637328),(1039,1,'后台登录','61.157.76.160','/login.php',1573637340),(1040,1,'新增栏目：CAD制图软件','61.157.76.160','/login.php',1573637404),(1041,1,'新增视频：CAD制图软件','61.157.76.160','/login.php',1573637538),(1042,1,'新增下载：第一课时','61.157.76.160','/login.php',1573637586),(1043,1,'新增栏目：西门子smart200','61.157.76.160','/login.php',1573637908),(1044,1,'伪删除栏目：西门子smart200','61.157.76.160','/login.php',1573637978),(1045,1,'新增栏目：西门子smart200','61.157.76.160','/login.php',1573638000),(1046,1,'伪删除栏目：西门子smart200','61.157.76.160','/login.php',1573638102),(1047,1,'编辑栏目：西门子smart200','61.157.76.160','/login.php',1573638126),(1048,1,'伪删除栏目：西门子smart200','61.157.76.160','/login.php',1573638207),(1049,1,'新增栏目：西门子smart200','61.157.76.160','/login.php',1573638246),(1050,1,'新增栏目：西门子1200','61.157.76.160','/login.php',1573638356),(1051,1,'新增栏目：西门子300','61.157.76.160','/login.php',1573638416),(1052,1,'新增栏目：西门子1500','61.157.76.160','/login.php',1573638435),(1053,1,'新增栏目：西门子400','61.157.76.160','/login.php',1573638456),(1054,1,'自动退出','61.157.76.160','/login.php',1573638462),(1055,1,'伪删除栏目：三菱PLC','61.157.76.160','/login.php',1573638524),(1056,1,'编辑栏目：西门子PLC','61.157.76.160','/login.php',1573638550),(1057,1,'新增栏目：三菱PLC ','61.157.76.160','/login.php',1573638563),(1058,1,'新增栏目：三菱fx3u','61.157.76.160','/login.php',1573638608),(1059,1,'新增栏目：三菱fx5u','61.157.76.160','/login.php',1573638629),(1060,1,'新增栏目：三菱PLCQ系列 ','61.157.76.160','/login.php',1573638653),(1061,1,'编辑栏目：PLC','61.157.76.160','/login.php',1573638824),(1062,1,'伪删除栏目：三菱PLC ','61.157.76.160','/login.php',1573638872),(1063,1,'新增栏目：三菱PLC ','61.157.76.160','/login.php',1573638889),(1064,1,'新增栏目：三菱PLCFX3U','61.157.76.160','/login.php',1573638925),(1065,1,'新增栏目：三菱PLCFX5U','61.157.76.160','/login.php',1573638944),(1066,1,'新增栏目：三菱PLCQ系列 ','61.157.76.160','/login.php',1573638962),(1067,1,'新增视频：smart-200','61.157.76.160','/login.php',1573639804),(1068,1,'编辑下载：smart-200','61.157.76.160','/login.php',1573639978),(1069,1,'编辑下载：smart-200','61.157.76.160','/login.php',1573640118),(1070,1,'新增下载：PLC基础','61.157.76.160','/login.php',1573641064),(1071,1,'删除会员：张三','61.157.76.160','/login.php',1573641142),(1072,1,'删除会员：wq1991','61.157.76.160','/login.php',1573641145),(1073,1,'批量新增会员：Array','61.157.76.160','/login.php',1573641212),(1074,1,'编辑会员：CDPLC1','61.157.76.160','/login.php',1573641286),(1075,1,'编辑下载：PLC基础','61.157.76.160','/login.php',1573641379),(1076,1,'自动退出','61.157.76.160','/login.php',1573643343),(1077,1,'后台登录','61.157.76.160','/login.php',1573643352),(1078,1,'编辑下载：PLC基础','61.157.76.160','/login.php',1573643560),(1079,1,'编辑下载：PLC基础','61.157.76.160','/login.php',1573645065),(1080,1,'新增下载：第二节：PLC接线','61.157.76.160','/login.php',1573645304),(1081,1,'新增栏目：手机组态软件','61.157.76.160','/login.php',1573645446),(1082,1,'新增栏目：触摸屏','61.157.76.160','/login.php',1573645487),(1083,1,'编辑下载：第一节：PLC基础','61.157.76.160','/login.php',1573646161),(1084,-1,'自动退出','61.157.76.160','/login.php',1573646739),(1085,1,'后台登录','61.157.76.160','/login.php',1573646750),(1086,1,'编辑栏目：下载中心','61.157.76.160','/login.php',1573646800),(1087,1,'新增数据：西门子GT软件下载','61.157.76.160','/login.php',1573646902),(1088,1,'新增数据：三菱触摸屏GT Designer2 V2.79H软件下载','61.157.76.160','/login.php',1573646931),(1089,1,'编辑栏目：下载中心','61.157.76.160','/login.php',1573646990),(1090,1,'编辑下载：第二节：PLC接线','61.157.76.160','/login.php',1573647262),(1091,1,'编辑下载：第二节：PLC接线','61.157.76.160','/login.php',1573647372),(1092,1,'新增下载：第三节：编程软件应用','61.157.76.160','/login.php',1573647565),(1093,1,'编辑下载：第三节：编程软件安装','61.157.76.160','/login.php',1573648182),(1094,1,'编辑文章：三菱触摸屏GT Designer2 V2.79H软件下载','61.157.76.160','/login.php',1573648307),(1095,1,'编辑文章：西门子GT软件下载','61.157.76.160','/login.php',1573648313),(1096,1,'安全退出','61.157.76.160','/login.php',1573648424),(1097,-1,'自动退出','61.157.76.160','/login.php',1573648425),(1098,-1,'自动退出','61.129.7.235','/login.php',1573648428),(1099,-1,'自动退出','61.151.207.141','/login.php',1573648434),(1100,-1,'自动退出','180.97.118.223','/login.php',1573648435),(1101,1,'后台登录','61.157.76.160','/login.php',1573648437),(1102,-1,'自动退出','101.91.60.107','/login.php',1573648501),(1103,-1,'自动退出','180.97.118.223','/login.php',1573648509),(1104,-1,'自动退出','61.129.6.251','/login.php',1573648512),(1105,1,'编辑文章：西门子GT软件下载','61.157.76.160','/login.php',1573648590),(1106,-1,'自动退出','101.91.60.104','/login.php',1573648738),(1107,-1,'自动退出','101.91.60.108','/login.php',1573648749),(1108,-1,'自动退出','101.89.29.97','/login.php',1573648759),(1109,1,'新增下载：第四节：编程软件应用','61.157.76.160','/login.php',1573648858),(1110,1,'编辑下载：第四节：编程软件应用','61.157.76.160','/login.php',1573649071),(1111,1,'新增下载：第五节：工作原理','61.157.76.160','/login.php',1573649264),(1112,-1,'自动退出','61.157.76.160','/login.php',1573649938),(1113,1,'后台登录','61.157.76.160','/login.php',1573649953),(1114,1,'编辑下载：第二节：PLC接线','61.157.76.160','/login.php',1573649987),(1115,1,'编辑下载：第二节：PLC接线','61.157.76.160','/login.php',1573650943),(1116,1,'编辑栏目：精品课程','61.157.76.160','/login.php',1573651742),(1117,1,'编辑文章：西门子软件下载','61.157.76.160','/login.php',1573651814),(1118,1,'编辑广告：首页轮播图','61.157.76.160','/login.php',1573651832),(1119,1,'新增数据：西门子Smart-200 v2.4','61.157.76.160','/login.php',1573651947),(1120,1,'编辑文章：西门子Smart-200 v2.4','61.157.76.160','/login.php',1573652257),(1121,1,'新增数据：西门子200下载线驱动','61.157.76.160','/login.php',1573652451),(1122,1,'编辑广告：首页轮播图','61.157.76.160','/login.php',1573653263),(1123,1,'编辑下载：三凌FX-3U','61.157.76.160','/login.php',1573653716),(1124,1,'新增数据：三菱GX-works','61.157.76.160','/login.php',1573653778),(1125,1,'编辑下载：三凌FX-3U','61.157.76.160','/login.php',1573653804),(1126,1,'编辑文章：三菱GX-works2','61.157.76.160','/login.php',1573653806),(1127,1,'编辑下载：smart-200','61.157.76.160','/login.php',1573653898),(1128,1,'编辑下载：smart-200','61.157.76.160','/login.php',1573653913),(1129,1,'编辑文章：西门子Smart-200 v2.4','61.157.76.160','/login.php',1573653945),(1130,1,'编辑文章：西门子Smart-200 v2.4','61.157.76.160','/login.php',1573654238),(1131,-1,'自动退出','101.91.60.107','/login.php',1573654379),(1132,-1,'自动退出','61.129.6.251','/login.php',1573654380),(1133,-1,'自动退出','101.89.19.197','/login.php',1573654381),(1134,1,'编辑会员：CDPLC2','61.157.76.160','/login.php',1573654470),(1135,1,'新增数据：西门子Smart-200 v2.4','61.157.76.160','/login.php',1573654617),(1136,1,'自动退出','61.157.76.160','/login.php',1573655153),(1137,1,'后台登录','61.157.76.160','/login.php',1573655160),(1138,-1,'自动退出','112.44.100.29','/login.php',1573657255),(1139,1,'后台登录','112.44.100.29','/login.php',1573657275),(1140,1,'编辑文章：西门子Smart-200 v2.4','112.44.100.29','/login.php',1573657608),(1141,1,'编辑文章：S7-200编程软件','112.44.100.29','/login.php',1573658469),(1142,1,'新增数据：三菱plc数据线USB-SC09-FX驱动','112.44.100.29','/login.php',1573658980),(1143,1,'新增数据：三菱PLC dotnetfx35','112.44.100.29','/login.php',1573659164),(1144,1,'新增数据：三菱注册 ID号','112.44.100.29','/login.php',1573659244),(1145,1,'编辑文章：联系我们','112.44.100.29','/login.php',1573659492),(1146,1,'编辑文章：联系我们','112.44.100.29','/login.php',1573659623),(1147,1,'编辑下载：smart-200','112.44.100.29','/login.php',1573660164),(1148,1,'编辑图集：校长： 曾中华','112.44.100.29','/login.php',1573660529),(1149,1,'新增视频：西门子PLC与编码器','112.44.100.29','/login.php',1573661800),(1150,1,'编辑下载：西门子PLC与编码器','112.44.100.29','/login.php',1573661903),(1151,1,'新增视频：samrt-200步进与伺服','112.44.100.29','/login.php',1573661973),(1152,1,'新增视频：smart-200模拟量与数字量','112.44.100.29','/login.php',1573662278),(1153,1,'新增视频：smart-200通信','112.44.100.29','/login.php',1573662305),(1154,1,'编辑下载：smart-200通信','112.44.100.29','/login.php',1573662411),(1155,1,'删除文档-id：159','112.44.100.29','/login.php',1573662441),(1156,1,'新增视频：samrt-200 通信','112.44.100.29','/login.php',1573662491),(1157,1,'新增数据：三菱GX-WORKS3','112.44.100.29','/login.php',1573662683),(1158,1,'新增视频：samrt-200中断','112.44.100.29','/login.php',1573662879),(1159,1,'新增视频：smart-200子程序调用','112.44.100.29','/login.php',1573662913),(1160,1,'新增视频：samrt-200 PID调节','112.44.100.29','/login.php',1573663040),(1161,1,'编辑下载：samrt-200 PID调节','112.44.100.29','/login.php',1573663099),(1162,1,'编辑下载：smart-200子程序调用','112.44.100.29','/login.php',1573663129),(1163,1,'编辑下载：samrt-200 通信','112.44.100.29','/login.php',1573664229),(1164,1,'编辑下载：samrt-200 PID调节','112.44.100.29','/login.php',1573664421),(1165,1,'编辑下载：samrt-200步进与伺服','112.44.100.29','/login.php',1573664607),(1166,1,'编辑下载：samrt-200中断','112.44.100.29','/login.php',1573665203),(1167,1,'编辑下载：西门子PLC与编码器','112.44.100.29','/login.php',1573665555),(1168,1,'编辑下载：samrt-200 PID调节','112.44.100.29','/login.php',1573665983),(1169,1,'编辑下载：smart-200子程序调用','112.44.100.29','/login.php',1573666013),(1170,1,'编辑下载：samrt-200中断','112.44.100.29','/login.php',1573666029),(1171,1,'编辑文章：关于我们','112.44.100.29','/login.php',1573666242),(1172,1,'编辑文章：关于我们','112.44.100.29','/login.php',1573666347),(1173,1,'删除栏目：张三','112.44.100.29','/login.php',1573666610),(1174,1,'删除栏目：三菱PLCQ系列 ','112.44.100.29','/login.php',1573666615),(1175,1,'删除栏目：三菱fx5u','112.44.100.29','/login.php',1573666618),(1176,1,'删除栏目：三菱PLC ','112.44.100.29','/login.php',1573666620),(1177,1,'删除栏目：三菱PLC','112.44.100.29','/login.php',1573666623),(1178,1,'删除栏目：西门子smart200','112.44.100.29','/login.php',1573666626),(1179,1,'删除栏目：西门子smart200','112.44.100.29','/login.php',1573666628),(1180,1,'删除栏目：分段瑟瑟发抖','112.44.100.29','/login.php',1573666631),(1181,1,'新增数据：博图v15','112.44.100.29','/login.php',1573666778),(1182,1,'编辑文章：博图v15','112.44.100.29','/login.php',1573670169),(1183,-1,'自动退出','61.157.76.160','/login.php',1573696274),(1184,1,'后台登录','61.157.76.160','/login.php',1573696284),(1185,1,'编辑下载：学员心声1','61.157.76.160','/login.php',1573696332),(1186,1,'编辑下载：学员心声2','61.157.76.160','/login.php',1573696503),(1187,1,'新增视频：学院新声3','61.157.76.160','/login.php',1573696566),(1188,1,'编辑下载：学院心声3','61.157.76.160','/login.php',1573696584),(1189,1,'新增视频：学员心声4','61.157.76.160','/login.php',1573696601),(1190,1,'编辑广告：首页顶部图片','61.157.76.160','/login.php',1573697419),(1191,-1,'自动退出','61.157.76.160','/login.php',1573697426),(1192,1,'后台登录','61.157.76.160','/login.php',1573697432),(1193,1,'编辑下载：CAD制图软件','61.157.76.160','/login.php',1573698890),(1194,1,'编辑下载：CAD制图软件','61.157.76.160','/login.php',1573699056),(1195,1,'编辑下载：CAD制图软件','61.157.76.160','/login.php',1573699137),(1196,1,'编辑下载：CAD制图软件','61.157.76.160','/login.php',1573699212),(1197,1,'编辑下载：smart-200','61.157.76.160','/login.php',1573699921),(1198,1,'编辑下载：smart-200','61.157.76.160','/login.php',1573699957),(1199,1,'编辑下载：Solidworks','61.157.76.160','/login.php',1573700215),(1200,1,'编辑下载：三凌FX-3U','61.157.76.160','/login.php',1573700371),(1201,1,'删除文档-id：198','61.157.76.160','/login.php',1573700507),(1202,1,'删除文档-id：153','61.157.76.160','/login.php',1573700515),(1203,1,'新增视频：Solidworks','61.157.76.160','/login.php',1573700566),(1204,1,'删除文档-id：7','61.157.76.160','/login.php',1573700712),(1205,1,'新增视频：EPLAN 电路设计','61.157.76.160','/login.php',1573700736),(1206,1,'编辑栏目：制图软件','61.157.76.160','/login.php',1573700908),(1207,1,'编辑下载：EPLAN 电路设计','61.157.76.160','/login.php',1573701068),(1208,1,'新增下载：第一节','61.157.76.160','/login.php',1573701160),(1209,1,'编辑下载：学员心声1','61.157.76.160','/login.php',1573701719),(1210,1,'编辑下载：学员心声2','61.157.76.160','/login.php',1573701742),(1211,1,'编辑下载：学院心声3','61.157.76.160','/login.php',1573701752),(1212,1,'编辑下载：学员心声4','61.157.76.160','/login.php',1573701762),(1213,1,'编辑广告：首页轮播图','61.157.76.160','/login.php',1573702651),(1214,1,'新增栏目：案例课程','61.157.76.160','/login.php',1573702902),(1215,1,'自动退出','61.157.76.160','/login.php',1573702951),(1216,-1,'自动退出','61.157.76.160','/login.php',1573703095),(1217,1,'后台登录','61.157.76.160','/login.php',1573703122),(1218,-1,'自动退出','61.151.178.166','/login.php',1573703205),(1219,1,'新增下载：数据存储结构','61.157.76.160','/login.php',1573703286),(1220,1,'新增下载：MOV 传送指令','61.157.76.160','/login.php',1573703436),(1221,1,'编辑下载：MOV 传送指令','61.157.76.160','/login.php',1573703573),(1222,1,'编辑下载：数据存储结构','61.157.76.160','/login.php',1573703582),(1223,-1,'自动退出','61.157.76.160','/login.php',1573703645),(1224,1,'后台登录','61.157.76.160','/login.php',1573703662),(1225,1,'编辑下载：第四节：编程软件应用','61.157.76.160','/login.php',1573704099),(1226,1,'编辑下载：smart-200','61.157.76.160','/login.php',1573705862),(1227,1,'后台登录','61.157.76.160','/login.php',1573706359),(1228,1,'新增下载：第一节：位逻辑','61.157.76.160','/login.php',1573706389),(1229,1,'新增下载：第二节：变频器','61.157.76.160','/login.php',1573707392),(1230,1,'编辑下载：第二节：变频器','61.157.76.160','/login.php',1573707469),(1231,1,'新增下载：第三节：变频器','61.157.76.160','/login.php',1573709898),(1232,1,'自动退出','61.157.76.160','/login.php',1573710472),(1233,-1,'自动退出','61.157.76.160','/login.php',1573710473),(1234,1,'后台登录','61.157.76.160','/login.php',1573710489),(1235,1,'编辑栏目：产品\\手机组态\\中心','61.157.76.160','/login.php',1573710740),(1236,1,'编辑产品：案例1','61.157.76.160','/login.php',1573710761),(1237,1,'编辑栏目：产品\\手机组态\\中心','61.157.76.160','/login.php',1573710790),(1238,-1,'自动退出','61.157.76.160','/login.php',1573710833),(1239,1,'后台登录','61.157.76.160','/login.php',1573710840),(1240,-1,'自动退出','101.89.19.149','/login.php',1573710852),(1241,1,'编辑产品：aaaa','61.157.76.160','/login.php',1573710879),(1242,1,'编辑产品：bbbbb','61.157.76.160','/login.php',1573710896),(1243,1,'编辑产品：ccccc','61.157.76.160','/login.php',1573710916),(1244,-1,'自动退出','101.91.60.107','/login.php',1573710983),(1245,-1,'自动退出','61.151.178.236','/login.php',1573711005),(1246,-1,'自动退出','101.89.239.232','/login.php',1573711669),(1247,1,'编辑广告：首页顶部图片','61.157.76.160','/login.php',1573712250),(1248,1,'新增图集：助教：曾知贱','61.157.76.160','/login.php',1573712444),(1249,1,'新增下载：第一节：定时器','61.157.76.160','/login.php',1573712701),(1250,1,'编辑下载：第一节：定时器','61.157.76.160','/login.php',1573712807),(1251,1,'新增下载：第二节：计数器','61.157.76.160','/login.php',1573714251),(1252,1,'编辑下载：第二节：计数器','61.157.76.160','/login.php',1573714265),(1253,-1,'自动退出','61.157.76.160','/login.php',1573714489),(1254,1,'后台登录','61.157.76.160','/login.php',1573714539),(1255,1,'编辑下载：samrt-200 通信','61.157.76.160','/login.php',1573714566),(1256,1,'编辑产品：案例1','61.157.76.160','/login.php',1573715003),(1257,1,'编辑产品：案例1','61.157.76.160','/login.php',1573715119),(1258,1,'编辑产品：案例1','61.157.76.160','/login.php',1573715341),(1259,1,'新增下载：转换指令','61.157.76.160','/login.php',1573715672),(1260,1,'自动退出','61.157.76.160','/login.php',1573716309),(1261,1,'后台登录','61.157.76.160','/login.php',1573716315),(1262,-1,'自动退出','61.157.76.160','/login.php',1573718593),(1263,-1,'自动退出','61.157.76.160','/login.php',1573718594),(1264,1,'后台登录','61.157.76.160','/login.php',1573718602),(1265,1,'新增下载：整数\\浮点数运算','61.157.76.160','/login.php',1573719496),(1266,1,'编辑下载：整数\\浮点数运算','61.157.76.160','/login.php',1573719574),(1267,1,'编辑下载：整数浮点数运算','61.157.76.160','/login.php',1573719645),(1268,1,'编辑下载：整数浮点数运算','61.157.76.160','/login.php',1573719994),(1269,1,'新增下载：第一节：移位寄存器','61.157.76.160','/login.php',1573720208),(1270,1,'新增图集：总工程师：王诚','61.157.76.160','/login.php',1573720864),(1271,1,'新增下载：第二节：移位循环指令','61.157.76.160','/login.php',1573721282),(1272,1,'编辑下载：第二节：移位循环指令','61.157.76.160','/login.php',1573721423),(1273,1,'新增下载：比较指令','61.157.76.160','/login.php',1573723504),(1274,1,'编辑下载：比较指令','61.157.76.160','/login.php',1573723536),(1275,1,'自动退出','61.157.76.160','/login.php',1573724190),(1276,1,'后台登录','61.157.76.160','/login.php',1573724196),(1277,1,'编辑栏目：加盟中心','61.157.76.160','/login.php',1573724213),(1278,1,'编辑栏目：加盟中心','61.157.76.160','/login.php',1573724237),(1279,1,'编辑栏目：加盟中心','61.157.76.160','/login.php',1573724473),(1280,1,'编辑栏目：加盟中心','61.157.76.160','/login.php',1573724928),(1281,1,'新增视频：fsddf','61.157.76.160','/login.php',1573725374),(1282,1,'删除文档-id：168','61.157.76.160','/login.php',1573725396),(1283,1,'编辑栏目：加盟中心','61.157.76.160','/login.php',1573725528),(1284,1,'编辑栏目：加盟中心','61.157.76.160','/login.php',1573725706),(1285,1,'编辑栏目：加盟中心','61.157.76.160','/login.php',1573725751),(1286,1,'编辑栏目：加盟中心','61.157.76.160','/login.php',1573725785),(1287,1,'新增下载：第一节：顺控指令','61.157.76.160','/login.php',1573727780),(1288,-1,'自动退出','117.136.70.59','/login.php',1573729014),(1289,-1,'自动退出','112.44.100.29','/login.php',1573730998),(1290,1,'后台登录','112.44.100.29','/login.php',1573731024),(1291,1,'编辑下载：第一节：PLC基础','112.44.100.29','/login.php',1573731272),(1292,1,'编辑下载：第一节：顺控指令','112.44.100.29','/login.php',1573731823),(1293,1,'编辑下载：第一节：顺控指令','112.44.100.29','/login.php',1573732919),(1294,-1,'自动退出','112.44.100.29','/login.php',1573737722),(1295,1,'后台登录','112.44.100.29','/login.php',1573737765),(1296,1,'新增视频：手机组态软件','112.44.100.29','/login.php',1573738101),(1297,1,'新增下载：第一节','112.44.100.29','/login.php',1573738269),(1298,-1,'自动退出','112.44.100.29','/login.php',1573738458),(1299,1,'后台登录','112.44.100.29','/login.php',1573738485),(1300,1,'新增下载：第二节','112.44.100.29','/login.php',1573738534),(1301,1,'编辑下载：第一节','112.44.100.29','/login.php',1573738559),(1302,1,'编辑下载：第一节','112.44.100.29','/login.php',1573738576),(1303,1,'编辑下载：第二节','112.44.100.29','/login.php',1573738597),(1304,1,'编辑下载：第二节','112.44.100.29','/login.php',1573738665),(1305,1,'新增下载：第三节','112.44.100.29','/login.php',1573738762),(1306,1,'新增下载：第三节','112.44.100.29','/login.php',1573738864),(1307,1,'新增下载：第四节','112.44.100.29','/login.php',1573739040),(1308,1,'新增下载：第五节','112.44.100.29','/login.php',1573739168),(1309,1,'新增下载：第六节','112.44.100.29','/login.php',1573739230),(1310,1,'新增下载：第七节','112.44.100.29','/login.php',1573739297),(1311,1,'新增下载：第八节','112.44.100.29','/login.php',1573739346),(1312,1,'新增下载：第九节','112.44.100.29','/login.php',1573739420),(1313,1,'删除文档-id：237','112.44.100.29','/login.php',1573739571),(1314,1,'编辑下载：第九节','112.44.100.29','/login.php',1573739791),(1315,1,'编辑下载：第八节','112.44.100.29','/login.php',1573739824),(1316,1,'编辑下载：第八节','112.44.100.29','/login.php',1573739890),(1317,1,'编辑下载：第八节','112.44.100.29','/login.php',1573739990),(1318,-1,'自动退出','112.44.100.29','/login.php',1573740122),(1319,1,'后台登录','112.44.100.29','/login.php',1573740148),(1320,1,'编辑下载：第八节','112.44.100.29','/login.php',1573740294),(1321,1,'编辑下载：第八节','112.44.100.29','/login.php',1573740312),(1322,-1,'自动退出','117.175.186.221','/login.php',1573741607),(1323,1,'后台登录','117.175.186.221','/login.php',1573741617),(1324,-1,'自动退出','183.192.164.214','/login.php',1573741681),(1325,-1,'自动退出','183.192.164.56','/login.php',1573741685),(1326,-1,'自动退出','120.204.17.68','/login.php',1573741691),(1327,-1,'自动退出','120.204.17.73','/login.php',1573741691),(1328,-1,'自动退出','120.204.17.73','/login.php',1573741697),(1329,-1,'自动退出','112.44.100.29','/login.php',1573741706),(1330,-1,'自动退出','120.204.17.68','/login.php',1573741707),(1331,-1,'自动退出','112.44.100.29','/login.php',1573741708),(1332,-1,'自动退出','120.204.17.73','/login.php',1573741728),(1333,-1,'自动退出','183.192.164.56','/login.php',1573741733),(1334,-1,'自动退出','120.204.17.68','/login.php',1573741746),(1335,-1,'自动退出','120.204.17.70','/login.php',1573741753),(1336,1,'编辑下载：第二节','117.175.186.221','/login.php',1573742022),(1337,-1,'自动退出','120.204.17.70','/login.php',1573742084),(1338,-1,'自动退出','112.44.100.29','/login.php',1573742208),(1339,1,'后台登录','112.44.100.29','/login.php',1573742252),(1340,1,'编辑下载：第六节','112.44.100.29','/login.php',1573742633),(1341,-1,'自动退出','183.192.164.214','/login.php',1573742653),(1342,-1,'自动退出','120.204.17.73','/login.php',1573742659),(1343,-1,'自动退出','183.192.164.85','/login.php',1573742661),(1344,1,'编辑下载：第一节：顺控指令','112.44.100.29','/login.php',1573744229),(1345,-1,'自动退出','117.175.186.221','/login.php',1573744466),(1346,-1,'自动退出','112.44.100.29','/login.php',1573744621),(1347,1,'后台登录','112.44.100.29','/login.php',1573744637),(1348,-1,'自动退出','117.175.186.221','/login.php',1573744721),(1349,1,'后台登录','117.175.186.221','/login.php',1573744735),(1350,-1,'自动退出','120.204.17.70','/login.php',1573744803),(1351,-1,'自动退出','121.51.32.144','/login.php',1573744808),(1352,-1,'自动退出','120.204.17.68','/login.php',1573744813),(1353,-1,'自动退出','183.192.164.85','/login.php',1573744919),(1354,-1,'自动退出','120.204.17.70','/login.php',1573745023),(1355,-1,'自动退出','183.192.164.85','/login.php',1573745030),(1356,-1,'自动退出','120.204.17.68','/login.php',1573745187),(1357,-1,'自动退出','183.192.164.85','/login.php',1573745189),(1358,-1,'自动退出','120.204.17.68','/login.php',1573745190),(1359,-1,'自动退出','121.51.32.144','/login.php',1573745191),(1360,-1,'自动退出','183.192.164.85','/login.php',1573745198),(1361,-1,'自动退出','120.204.17.70','/login.php',1573745198),(1362,-1,'自动退出','121.51.32.144','/login.php',1573745199),(1363,-1,'自动退出','120.204.17.71','/login.php',1573745207),(1364,-1,'自动退出','112.44.100.29','/login.php',1573745233),(1365,-1,'自动退出','120.204.17.68','/login.php',1573745288),(1366,-1,'自动退出','183.192.164.85','/login.php',1573745325),(1367,-1,'自动退出','120.204.17.68','/login.php',1573745369),(1368,-1,'自动退出','61.157.76.160','/login.php',1573778723),(1369,1,'后台登录','61.157.76.160','/login.php',1573778729),(1370,-1,'自动退出','61.157.76.160','/login.php',1573780068),(1371,1,'后台登录','61.157.76.160','/login.php',1573780075),(1372,-1,'自动退出','61.157.76.160','/login.php',1573780172),(1373,1,'后台登录','61.157.76.160','/login.php',1573780178),(1374,1,'自动退出','61.157.76.160','/login.php',1573784786),(1375,1,'后台登录','61.157.76.160','/login.php',1573784797),(1376,1,'新增下载：dsa ','61.157.76.160','/login.php',1573784837),(1377,1,'删除文档-id：244','61.157.76.160','/login.php',1573784852),(1378,1,'新增下载：dsa ','61.157.76.160','/login.php',1573784926),(1379,1,'删除文档-id：245','61.157.76.160','/login.php',1573784934),(1380,1,'编辑栏目：热门导师','61.157.76.160','/login.php',1573788476),(1381,1,'新增图集：胡 敏','61.157.76.160','/login.php',1573788498),(1382,1,'新增图集：王 诚','61.157.76.160','/login.php',1573788514),(1383,1,'新增图集：曾知贱','61.157.76.160','/login.php',1573788532),(1384,-1,'自动退出','86.218.17.235','/admin/images/Sql.asp',1574021571),(1385,-1,'自动退出','106.47.28.188','/admin.html',1574093540),(1386,-1,'自动退出','171.223.63.39','/login.php',1574134642),(1387,-1,'自动退出','171.223.63.39','/login.php',1574134688),(1388,-1,'自动退出','61.151.178.236','/login.php',1574134701),(1389,1,'后台登录','171.223.63.39','/login.php',1574134729),(1390,1,'新增数据：手机触摸屏软件','171.223.63.39','/login.php',1574134815),(1391,1,'编辑文章：手机触摸屏软件','171.223.63.39','/login.php',1574134853),(1392,1,'编辑文章：手机触摸屏软件','171.223.63.39','/login.php',1574134888),(1393,-1,'自动退出','171.223.63.39','/login.php',1574152528),(1394,1,'后台登录','171.223.63.39','/login.php',1574152548),(1395,1,'编辑会员：曾小贱','171.223.63.39','/login.php',1574152626),(1396,-1,'自动退出','61.157.76.160','/login.php',1574152770),(1397,1,'后台登录','61.157.76.160','/login.php',1574152786),(1398,-1,'自动退出','61.157.76.160','/login.php',1574155600),(1399,1,'后台登录','61.157.76.160','/login.php',1574155607),(1400,1,'编辑文章：三菱GX-works2','171.223.63.39','/login.php',1574155845),(1401,1,'编辑文章：三菱GX-works2','171.223.63.39','/login.php',1574157055),(1402,1,'删除会员：张','61.157.76.160','/login.php',1574157357),(1403,1,'删除会员：李四','61.157.76.160','/login.php',1574157363),(1404,-1,'自动退出','112.44.100.29','/login.php',1574172406),(1405,1,'后台登录','112.44.100.29','/login.php',1574172428),(1406,1,'编辑下载：手机组态软件','112.44.100.29','/login.php',1574172984),(1407,1,'删除订单：20191112157355369866,20191112157355439353,20191113157360639774,20191113157360848968,20191113157362000160,20191113157362453330,20191113157362944237,20191113157364132916,20191113157364139145,20191113157364155861,20191113157364704963,20191113157364711815','112.44.100.29','/login.php',1574173484),(1408,1,'删除订单：20191114157371305069,20191114157371383258,20191114157371514422,20191114157371524826,20191114157371543225,20191114157371585996,20191114157372359216,20191114157372359552,20191114157372372073,20191114157372378220,20191114157372418575,20191114157372564410,20191114157372802217,20191119157413489714,20191119157415179249','112.44.100.29','/login.php',1574173504),(1409,1,'删除订单：20191113157364838179,20191113157364838536,20191113157364874746,20191113157365268040,20191113157365276129,20191113157365453332,20191113157365974043,20191114157366565867,20191114157366593341,20191114157371082560,20191114157371159337,20191114157371174820,20191114157371225348,20191114157371271889,20191114157371276953','112.44.100.29','/login.php',1574173511),(1410,-1,'自动退出','117.139.249.193','/login.php',1574217390),(1411,-1,'自动退出','171.223.63.39','/login.php',1574230495),(1412,1,'后台登录','171.223.63.39','/login.php',1574230534),(1413,1,'新增数据：串口调试软件','171.223.63.39','/login.php',1574230595),(1414,1,'编辑文章：串口调试软件','171.223.63.39','/login.php',1574230619),(1415,-1,'自动退出','61.157.76.160','/login.php',1574245105),(1416,-1,'自动退出','61.157.76.160','/login.php',1574245147),(1417,1,'后台登录','61.157.76.160','/login.php',1574245163),(1418,-1,'自动退出','171.223.63.39','/login.php',1574279589),(1419,1,'后台登录','171.223.63.39','/login.php',1574279646),(1420,1,'新增数据：向日葵远程操作','171.223.63.39','/login.php',1574279755),(1421,-1,'自动退出','61.157.76.160','/login.php',1574404918),(1422,1,'后台登录','61.157.76.160','/login.php',1574404926),(1423,-1,'自动退出','112.74.109.62','/admin/ueditor/net/controller.ashx',1574535856),(1424,-1,'自动退出','117.172.8.165','/login.php',1574590525),(1425,1,'后台登录','117.172.8.165','/login.php',1574590537),(1426,1,'编辑会员：曾小贱','117.172.8.165','/login.php',1574591382),(1427,-1,'自动退出','61.157.76.160','/login.php',1574652819),(1428,1,'后台登录','61.157.76.160','/login.php',1574652827),(1429,-1,'自动退出','61.157.76.160','/login.php',1574660212),(1430,1,'后台登录','61.157.76.160','/login.php',1574660218),(1431,1,'编辑栏目：关于工控','61.157.76.160','/login.php',1574660242),(1432,-1,'自动退出','61.157.76.160','/login.php',1574661330),(1433,-1,'自动退出','194.239.19.45','//admin/images/Sql.asp',1574669115),(1434,-1,'自动退出','61.157.76.160','/login.php',1574731513),(1435,1,'后台登录','61.157.76.160','/login.php',1574731519),(1436,1,'编辑下载：第一节：移位寄存器','61.157.76.160','/login.php',1574731577),(1437,1,'编辑会员：sdadsa','61.157.76.160','/login.php',1574737157),(1438,1,'编辑会员：sdadsa','61.157.76.160','/login.php',1574737294),(1439,1,'自动退出','61.157.76.160','/login.php',1574746614),(1440,-1,'自动退出','50.158.30.171','//admin/images/Sql.asp',1574749597),(1441,-1,'自动退出','61.157.76.160','/login.php',1574757579),(1442,1,'后台登录','61.157.76.160','/login.php',1574757585),(1443,-1,'自动退出','61.157.76.160','/login.php',1574930866),(1444,1,'后台登录','61.157.76.160','/login.php',1574930880),(1445,-1,'自动退出','117.176.127.232','/login.php',1575114485),(1446,1,'后台登录','117.176.127.232','/login.php',1575114498),(1447,-1,'自动退出','120.204.17.73','/login.php',1575114547),(1448,-1,'自动退出','183.192.164.214','/login.php',1575114559),(1449,-1,'自动退出','120.204.17.73','/login.php',1575114560),(1450,-1,'自动退出','183.192.164.85','/login.php',1575114560),(1451,-1,'自动退出','223.104.9.189','/login.php',1575179064),(1452,1,'后台登录','223.104.9.189','/login.php',1575179102),(1453,1,'编辑会员：用户8743','223.104.9.189','/login.php',1575179124),(1454,-1,'自动退出','117.175.131.24','/login.php',1575179672),(1455,1,'后台登录','117.175.131.24','/login.php',1575179687),(1456,1,'编辑会员：sdadsa','117.175.131.24','/login.php',1575179714),(1457,-1,'自动退出','112.44.105.72','/login.php',1575340809),(1458,1,'后台登录','112.44.105.72','/login.php',1575340865),(1459,-1,'自动退出','61.157.76.160','/login.php',1575340909),(1460,1,'后台登录','61.157.76.160','/login.php',1575340919),(1461,1,'编辑下载：第三节：变频器','112.44.105.72','/login.php',1575341071),(1462,1,'编辑下载：数据存储结构','112.44.105.72','/login.php',1575341119),(1463,1,'编辑下载：第四节：编程软件应用','112.44.105.72','/login.php',1575341152),(1464,1,'编辑下载：MOV 传送指令','112.44.105.72','/login.php',1575341184),(1465,1,'编辑下载：第一节：位逻辑','112.44.105.72','/login.php',1575341249),(1466,1,'编辑下载：第二节：计数器','112.44.105.72','/login.php',1575341283),(1467,1,'编辑下载：转换指令','112.44.105.72','/login.php',1575341297),(1468,1,'编辑下载：整数浮点数运算','112.44.105.72','/login.php',1575341340),(1469,1,'编辑下载：第一节：顺控指令','112.44.105.72','/login.php',1575341355),(1470,1,'编辑下载：smart-200','112.44.105.72','/login.php',1575341399),(1471,1,'编辑下载：比较指令','112.44.105.72','/login.php',1575341422),(1472,1,'编辑下载：第二节：移位循环指令','112.44.105.72','/login.php',1575341433),(1473,1,'编辑下载：整数浮点数运算','112.44.105.72','/login.php',1575341442),(1474,1,'编辑下载：第一节：顺控指令','112.44.105.72','/login.php',1575341485),(1475,1,'编辑下载：比较指令','112.44.105.72','/login.php',1575341501),(1476,1,'编辑下载：第二节：变频器','112.44.105.72','/login.php',1575341525),(1477,1,'编辑下载：第一节：定时器','112.44.105.72','/login.php',1575341536),(1478,1,'编辑下载：第二节：计数器','112.44.105.72','/login.php',1575341547),(1479,1,'编辑下载：第一节：顺控指令','112.44.105.72','/login.php',1575341612),(1480,1,'编辑下载：比较指令','112.44.105.72','/login.php',1575341626),(1481,1,'编辑下载：第三节：变频器','112.44.105.72','/login.php',1575341644),(1482,1,'编辑下载：第一节：定时器','112.44.105.72','/login.php',1575341682),(1483,1,'编辑下载：第二节：计数器','112.44.105.72','/login.php',1575341690),(1484,1,'编辑下载：第二节：移位循环指令','112.44.105.72','/login.php',1575341749),(1485,1,'编辑下载：第二节：变频器','112.44.105.72','/login.php',1575341772),(1486,1,'编辑下载：第一节：移位寄存器','112.44.105.72','/login.php',1575341806),(1487,1,'编辑下载：smart-200  注册会员30元 学习所有的基本课程','112.44.105.72','/login.php',1575342018),(1488,1,'新增会员级别：注册会员,中级会员,高级会员','112.44.105.72','/login.php',1575342449),(1489,1,'删除会员：用户2872','112.44.105.72','/login.php',1575343597),(1490,1,'删除会员：用户3496','112.44.105.72','/login.php',1575343600),(1491,1,'删除会员：用户5923','112.44.105.72','/login.php',1575343602),(1492,1,'删除会员：用户4679','112.44.105.72','/login.php',1575343605),(1493,1,'删除会员：用户2707','112.44.105.72','/login.php',1575343614),(1494,1,'删除会员：王诚','112.44.105.72','/login.php',1575343621),(1495,-1,'自动退出','112.114.102.158','//admin',1575354061),(1496,-1,'自动退出','61.140.108.146','/admin',1575396201),(1497,-1,'自动退出','61.140.108.146','/admin/',1575396201),(1498,-1,'自动退出','61.140.108.146','/login.php',1575396203),(1499,-1,'自动退出','112.114.107.160','//admin',1575405267),(1500,-1,'自动退出','61.157.76.160','/login.php',1575431348),(1501,1,'后台登录','61.157.76.160','/login.php',1575431464),(1502,-1,'自动退出','61.157.76.160','/login.php',1575431983),(1503,1,'后台登录','61.157.76.160','/login.php',1575431990),(1504,1,'删除视频模型字段：is_free','61.157.76.160','/login.php',1575433249),(1505,1,'编辑下载：smart-200  注册会员30元 学习所有的基本课程','61.157.76.160','/login.php',1575433300),(1506,1,'编辑下载：第二节：PLC接线','61.157.76.160','/login.php',1575433431),(1507,1,'删除文档-id：193','61.157.76.160','/login.php',1575433514),(1508,1,'自动退出','61.157.76.160','/login.php',1575438602),(1509,1,'后台登录','61.157.76.160','/login.php',1575438609),(1510,-1,'自动退出','112.114.104.215','//admin',1575441311),(1511,-1,'自动退出','117.136.62.94','/login.php',1575442708),(1512,-1,'自动退出','103.39.210.87','//admin',1575474745),(1513,-1,'自动退出','118.122.227.185','//admin',1575519719),(1514,-1,'自动退出','117.175.129.104','/login.php',1575559617),(1515,1,'后台登录','117.175.129.104','/login.php',1575559652),(1516,1,'删除会员：用户0012','117.175.129.104','/login.php',1575559696),(1517,1,'新增会员级别：普通会员,中级会员,高级会员','117.175.129.104','/login.php',1575560021),(1518,1,'新增会员级别：普通会员,初级会员,中级会员,高级会员','117.175.129.104','/login.php',1575560128),(1519,-1,'自动退出','117.175.129.104','/login.php',1575560468),(1520,1,'后台登录','117.175.129.104','/login.php',1575560485),(1521,1,'编辑下载：smart-200子程序调用','117.175.129.104','/login.php',1575561055),(1522,1,'新增下载：子程序调用','117.175.129.104','/login.php',1575561941),(1523,1,'编辑下载：子程序调用','117.175.129.104','/login.php',1575562067),(1524,1,'删除会员：CDPLC1','117.175.129.104','/login.php',1575562129),(1525,1,'删除会员：CDPLC2','117.175.129.104','/login.php',1575562131),(1526,1,'删除会员：CDPLC3','117.175.129.104','/login.php',1575562134),(1527,1,'删除会员：CDPLC4','117.175.129.104','/login.php',1575562137),(1528,1,'批量新增会员：Array','117.175.129.104','/login.php',1575562257),(1529,1,'编辑会员：17761284751','117.175.129.104','/login.php',1575562296),(1530,1,'编辑会员：17761284751','117.175.129.104','/login.php',1575562330),(1531,1,'删除会员：17761284751','117.175.129.104','/login.php',1575562448),(1532,1,'批量新增会员：Array','117.175.129.104','/login.php',1575562481),(1533,1,'删除会员：17761284751','117.175.129.104','/login.php',1575562516),(1534,1,'编辑会员：曾小贱','117.175.129.104','/login.php',1575562620),(1535,1,'编辑会员：用户4751','117.175.129.104','/login.php',1575562951),(1536,1,'编辑下载：子程序调用','117.175.129.104','/login.php',1575563033),(1537,1,'编辑下载：子程序调用','117.175.129.104','/login.php',1575563122),(1538,1,'编辑下载：子程序调用','117.175.129.104','/login.php',1575564633),(1539,1,'编辑下载：子程序调用','117.175.129.104','/login.php',1575564671),(1540,1,'编辑下载：子程序调用','117.175.129.104','/login.php',1575565555),(1541,1,'新增下载：smart-200 中断','117.175.129.104','/login.php',1575566366),(1542,1,'编辑下载：smart-200 中断','117.175.129.104','/login.php',1575566393),(1543,1,'新增下载：编码器','117.175.129.104','/login.php',1575568864),(1544,1,'编辑下载：编码器','117.175.129.104','/login.php',1575568883),(1545,-1,'自动退出','61.157.76.160','/login.php',1575594567),(1546,1,'后台登录','61.157.76.160','/login.php',1575594583),(1547,-1,'自动退出','61.157.76.160','/login.php',1575599021),(1548,1,'后台登录','61.157.76.160','/login.php',1575599026),(1549,-1,'自动退出','61.157.76.160','/login.php',1575599618),(1550,1,'后台登录','61.157.76.160','/login.php',1575599629),(1551,1,'批量新增会员：Array','61.157.76.160','/login.php',1575599791),(1552,1,'编辑会员：199835158795','61.157.76.160','/login.php',1575599841),(1553,-1,'自动退出','61.157.76.160','/login.php',1575600363),(1554,1,'后台登录','61.157.76.160','/login.php',1575600371),(1555,1,'新增会员级别：普通会员,初级会员,中级会员,高级会员,vip会员','61.157.76.160','/login.php',1575601240),(1556,1,'新增栏目：会员权限','61.157.76.160','/login.php',1575602946),(1557,1,'编辑栏目：会员权限','61.157.76.160','/login.php',1575603029),(1558,1,'伪删除栏目：会员权限','61.157.76.160','/login.php',1575603037),(1559,1,'新增文章：会员权限','61.157.76.160','/login.php',1575603149),(1560,1,'编辑广告：首页中部广告位','61.157.76.160','/login.php',1575603180),(1561,1,'删除文档-id：257','61.157.76.160','/login.php',1575603235),(1562,1,'新增栏目：会员权限','61.157.76.160','/login.php',1575603296),(1563,1,'编辑栏目：会员权限','61.157.76.160','/login.php',1575603313),(1564,1,'编辑栏目：会员权限','61.157.76.160','/login.php',1575603393),(1565,-1,'自动退出','61.157.76.160','/login.php',1575603611),(1566,1,'后台登录','61.157.76.160','/login.php',1575603626),(1567,1,'编辑文章：手机触摸屏软件','61.157.76.160','/login.php',1575603755),(1568,1,'新增数据：手机组态APP软件','61.157.76.160','/login.php',1575603904),(1569,1,'编辑文章：手机组态APP软件','61.157.76.160','/login.php',1575603967),(1570,1,'编辑文章：手机触摸屏软件','61.157.76.160','/login.php',1575603996),(1571,1,'编辑广告：首页中部广告位','61.157.76.160','/login.php',1575604477),(1572,1,'编辑会员：sdadsa','61.157.76.160','/login.php',1575604831),(1573,1,'自动退出','61.157.76.160','/login.php',1575613685),(1574,1,'后台登录','61.157.76.160','/login.php',1575613691),(1575,-1,'自动退出','61.157.76.160','/login.php',1575616608),(1576,1,'后台登录','61.157.76.160','/login.php',1575616614);
/*!40000 ALTER TABLE `hw_admin_log` ENABLE KEYS */;

#
# Structure for table "hw_archives"
#

DROP TABLE IF EXISTS `hw_archives`;
CREATE TABLE `hw_archives` (
  `aid` int(10) NOT NULL AUTO_INCREMENT,
  `cou_id` int(10) NOT NULL DEFAULT '0' COMMENT '课程ID',
  `typeid` int(10) NOT NULL DEFAULT '0' COMMENT '当前栏目',
  `cha_id` int(11) NOT NULL DEFAULT '0' COMMENT '章节ID',
  `channel` int(10) NOT NULL DEFAULT '0' COMMENT '模型ID',
  `is_b` tinyint(1) DEFAULT '0' COMMENT '加粗',
  `title` varchar(200) DEFAULT '' COMMENT '标题',
  `litpic` varchar(250) DEFAULT '' COMMENT '缩略图',
  `is_head` tinyint(1) DEFAULT '0' COMMENT '头条（0=否，1=是）',
  `is_special` tinyint(1) DEFAULT '0' COMMENT '特荐（0=否，1=是）',
  `is_top` tinyint(1) DEFAULT '0' COMMENT '置顶（0=否，1=是）',
  `is_recom` tinyint(1) DEFAULT '0' COMMENT '推荐（0=否，1=是）',
  `is_jump` tinyint(1) DEFAULT '0' COMMENT '跳转链接（0=否，1=是）',
  `is_litpic` tinyint(1) DEFAULT '0' COMMENT '图片（0=否，1=是）',
  `author` varchar(200) DEFAULT '' COMMENT '作者',
  `click` int(10) DEFAULT '0' COMMENT '浏览量',
  `arcrank` int(10) DEFAULT '0' COMMENT '阅读权限：0=开放浏览，-1=待审核稿件',
  `jumplinks` varchar(200) DEFAULT '' COMMENT '外链跳转',
  `ismake` tinyint(1) DEFAULT '0' COMMENT '是否静态页面（0=动态，1=静态）',
  `seo_title` varchar(200) DEFAULT '' COMMENT 'SEO标题',
  `seo_keywords` varchar(200) DEFAULT '' COMMENT 'SEO关键词',
  `seo_description` text COMMENT 'SEO描述',
  `users_price` decimal(10,2) NOT NULL DEFAULT '0.00' COMMENT '会员价',
  `old_price` decimal(10,2) NOT NULL DEFAULT '0.00' COMMENT '产品旧价',
  `stock_count` int(10) unsigned NOT NULL DEFAULT '0' COMMENT '商品库存量',
  `stock_show` tinyint(1) unsigned NOT NULL DEFAULT '1' COMMENT '商品库存在产品详情页是否显示，1为显示，0为不显示',
  `prom_type` tinyint(1) unsigned DEFAULT '0' COMMENT '产品类型：0普通产品，1虚拟产品',
  `tempview` varchar(200) DEFAULT '' COMMENT '文档模板文件名',
  `status` tinyint(1) DEFAULT '1' COMMENT '状态(0=屏蔽，1=正常)',
  `sort_order` int(10) DEFAULT '0' COMMENT '排序号',
  `lang` varchar(50) DEFAULT 'cn' COMMENT '语言标识',
  `admin_id` int(10) DEFAULT '0' COMMENT '管理员ID',
  `users_id` int(10) DEFAULT '0' COMMENT '会员ID',
  `arc_level_id` int(10) DEFAULT '0' COMMENT '文档会员权限ID',
  `is_del` tinyint(1) DEFAULT '0' COMMENT '伪删除，1=是，0=否',
  `del_method` tinyint(1) DEFAULT '0' COMMENT '伪删除状态，1为主动删除，2为跟随上级栏目被动删除',
  `joinaid` int(10) DEFAULT '0' COMMENT '关联文档ID',
  `add_time` int(11) DEFAULT '0' COMMENT '新增时间',
  `update_time` int(11) DEFAULT '0' COMMENT '更新时间',
  PRIMARY KEY (`aid`),
  KEY `aid` (`typeid`,`channel`) USING BTREE,
  KEY `title` (`title`) COMMENT 'title'
) ENGINE=MyISAM AUTO_INCREMENT=262 DEFAULT CHARSET=utf8 COMMENT='文档主表';

#
# Data for table "hw_archives"
#

/*!40000 ALTER TABLE `hw_archives` DISABLE KEYS */;
INSERT INTO `hw_archives` VALUES (10,0,177,0,1,0,'联系我们','/uploads/allimg/20191105/1-19110515512VY.jpg',0,0,0,0,0,1,'小编',106,0,'',0,'','','成都工控邦科技有限公司联系人：胡 敏：17761284751电话：028-62498098微信：19983515895邮箱：1740089278@qq.com地址：成都市锦江一环路东四段牛王庙D出口普生大厦603',0.00,0.00,0,1,0,'',1,100,'cn',1,0,0,0,0,0,1573205883,1573659623),(11,0,175,0,1,0,'关于我们','/uploads/ueditor/20191108/1-19110QI95O56.jpg',0,0,0,0,0,1,'小编',244,0,'',0,'','','成都工控邦科技有限公司是一家专业的PLC自动化、工业机器人、PLC工业控制、3D自动化设备培训机构；为大学生、公司技术人员、社会有志青年提供3D自动化设备设计、PLC工业控制、工业机器人的培训,公司项目多样化， 适应各大人才适用；我们精心打造并推出理',0.00,0.00,0,1,0,'',1,100,'cn',1,0,0,0,0,0,1573205975,1573666347),(12,0,155,0,3,0,'党委支部书记：胡 敏','/uploads/allimg/20191113/1-1911131532395Z.jpg',0,0,0,0,0,1,'小编',114,0,'',0,'','','ddsafgddfgdfgdfgfgdfgdfgd',0.00,0.00,0,1,0,'',1,1,'cn',1,0,0,0,0,0,1573206176,1573720883),(186,0,133,0,1,0,'线下培训','/uploads/allimg/20191113/1-191113160104434.jpg',0,0,0,0,0,1,'小编',160,0,'',0,'','','asddsadads',0.00,0.00,0,1,0,'',1,100,'cn',1,0,0,0,0,0,1573355218,1573633454),(187,0,137,0,2,0,'案例1','/uploads/allimg/20191114/1-19111415030LT.png',0,0,0,0,0,1,'小编',278,0,'',0,'','','sdfdfsdsfdsfdsfsdf',0.00,0.00,0,0,0,'',1,100,'cn',1,0,0,0,0,0,1573355237,1573715340),(188,0,179,0,2,0,'ccccc','/uploads/allimg/20191114/1-1911141354291V.jpg',0,0,0,0,0,1,'小编',157,0,'',0,'','','sdffdssdf',0.00,0.00,0,0,0,'',1,100,'cn',1,0,0,0,0,0,1573355374,1573710916),(189,0,179,0,2,0,'bbbbb','/uploads/allimg/20191114/1-1911141354291V.jpg',0,0,0,0,0,1,'小编',135,0,'',0,'','','dfgfgddfgfdg',0.00,0.00,0,0,0,'',1,100,'cn',1,0,0,0,0,0,1573355397,1573710896),(190,0,179,0,2,0,'aaaa','/uploads/allimg/20191114/1-1911141354291V.jpg',0,0,0,0,0,1,'小编',150,0,'',0,'','','aaaaa',0.00,0.00,0,0,0,'',1,100,'cn',1,0,0,0,0,0,1573355411,1573710879),(194,151,183,0,4,0,'学员心声1','',0,0,0,0,0,0,'小编',105,1,'',0,'','','',0.00,0.00,0,1,0,'',1,100,'cn',1,0,0,0,0,0,1573537406,1573537406),(195,152,183,0,4,0,'学员心声2','',0,0,0,0,0,0,'小编',113,1,'',0,'','','',0.00,0.00,0,1,0,'',1,100,'cn',1,0,0,0,0,0,1573537490,1573537490),(196,0,155,0,3,0,'校长： 曾中华','/uploads/allimg/20191113/1-191113162451551.jpg',0,0,0,0,0,1,'小编',159,0,'',0,'','','',0.00,0.00,0,1,0,'',1,2,'cn',1,0,0,0,0,0,1573633462,1573720885),(197,0,133,0,1,0,'企业培训','/uploads/allimg/20191113/1-191113162S0Y1.jpg',0,0,0,0,0,1,'小编',276,0,'',0,'','','&nbsp;&nbsp;&nbsp;&nbsp;&nbsp;&nbsp;&nbsp;&nbsp;&nbsp;&nbsp;&nbsp;&nbsp;&nbsp;',0.00,0.00,0,1,0,'',1,100,'cn',1,0,0,0,0,0,1573633663,1573634186),(199,154,187,0,4,0,'第一课时','',0,0,0,0,0,0,'小编',201,0,'',0,'','','',200.00,0.00,0,1,0,'',1,100,'cn',1,0,0,0,0,0,1573637545,1573637545),(200,155,193,8,4,0,'第一节：PLC基础','',0,0,0,0,0,0,'小编',144,1,'',0,'','','',0.01,0.00,0,1,0,'',1,1,'cn',1,0,0,0,0,0,1573640179,1573731272),(201,155,193,8,4,0,'第二节：PLC接线','',0,0,0,0,0,0,'小编',205,2,'',0,'','','',0.00,0.00,0,1,0,'',1,2,'cn',1,0,0,0,0,0,1573645243,1575433431),(203,0,131,0,11,0,'S7-200编程软件','',0,0,0,0,0,0,'小编',145,0,'',0,'','','',0.00,0.00,0,1,0,'',1,100,'cn',1,0,0,0,0,0,1573646809,1573658469),(204,0,131,0,11,0,'三菱触摸屏GT Designer2 V2.79H软件下载','',0,0,0,1,0,0,'小编',284,0,'',0,'','','',0.00,0.00,0,1,0,'',1,100,'cn',1,0,0,0,0,0,1573646919,1573779156),(205,155,193,8,4,0,'第三节：编程软件安装','',0,0,0,0,0,0,'小编',279,1,'',0,'','','',0.00,0.00,0,1,0,'',1,3,'cn',1,0,0,0,0,0,1573647516,1573710187),(206,155,193,8,4,0,'第四节：编程软件应用','',0,0,0,0,0,0,'小编',205,0,'',0,'','','',2.00,0.00,0,1,0,'',1,4,'cn',1,0,0,0,0,0,1573648755,1575341152),(207,155,193,8,4,0,'第五节：工作原理','',0,0,0,0,0,0,'小编',119,1,'',0,'','','',0.00,0.00,0,1,0,'',1,5,'cn',1,0,0,0,0,0,1573649172,1573710192),(209,0,131,0,11,0,'西门子200下载线驱动','',0,0,0,0,0,0,'小编',222,0,'',0,'','','',0.00,0.00,0,1,0,'',1,100,'cn',1,0,0,0,0,0,1573652394,1573652394),(210,0,131,0,11,0,'三菱GX-works2','',0,0,0,0,0,0,'小编',286,0,'',0,'','','',0.00,0.00,0,1,0,'',1,100,'cn',1,0,0,0,0,0,1573652455,1574157055),(211,0,131,0,11,0,'西门子Smart-200 v2.4','',0,0,0,0,0,0,'小编',177,0,'',0,'','','',0.00,0.00,0,1,0,'',1,100,'cn',1,0,0,0,0,0,1573654330,1573657608),(212,0,131,0,11,0,'三菱plc数据线USB-SC09-FX驱动','',0,0,0,0,0,0,'小编',195,0,'',0,'','','',0.00,0.00,0,1,0,'',1,100,'cn',1,0,0,0,0,0,1573658915,1573779158),(213,0,131,0,11,0,'三菱PLC dotnetfx35','',0,0,0,1,0,0,'小编',242,0,'',0,'','','',0.00,0.00,0,1,0,'',1,100,'cn',1,0,0,0,0,0,1573658984,1573726195),(214,0,131,0,11,0,'三菱注册 ID号','',0,0,0,1,0,0,'小编',190,0,'',0,'','','',0.00,0.00,0,1,0,'',1,100,'cn',1,0,0,0,0,0,1573659170,1573726194),(215,0,131,0,11,0,'三菱GX-WORKS3','',0,0,0,1,0,0,'小编',284,0,'',0,'','','',0.00,0.00,0,1,0,'',1,100,'cn',1,0,0,0,0,0,1573657717,1573726194),(216,0,131,0,11,0,'博图v15','',0,0,0,1,0,0,'小编',254,0,'',0,'','','',0.00,0.00,0,1,0,'',1,100,'cn',1,0,0,0,0,0,1573666718,1573726194),(217,167,187,0,4,0,'第一节','',0,0,0,0,0,0,'小编',240,1,'',0,'','','',0.00,0.00,0,1,0,'',1,100,'cn',1,0,0,0,0,0,1573701128,1573701128),(218,155,193,9,4,0,'数据存储结构','',0,0,0,0,0,0,'小编',149,0,'',0,'','','',5.00,0.00,0,1,0,'',1,6,'cn',1,0,0,0,0,0,1573703191,1575433388),(219,155,193,10,4,0,'MOV 传送指令','',0,0,0,0,0,0,'小编',257,0,'',0,'','','',5.00,0.00,0,1,0,'',1,7,'cn',1,0,0,0,0,0,1573703297,1575433389),(220,155,193,11,4,0,'第一节：位逻辑','',0,0,0,0,0,0,'小编',242,0,'',0,'','','',5.00,0.00,0,1,0,'',1,8,'cn',1,0,0,0,0,0,1573706190,1575433390),(221,155,193,11,4,0,'第二节：变频器','',0,0,0,0,0,0,'小编',177,0,'',0,'','','',5.00,0.00,0,1,0,'',1,9,'cn',1,0,0,0,0,0,1573707240,1575433392),(222,155,193,11,4,0,'第三节：变频器','',0,0,0,0,0,0,'小编',109,0,'',0,'','','',5.00,0.00,0,1,0,'',1,10,'cn',1,0,0,0,0,0,1573707475,1575433393),(223,0,155,0,3,0,'助教：曾知贱','/uploads/allimg/20191114/1-191114142015G4.jpg',0,0,0,0,0,1,'小编',181,0,'',0,'','','',0.00,0.00,0,1,0,'',1,4,'cn',1,0,0,0,0,0,1573712388,1573720893),(224,155,193,12,4,0,'第一节：定时器','',0,0,0,0,0,0,'小编',108,0,'',0,'','','',5.00,0.00,0,1,0,'',1,11,'cn',1,0,0,0,0,0,1573711611,1575433394),(225,155,193,12,4,0,'第二节：计数器','',0,0,0,0,0,0,'小编',203,0,'',0,'','','',5.00,0.00,0,1,0,'',1,12,'cn',1,0,0,0,0,0,1573712843,1575433395),(226,155,193,13,4,0,'转换指令','',0,0,0,0,0,0,'小编',156,0,'',0,'','','',5.00,0.00,0,1,0,'',1,13,'cn',1,0,0,0,0,0,1573715568,1575433397),(227,155,193,14,4,0,'整数浮点数运算','',0,0,0,0,0,0,'小编',268,0,'',0,'','','',5.00,0.00,0,1,0,'',1,14,'cn',1,0,0,0,0,0,1573719007,1575433399),(228,155,193,16,4,0,'第一节：移位寄存器','',0,0,0,0,0,0,'小编',183,0,'',0,'','','',5.00,0.00,0,1,0,'',1,15,'cn',1,0,0,0,0,0,1573720076,1575433401),(229,0,155,0,3,0,'总工程师：王诚','/uploads/allimg/20191114/1-1911141641012K.jpg',0,0,0,0,0,1,'小编',233,0,'',0,'','','',0.00,0.00,0,1,0,'',1,3,'cn',1,0,0,0,0,0,1573720704,1573720891),(230,155,193,16,4,0,'第二节：移位循环指令','',0,0,0,0,0,0,'小编',270,0,'',0,'','','',5.00,0.00,0,1,0,'',1,16,'cn',1,0,0,0,0,0,1573721161,1575433403),(231,155,193,15,4,0,'比较指令','',0,0,0,0,0,0,'小编',127,0,'',0,'','','',3.00,0.00,0,1,0,'',1,17,'cn',1,0,0,0,0,0,1573723128,1575433406),(232,0,139,0,6,0,'加盟中心','',0,0,0,0,0,0,'',0,0,'',0,'','',NULL,0.00,0.00,0,1,0,'',1,100,'cn',0,0,0,0,0,0,1573724213,1573724928),(233,155,193,17,4,0,'第一节：顺控指令','',0,0,0,0,0,0,'小编',208,0,'',0,'','','',5.00,0.00,0,1,0,'',1,18,'cn',1,0,0,0,0,0,1573727104,1575433408),(234,169,219,20,4,0,'第一节','',0,0,0,0,0,0,'小编',132,1,'',0,'','','',0.00,0.00,0,1,0,'',1,1,'cn',1,0,0,0,0,0,1573738182,1573739471),(235,169,219,20,4,0,'第二节','',0,0,0,0,0,0,'小编',133,1,'',0,'','','',0.00,0.00,0,1,0,'',1,2,'cn',1,0,0,0,0,0,1573738510,1573742022),(236,169,219,20,4,0,'第三节','',0,0,0,0,0,0,'小编',288,1,'',0,'','','',0.00,0.00,0,1,0,'',1,3,'cn',1,0,0,0,0,0,1573738700,1573739477),(238,169,219,20,4,0,'第四节','',0,0,0,0,0,0,'小编',172,1,'',0,'','','',0.00,0.00,0,1,0,'',1,4,'cn',1,0,0,0,0,0,1573738932,1573739590),(239,169,219,20,4,0,'第五节','',0,0,0,0,0,0,'小编',287,1,'',0,'','','',0.00,0.00,0,1,0,'',1,5,'cn',1,0,0,0,0,0,1573739105,1573739592),(240,169,219,20,4,0,'第六节','',0,0,0,0,0,0,'小编',125,1,'',0,'','','',0.00,0.00,0,1,0,'',1,6,'cn',1,0,0,0,0,0,1573739172,1573742633),(241,169,219,20,4,0,'第七节','',0,0,0,0,0,0,'小编',289,1,'',0,'','','',0.00,0.00,0,1,0,'',1,7,'cn',1,0,0,0,0,0,1573739250,1573739595),(242,169,219,20,4,0,'第八节','',0,0,0,0,0,0,'小编',244,1,'',0,'','','',0.00,0.00,0,1,0,'',1,8,'cn',1,0,0,0,0,0,1573739302,1573740312),(243,169,219,20,4,0,'第九节','',0,0,0,0,0,0,'小编',141,1,'',0,'','','',0.00,0.00,0,1,0,'',1,9,'cn',1,0,0,0,0,0,1573739351,1573739791),(246,0,185,0,3,0,'胡 敏','/uploads/allimg/20191115/1-191115112Q2534.jpg',0,0,0,0,0,1,'小编',220,0,'',0,'','','',0.00,0.00,0,1,0,'',1,1,'cn',1,0,0,0,0,0,1573788484,1573788541),(247,0,185,0,3,0,'王 诚','/uploads/allimg/20191115/1-191115112S2601.jpg',0,0,0,0,0,1,'小编',271,0,'',0,'','','',0.00,0.00,0,1,0,'',1,2,'cn',1,0,0,0,0,0,1573788501,1573788542),(248,0,185,0,3,0,'曾知贱','/uploads/allimg/20191115/1-191115112T9460.jpg',0,0,0,0,0,1,'小编',269,0,'',0,'','','',0.00,0.00,0,1,0,'',1,3,'cn',1,0,0,0,0,0,1573788517,1573788543),(249,0,131,0,11,0,'手机触摸屏软件','',0,0,0,0,0,0,'小编',225,0,'',0,'','','',0.00,0.00,0,1,0,'',1,100,'cn',1,0,0,0,0,0,1574134748,1575603996),(250,0,131,0,11,0,'串口调试软件','',0,0,0,0,0,0,'小编',135,0,'',0,'','','',0.00,0.00,0,1,0,'',1,100,'cn',1,0,0,0,0,0,1574230550,1574230619),(251,0,131,0,11,0,'向日葵远程操作','',0,0,0,0,0,0,'小编',149,0,'',0,'','','',0.00,0.00,0,1,0,'',1,100,'cn',1,0,0,0,0,0,1574279661,1574279661),(252,162,193,21,4,0,'子程序调用','',0,0,0,0,0,0,'小编',186,0,'',0,'','','',30.00,0.00,0,1,0,'',1,100,'cn',1,0,0,0,0,0,1575561214,1575565555),(253,161,193,22,4,0,'smart-200 中断','',0,0,0,0,0,0,'小编',188,0,'',0,'','','',20.00,0.00,0,1,0,'',1,100,'cn',1,0,0,0,0,0,1575565723,1575566393),(254,156,193,23,4,0,'编码器','',0,0,0,0,0,0,'小编',205,0,'',0,'','','',30.00,0.00,0,1,0,'',1,100,'cn',1,0,0,0,0,0,1575567387,1575568883),(255,0,225,0,6,0,'会员权限','',0,0,0,0,0,0,'',0,0,'',0,'','',NULL,0.00,0.00,0,1,0,'',1,100,'cn',0,0,0,1,2,0,1575602946,1575603037),(256,0,226,0,6,0,'en会员权限','',0,0,0,0,0,0,'',0,0,'',0,'','',NULL,0.00,0.00,0,1,0,'',1,100,'en',0,0,0,1,2,0,1575602946,1575603037),(258,0,227,0,6,0,'会员权限','',0,0,0,0,0,0,'',0,0,'',0,'','',NULL,0.00,0.00,0,1,0,'',1,100,'cn',0,0,0,0,0,0,1575603274,0),(259,0,228,0,6,0,'会员权限','',0,0,0,0,0,0,'',0,0,'',0,'','',NULL,0.00,0.00,0,1,0,'',1,100,'cn',0,0,0,0,0,0,1575603296,1575603393),(260,0,229,0,6,0,'en会员权限','',0,0,0,0,0,0,'',0,0,'',0,'','',NULL,0.00,0.00,0,1,0,'',1,100,'en',0,0,0,0,0,0,1575603296,0),(261,0,131,0,11,0,'手机组态APP软件','',0,0,0,0,0,0,'小编',168,0,'',0,'','','',0.00,0.00,0,1,0,'',1,100,'cn',1,0,0,0,0,0,1575603769,1575603967);
/*!40000 ALTER TABLE `hw_archives` ENABLE KEYS */;

#
# Structure for table "hw_arcmulti"
#

DROP TABLE IF EXISTS `hw_arcmulti`;
CREATE TABLE `hw_arcmulti` (
  `id` mediumint(8) unsigned NOT NULL AUTO_INCREMENT COMMENT '自增ID',
  `tagid` varchar(60) NOT NULL DEFAULT '' COMMENT '标签ID',
  `tagname` varchar(60) NOT NULL DEFAULT '' COMMENT '标签名',
  `innertext` text NOT NULL COMMENT '标签模板代码',
  `pagesize` int(10) NOT NULL DEFAULT '0' COMMENT '分页列表',
  `querysql` text NOT NULL COMMENT '完整SQL',
  `ordersql` varchar(200) DEFAULT '' COMMENT '排序SQL',
  `addfieldsSql` varchar(255) DEFAULT '' COMMENT '附加字段SQL',
  `addtableName` varchar(50) DEFAULT '' COMMENT '附加字段的数据表，不包含表前缀',
  `attstr` text COMMENT '属性字符串',
  `add_time` int(11) DEFAULT '0' COMMENT '新增时间',
  `update_time` int(11) DEFAULT '0' COMMENT '更新时间',
  PRIMARY KEY (`id`)
) ENGINE=MyISAM AUTO_INCREMENT=59 DEFAULT CHARSET=utf8 COMMENT='多页标记存储数据表';

#
# Data for table "hw_arcmulti"
#

/*!40000 ALTER TABLE `hw_arcmulti` DISABLE KEYS */;
INSERT INTO `hw_arcmulti` VALUES (1,'arclistf2a4757664ac7fcfdcf8be671b05a309','arclist','',3,'SELECT `b`.*,`a`.* FROM `hw_archives` `a` LEFT JOIN `hw_arctype` `b` ON `b`.`id`=`a`.`typeid` WHERE  (  a.typeid IN (3,20,24,25,21,26,22,27,28,29,3) AND a.channel IN (2) AND a.arcrank > -1 AND a.status = 1 AND a.is_del = 0 )  AND `a`.`lang` = \'cn\' ORDER BY a.sort_order asc, a.aid desc LIMIT 3','a.sort_order asc, a.aid desc','','','a:4:{s:3:\\\"row\\\";s:1:\\\"3\\\";s:8:\\\"titlelen\\\";s:2:\\\"20\\\";s:7:\\\"infolen\\\";s:2:\\\"22\\\";s:6:\\\"typeid\\\";s:30:\\\"3,20,24,25,21,26,22,27,28,29,3\\\";}',1563497171,1563497261),(2,'arcliste18e8e9ae2f28bbc276f84b4cfa1cc20','arclist','',3,'SELECT `b`.*,`a`.* FROM `hw_archives` `a` LEFT JOIN `hw_arctype` `b` ON `b`.`id`=`a`.`typeid` WHERE  (  a.typeid IN (20,24,25,20) AND a.channel IN (2) AND a.arcrank > -1 AND a.status = 1 AND a.is_del = 0 )  AND `a`.`lang` = \'cn\' ORDER BY a.sort_order asc, a.aid desc LIMIT 3','a.sort_order asc, a.aid desc','','','a:5:{s:6:\\\"typeid\\\";s:13:\\\"$field.typeid\\\";s:3:\\\"row\\\";s:1:\\\"3\\\";s:8:\\\"titlelen\\\";s:2:\\\"20\\\";s:7:\\\"infolen\\\";s:2:\\\"22\\\";s:2:\\\"id\\\";s:6:\\\"field2\\\";}',1563497171,1563497261),(3,'arclist6e38efb655ec8077ac057e8ede710cc2','arclist','',3,'SELECT `b`.*,`a`.* FROM `hw_archives` `a` LEFT JOIN `hw_arctype` `b` ON `b`.`id`=`a`.`typeid` WHERE  (  a.typeid IN (21,26,21) AND a.channel IN (2) AND a.arcrank > -1 AND a.status = 1 AND a.is_del = 0 )  AND `a`.`lang` = \'cn\' ORDER BY a.sort_order asc, a.aid desc LIMIT 3','a.sort_order asc, a.aid desc','','','a:5:{s:6:\\\"typeid\\\";s:13:\\\"$field.typeid\\\";s:3:\\\"row\\\";s:1:\\\"3\\\";s:8:\\\"titlelen\\\";s:2:\\\"20\\\";s:7:\\\"infolen\\\";s:2:\\\"22\\\";s:2:\\\"id\\\";s:6:\\\"field2\\\";}',1563497171,1563497261),(4,'arclist69886b691f3cb73ec088e82960c570d3','arclist','',3,'SELECT `b`.*,`a`.* FROM `hw_archives` `a` LEFT JOIN `hw_arctype` `b` ON `b`.`id`=`a`.`typeid` WHERE  (  a.typeid IN (22,27,28,29,22) AND a.channel IN (2) AND a.arcrank > -1 AND a.status = 1 AND a.is_del = 0 )  AND `a`.`lang` = \'cn\' ORDER BY a.sort_order asc, a.aid desc LIMIT 3','a.sort_order asc, a.aid desc','','','a:5:{s:6:\\\"typeid\\\";s:13:\\\"$field.typeid\\\";s:3:\\\"row\\\";s:1:\\\"3\\\";s:8:\\\"titlelen\\\";s:2:\\\"20\\\";s:7:\\\"infolen\\\";s:2:\\\"22\\\";s:2:\\\"id\\\";s:6:\\\"field2\\\";}',1563497171,1563497261),(5,'arclist1e0c928687c4ee0ef6f56bba67833123','arclist','',4,'SELECT `b`.*,`a`.* FROM `hw_archives` `a` LEFT JOIN `hw_arctype` `b` ON `b`.`id`=`a`.`typeid` WHERE  (  a.typeid IN (11,11) AND a.channel IN (1) AND a.arcrank > -1 AND a.status = 1 AND a.is_del = 0 )  AND `a`.`lang` = \'cn\' ORDER BY a.sort_order asc, a.aid desc LIMIT 4','a.sort_order asc, a.aid desc','','','a:4:{s:3:\\\"row\\\";s:1:\\\"4\\\";s:8:\\\"titlelen\\\";s:2:\\\"30\\\";s:7:\\\"infolen\\\";s:3:\\\"160\\\";s:6:\\\"typeid\\\";s:5:\\\"11,11\\\";}',1563497171,1563497261),(6,'arclist24a73d0a30993ffa5758581ebd9dcdd3','arclist','',4,'SELECT `b`.*,`a`.* FROM `hw_archives` `a` LEFT JOIN `hw_arctype` `b` ON `b`.`id`=`a`.`typeid` WHERE  (  a.typeid IN (12,12) AND a.channel IN (1) AND a.arcrank > -1 AND a.status = 1 AND a.is_del = 0 )  AND `a`.`lang` = \'cn\' ORDER BY a.sort_order asc, a.aid desc LIMIT 4','a.sort_order asc, a.aid desc','','','a:4:{s:3:\\\"row\\\";s:1:\\\"4\\\";s:8:\\\"titlelen\\\";s:2:\\\"30\\\";s:7:\\\"infolen\\\";s:3:\\\"160\\\";s:6:\\\"typeid\\\";s:5:\\\"12,12\\\";}',1563497171,1563497261),(7,'arclist5d5058c21066e560145b811503352441','arclist','',4,'SELECT `b`.*,`a`.* FROM `hw_archives` `a` LEFT JOIN `hw_arctype` `b` ON `b`.`id`=`a`.`typeid` WHERE  (  a.typeid IN (3,20,24,25,21,26,22,27,28,29,3) AND a.channel IN (2) AND a.arcrank > -1 AND a.status = 1 AND a.is_del = 0 )  AND `a`.`lang` = \'cn\' ORDER BY a.sort_order asc, a.aid desc LIMIT 4','a.sort_order asc, a.aid desc','','','a:4:{s:3:\\\"row\\\";s:1:\\\"4\\\";s:8:\\\"titlelen\\\";s:2:\\\"30\\\";s:7:\\\"infolen\\\";s:3:\\\"160\\\";s:6:\\\"typeid\\\";s:30:\\\"3,20,24,25,21,26,22,27,28,29,3\\\";}',1563497171,1563497261),(8,'arclist2db1f317fabb3c9a6866ed9ee96f54a1','arclist','',8,'SELECT `b`.*,`a`.* FROM `hw_archives` `a` LEFT JOIN `hw_arctype` `b` ON `b`.`id`=`a`.`typeid` WHERE  (  a.typeid IN (3,20,24,25,21,26,22,27,28,29,3) AND a.channel IN (2) AND a.arcrank > -1 AND a.status = 1 AND a.is_del = 0 )  AND `a`.`lang` = \'cn\' ORDER BY a.sort_order asc, a.aid desc LIMIT 8','a.sort_order asc, a.aid desc','','','a:3:{s:3:\\\"row\\\";s:1:\\\"8\\\";s:8:\\\"titlelen\\\";s:2:\\\"30\\\";s:6:\\\"typeid\\\";s:30:\\\"3,20,24,25,21,26,22,27,28,29,3\\\";}',1563500085,1563500379),(9,'arclist79d9069963de4b5e5d82be990b99e905','arclist','',8,'SELECT `b`.*,`a`.* FROM `hw_archives` `a` LEFT JOIN `hw_arctype` `b` ON `b`.`id`=`a`.`typeid` WHERE  (  a.typeid IN (20,24,25,20) AND a.channel IN (2) AND a.arcrank > -1 AND a.status = 1 AND a.is_del = 0 )  AND `a`.`lang` = \'cn\' ORDER BY a.sort_order asc, a.aid desc LIMIT 8','a.sort_order asc, a.aid desc','','','a:3:{s:6:\\\"typeid\\\";s:13:\\\"$field.typeid\\\";s:3:\\\"row\\\";s:1:\\\"8\\\";s:8:\\\"titlelen\\\";s:2:\\\"30\\\";}',1563500446,1566369132),(10,'arclist4d066f52156e1a4efe0748654fa3b6ea','arclist','',8,'SELECT `b`.*,`a`.* FROM `hw_archives` `a` LEFT JOIN `hw_arctype` `b` ON `b`.`id`=`a`.`typeid` WHERE  (  a.typeid IN (21,26,21) AND a.channel IN (2) AND a.arcrank > -1 AND a.status = 1 AND a.is_del = 0 )  AND `a`.`lang` = \'cn\' ORDER BY a.sort_order asc, a.aid desc LIMIT 8','a.sort_order asc, a.aid desc','','','a:3:{s:6:\\\"typeid\\\";s:13:\\\"$field.typeid\\\";s:3:\\\"row\\\";s:1:\\\"8\\\";s:8:\\\"titlelen\\\";s:2:\\\"30\\\";}',1563500446,1566369132),(11,'arclist8574c2aca2a5b22c50b15ef3bc7e1a33','arclist','',8,'SELECT `b`.*,`a`.* FROM `hw_archives` `a` LEFT JOIN `hw_arctype` `b` ON `b`.`id`=`a`.`typeid` WHERE  (  a.typeid IN (22,27,28,29,22) AND a.channel IN (2) AND a.arcrank > -1 AND a.status = 1 AND a.is_del = 0 )  AND `a`.`lang` = \'cn\' ORDER BY a.sort_order asc, a.aid desc LIMIT 8','a.sort_order asc, a.aid desc','','','a:3:{s:6:\\\"typeid\\\";s:13:\\\"$field.typeid\\\";s:3:\\\"row\\\";s:1:\\\"8\\\";s:8:\\\"titlelen\\\";s:2:\\\"30\\\";}',1563500446,1566369132),(12,'arclist9fddb7407c081410e941aa19f0923b52','arclist','',8,'SELECT `b`.*,`a`.* FROM `hw_archives` `a` LEFT JOIN `hw_arctype` `b` ON `b`.`id`=`a`.`typeid` WHERE  (  a.typeid IN (2,10,11,12,2) AND a.channel IN (1) AND a.arcrank > -1 AND a.status = 1 AND a.is_del = 0 )  AND `a`.`lang` = \'cn\' ORDER BY a.sort_order asc, a.aid desc LIMIT 8','a.sort_order asc, a.aid desc','','','a:3:{s:3:\\\"row\\\";s:1:\\\"8\\\";s:8:\\\"titlelen\\\";s:2:\\\"30\\\";s:6:\\\"typeid\\\";s:12:\\\"2,10,11,12,2\\\";}',1563501248,1564556739),(13,'arclistac104eb66a4eaa937221a93d44f94435','arclist','',4,'SELECT `b`.*,`a`.* FROM `hw_archives` `a` LEFT JOIN `hw_arctype` `b` ON `b`.`id`=`a`.`typeid` WHERE  (  a.typeid IN (4,4) AND a.channel IN (3) AND a.arcrank > -1 AND a.status = 1 AND a.is_del = 0 )  AND `a`.`lang` = \'cn\' ORDER BY a.sort_order asc, a.aid desc LIMIT 4','a.sort_order asc, a.aid desc','','','a:3:{s:3:\\\"row\\\";s:1:\\\"4\\\";s:8:\\\"titlelen\\\";s:2:\\\"30\\\";s:6:\\\"typeid\\\";s:3:\\\"4,4\\\";}',1563502612,1565081822),(14,'arclistd207eb63dbc7b74cf6259da13d2e97b9','arclist','',10,'SELECT `b`.*,`a`.* FROM `hw_archives` `a` LEFT JOIN `hw_arctype` `b` ON `b`.`id`=`a`.`typeid` WHERE  (  a.typeid IN (13,13) AND a.channel IN (1) AND a.arcrank > -1 AND a.status = 1 AND a.is_del = 0 )  AND `a`.`lang` = \'cn\' ORDER BY a.sort_order asc, a.aid desc LIMIT 10','a.sort_order asc, a.aid desc','','','a:3:{s:3:\\\"row\\\";s:2:\\\"10\\\";s:8:\\\"titlelen\\\";s:2:\\\"20\\\";s:6:\\\"typeid\\\";s:2:\\\"13\\\";}',1563502998,1565081822),(15,'arclist47dc220d8dbfeb7c17b04fed59055adc','arclist','',3,'SELECT `b`.*,`a`.* FROM `hw_archives` `a` LEFT JOIN `hw_arctype` `b` ON `b`.`id`=`a`.`typeid` WHERE  (  a.typeid IN (24,24) AND a.channel IN (2) AND a.arcrank > -1 AND a.status = 1 AND a.is_del = 0 )  AND `a`.`lang` = \'cn\' ORDER BY rand() LIMIT 3','rand()','','','a:4:{s:3:\\\"row\\\";s:1:\\\"3\\\";s:8:\\\"titlelen\\\";s:2:\\\"30\\\";s:7:\\\"orderby\\\";s:4:\\\"rand\\\";s:6:\\\"typeid\\\";s:5:\\\"24,24\\\";}',1563517778,1563517778),(16,'arclist0febed8cab600f8b7593035770fff792','arclist','',3,'SELECT `b`.*,`a`.* FROM `hw_archives` `a` LEFT JOIN `hw_arctype` `b` ON `b`.`id`=`a`.`typeid` WHERE  (  a.typeid IN (27,27) AND a.channel IN (2) AND a.arcrank > -1 AND a.status = 1 AND a.is_del = 0 )  AND `a`.`lang` = \'cn\' ORDER BY rand() LIMIT 3','rand()','','','a:4:{s:3:\\\"row\\\";s:1:\\\"3\\\";s:8:\\\"titlelen\\\";s:2:\\\"30\\\";s:7:\\\"orderby\\\";s:4:\\\"rand\\\";s:6:\\\"typeid\\\";s:5:\\\"27,27\\\";}',1563518605,1563518605),(17,'arclist1f972a30c9f459309e43e87ca3cb6121','arclist','',5,'SELECT `b`.*,`a`.* FROM `hw_archives` `a` LEFT JOIN `hw_arctype` `b` ON `b`.`id`=`a`.`typeid` WHERE  (  a.typeid IN (12,12) AND a.channel IN (1) AND a.arcrank > -1 AND a.status = 1 AND a.is_del = 0 )  AND `a`.`lang` = \'cn\' ORDER BY rand() LIMIT 5','rand()','','','a:4:{s:5:\\\"limit\\\";s:3:\\\"0,5\\\";s:8:\\\"titlelen\\\";s:2:\\\"30\\\";s:7:\\\"orderby\\\";s:4:\\\"rand\\\";s:6:\\\"typeid\\\";s:5:\\\"12,12\\\";}',1563519320,1563519320),(18,'arclist99926dd7c30a868477fd17d16a81681d','arclist','',5,'SELECT `b`.*,`a`.* FROM `hw_archives` `a` LEFT JOIN `hw_arctype` `b` ON `b`.`id`=`a`.`typeid` WHERE  (  a.channel IN (1,2,3,4,9) AND a.arcrank > -1 AND a.status = 1 AND a.is_del = 0 )  AND `a`.`lang` = \'cn\' ORDER BY rand() LIMIT 5','rand()','','','a:4:{s:5:\\\"limit\\\";s:3:\\\"0,5\\\";s:8:\\\"titlelen\\\";s:2:\\\"30\\\";s:7:\\\"orderby\\\";s:4:\\\"rand\\\";s:6:\\\"typeid\\\";s:0:\\\"\\\";}',1563520605,1563762367),(19,'arclistf8d0d499899593c6555a607bbb539040','arclist','',6,'SELECT `b`.*,`a`.* FROM `hw_archives` `a` LEFT JOIN `hw_arctype` `b` ON `b`.`id`=`a`.`typeid` WHERE  (  a.typeid IN (12,12) AND a.channel IN (1) AND a.arcrank > -1 AND a.status = 1 AND a.is_del = 0 )  AND `a`.`lang` = \'cn\' ORDER BY a.aid desc LIMIT 6','a.aid desc','','','a:4:{s:7:\\\"orderby\\\";s:4:\\\"rand\\\";s:8:\\\"titlelen\\\";s:2:\\\"30\\\";s:3:\\\"row\\\";s:1:\\\"6\\\";s:6:\\\"typeid\\\";s:5:\\\"12,12\\\";}',1563520951,1564561400),(20,'arclistb5d6628401c13b0f1a9132863e811a4a','arclist','',4,'SELECT `b`.*,`a`.* FROM `hw_archives` `a` LEFT JOIN `hw_arctype` `b` ON `b`.`id`=`a`.`typeid` WHERE  (  a.typeid IN (12,12) AND a.channel IN (1) AND a.arcrank > -1 AND a.status = 1 AND a.is_del = 0 )  AND `a`.`lang` = \'cn\' ORDER BY a.aid desc LIMIT 4','a.aid desc','','','a:4:{s:7:\\\"orderby\\\";s:4:\\\"rand\\\";s:8:\\\"titlelen\\\";s:2:\\\"30\\\";s:3:\\\"row\\\";s:1:\\\"4\\\";s:6:\\\"typeid\\\";s:5:\\\"12,12\\\";}',1563520971,1566369138),(21,'arclist3c9fddda7d05cad277bdbd93402d9d22','arclist','',5,'SELECT `b`.*,`a`.* FROM `hw_archives` `a` LEFT JOIN `hw_arctype` `b` ON `b`.`id`=`a`.`typeid` WHERE  (  a.typeid IN (24,24) AND  (a.is_recom = 1)  AND a.channel IN (2) AND a.arcrank > -1 AND a.status = 1 AND a.is_del = 0 )  AND `a`.`lang` = \'cn\' ORDER BY a.add_time desc LIMIT 5','a.add_time desc','','','a:5:{s:4:\\\"flag\\\";s:1:\\\"c\\\";s:7:\\\"orderby\\\";s:3:\\\"now\\\";s:8:\\\"titlelen\\\";s:2:\\\"30\\\";s:3:\\\"row\\\";s:1:\\\"5\\\";s:6:\\\"typeid\\\";s:5:\\\"24,24\\\";}',1563522655,1563522655),(22,'arclistea2c53d97a3dab716932b55304e9ee24','arclist','',5,'SELECT `b`.*,`a`.* FROM `hw_archives` `a` LEFT JOIN `hw_arctype` `b` ON `b`.`id`=`a`.`typeid` WHERE  (  a.typeid IN (3,20,24,25,21,26,22,27,28,29,3) AND  (a.is_recom = 1)  AND a.channel IN (2) AND a.arcrank > -1 AND a.status = 1 AND a.is_del = 0 )  AND `a`.`lang` = \'cn\' ORDER BY a.add_time desc LIMIT 5','a.add_time desc','','','a:5:{s:4:\\\"flag\\\";s:1:\\\"c\\\";s:7:\\\"orderby\\\";s:3:\\\"now\\\";s:8:\\\"titlelen\\\";s:2:\\\"30\\\";s:3:\\\"row\\\";s:1:\\\"5\\\";s:6:\\\"typeid\\\";s:1:\\\"3\\\";}',1563522685,1565756004),(23,'arclistc734ae28fa130543e8506769264e84aa','arclist','',6,'SELECT `b`.*,`a`.* FROM `hw_archives` `a` LEFT JOIN `hw_arctype` `b` ON `b`.`id`=`a`.`typeid` WHERE  (  a.typeid IN (4,4) AND a.channel IN (3) AND a.arcrank > -1 AND a.status = 1 AND a.is_del = 0 )  AND `a`.`lang` = \'cn\' ORDER BY rand() LIMIT 6','rand()','','','a:4:{s:7:\\\"orderby\\\";s:4:\\\"rand\\\";s:8:\\\"titlelen\\\";s:2:\\\"30\\\";s:3:\\\"row\\\";s:1:\\\"6\\\";s:6:\\\"typeid\\\";s:3:\\\"4,4\\\";}',1563524659,1563524997),(24,'arclistbcfc777e0b75150b35450efa0e6550fc','arclist','',8,'SELECT `b`.*,`a`.* FROM `hw_archives` `a` LEFT JOIN `hw_arctype` `b` ON `b`.`id`=`a`.`typeid` WHERE  (  a.typeid IN (23,23) AND a.channel IN (9) AND a.arcrank > -1 AND a.status = 1 AND a.is_del = 0 )  AND `a`.`lang` = \'cn\' ORDER BY a.aid desc LIMIT 8','a.aid desc','','','a:4:{s:7:\\\"orderby\\\";s:4:\\\"rand\\\";s:8:\\\"titlelen\\\";s:2:\\\"30\\\";s:3:\\\"row\\\";s:1:\\\"8\\\";s:6:\\\"typeid\\\";s:5:\\\"23,23\\\";}',1563529284,1564978558),(25,'arclistd2ed60241171156d35617cfd6d145f51','arclist','',5,'SELECT `b`.*,`a`.* FROM `hw_archives` `a` LEFT JOIN `hw_arctype` `b` ON `b`.`id`=`a`.`typeid` WHERE  (  a.typeid IN (5,5) AND a.channel IN (4) AND a.arcrank > -1 AND a.status = 1 AND a.is_del = 0 )  AND `a`.`lang` = \'cn\' ORDER BY rand() LIMIT 5','rand()','','','a:4:{s:6:\\\"typeid\\\";s:1:\\\"5\\\";s:5:\\\"limit\\\";s:3:\\\"0,5\\\";s:8:\\\"titlelen\\\";s:2:\\\"30\\\";s:7:\\\"orderby\\\";s:4:\\\"rand\\\";}',1563534168,1563758872),(26,'arclist05d9a84635addf2046b9749be19a231a','arclist','',6,'SELECT `b`.*,`a`.* FROM `hw_archives` `a` LEFT JOIN `hw_arctype` `b` ON `b`.`id`=`a`.`typeid` WHERE  (  a.typeid IN (5,5) AND a.channel IN (4) AND a.arcrank > -1 AND a.status = 1 AND a.is_del = 0 )  AND `a`.`lang` = \'cn\' ORDER BY a.aid desc LIMIT 6','a.aid desc','','','a:4:{s:7:\\\"orderby\\\";s:4:\\\"rand\\\";s:8:\\\"titlelen\\\";s:2:\\\"30\\\";s:3:\\\"row\\\";s:1:\\\"6\\\";s:6:\\\"typeid\\\";s:3:\\\"5,5\\\";}',1563759870,1565248541),(27,'arclist4911e95ea34e622a2316fb5fd3a060d3','arclist','',6,'SELECT `b`.*,`a`.* FROM `hw_archives` `a` LEFT JOIN `hw_arctype` `b` ON `b`.`id`=`a`.`typeid` WHERE  (  a.typeid IN (11,11) AND a.channel IN (1) AND a.arcrank > -1 AND a.status = 1 AND a.is_del = 0 )  AND `a`.`lang` = \'cn\' ORDER BY a.aid desc LIMIT 6','a.aid desc','','','a:4:{s:7:\\\"orderby\\\";s:4:\\\"rand\\\";s:8:\\\"titlelen\\\";s:2:\\\"30\\\";s:3:\\\"row\\\";s:1:\\\"6\\\";s:6:\\\"typeid\\\";s:5:\\\"11,11\\\";}',1563762324,1564545300),(28,'arclist8cdfe13915331df05c886ef2cec53b01','arclist','',4,'SELECT `b`.*,`a`.* FROM `hw_archives` `a` LEFT JOIN `hw_arctype` `b` ON `b`.`id`=`a`.`typeid` WHERE  (  a.typeid IN (3,20,24,25,21,26,22,27,28,29,3) AND a.channel IN (2) AND a.arcrank > -1 AND a.status = 1 AND a.is_del = 0 )  AND `a`.`lang` = \'cn\' ORDER BY a.sort_order asc, a.aid desc LIMIT 4','a.sort_order asc, a.aid desc','','','a:3:{s:3:\\\"row\\\";s:1:\\\"4\\\";s:8:\\\"titlelen\\\";s:2:\\\"30\\\";s:6:\\\"typeid\\\";s:30:\\\"3,20,24,25,21,26,22,27,28,29,3\\\";}',1563765202,1565081609),(29,'arclist620dab4fd1ea8e8a826d038fc8c76ab5','arclist','',5,'SELECT `b`.*,`a`.* FROM `hw_archives` `a` LEFT JOIN `hw_arctype` `b` ON `b`.`id`=`a`.`typeid` WHERE  (  a.typeid IN (2,10,11,12,2) AND a.channel IN (1) AND a.arcrank > -1 AND a.status = 1 AND a.is_del = 0 )  AND `a`.`lang` = \'cn\' ORDER BY a.sort_order asc, a.aid desc LIMIT 5','a.sort_order asc, a.aid desc','','','a:3:{s:3:\\\"row\\\";s:1:\\\"5\\\";s:8:\\\"titlelen\\\";s:2:\\\"40\\\";s:6:\\\"typeid\\\";s:12:\\\"2,10,11,12,2\\\";}',1563765202,1564476617),(30,'arclist3d6622ce1045a5890999a09ac5efe11a','arclist','',4,'SELECT `b`.*,`a`.* FROM `hw_archives` `a` LEFT JOIN `hw_arctype` `b` ON `b`.`id`=`a`.`typeid` WHERE  (  a.typeid IN (23,23) AND a.channel IN (9) AND a.arcrank > -1 AND a.status = 1 AND a.is_del = 0 )  AND `a`.`lang` = \'cn\' ORDER BY a.sort_order asc, a.aid desc LIMIT 4','a.sort_order asc, a.aid desc','gzdd,xzdy','recruit_content','a:4:{s:3:\\\"row\\\";s:1:\\\"4\\\";s:8:\\\"titlelen\\\";s:2:\\\"30\\\";s:9:\\\"addfields\\\";s:9:\\\"gzdd,xzdy\\\";s:6:\\\"typeid\\\";s:5:\\\"23,23\\\";}',1563765219,1565081609),(31,'arclistb45393652dbaf27dd422ecb18ba6556d','arclist','',4,'SELECT `b`.*,`a`.* FROM `hw_archives` `a` LEFT JOIN `hw_arctype` `b` ON `b`.`id`=`a`.`typeid` WHERE  (  a.typeid IN (11,11) AND a.channel IN (1) AND a.arcrank > -1 AND a.status = 1 AND a.is_del = 0 )  AND `a`.`lang` = \'cn\' ORDER BY a.aid desc LIMIT 4','a.aid desc','','','a:4:{s:7:\\\"orderby\\\";s:4:\\\"rand\\\";s:8:\\\"titlelen\\\";s:2:\\\"30\\\";s:3:\\\"row\\\";s:1:\\\"4\\\";s:6:\\\"typeid\\\";s:5:\\\"11,11\\\";}',1563778302,1565148971),(32,'arclist47e63d1daa34906533daa4604b9990f2','arclist','',4,'SELECT `b`.*,`a`.* FROM `hw_archives` `a` LEFT JOIN `hw_arctype` `b` ON `b`.`id`=`a`.`typeid` WHERE  (  a.typeid IN (23,23) AND a.channel IN (9) AND a.arcrank > -1 AND a.status = 1 AND a.is_del = 0 )  AND `a`.`lang` = \'cn\' ORDER BY a.aid desc LIMIT 4','a.aid desc','','','a:4:{s:7:\\\"orderby\\\";s:4:\\\"rand\\\";s:8:\\\"titlelen\\\";s:2:\\\"30\\\";s:3:\\\"row\\\";s:1:\\\"4\\\";s:6:\\\"typeid\\\";s:5:\\\"23,23\\\";}',1563780846,1565248066),(33,'arclist5fd45fc06338850f9a81b0034f155d3f','arclist','',4,'SELECT `b`.*,`a`.* FROM `hw_archives` `a` LEFT JOIN `hw_arctype` `b` ON `b`.`id`=`a`.`typeid` WHERE  (  a.typeid IN (5,5) AND a.channel IN (4) AND a.arcrank > -1 AND a.status = 1 AND a.is_del = 0 )  AND `a`.`lang` = \'cn\' ORDER BY a.aid desc LIMIT 4','a.aid desc','','','a:4:{s:7:\\\"orderby\\\";s:4:\\\"rand\\\";s:8:\\\"titlelen\\\";s:2:\\\"30\\\";s:3:\\\"row\\\";s:1:\\\"4\\\";s:6:\\\"typeid\\\";s:3:\\\"5,5\\\";}',1563784777,1564624222),(34,'arclist8fd20121b30e976f2cdc6adec826c6c3','arclist','',6,'SELECT `b`.*,`a`.* FROM `hw_archives` `a` LEFT JOIN `hw_arctype` `b` ON `b`.`id`=`a`.`typeid` WHERE  (  a.typeid IN (2,10,11,12,2) AND a.channel IN (1) AND a.arcrank > -1 AND a.status = 1 AND a.is_del = 0 )  AND `a`.`lang` = \'cn\' ORDER BY a.sort_order asc, a.aid desc LIMIT 6','a.sort_order asc, a.aid desc','','','a:3:{s:3:\\\"row\\\";s:1:\\\"6\\\";s:8:\\\"titlelen\\\";s:2:\\\"30\\\";s:6:\\\"typeid\\\";s:12:\\\"2,10,11,12,2\\\";}',1564544784,1566369132),(35,'arclistac5acf1c77d2762da6f5cbceb003356f','arclist','',6,'SELECT `b`.*,`a`.* FROM `hw_archives` `a` LEFT JOIN `hw_arctype` `b` ON `b`.`id`=`a`.`typeid` WHERE  (  a.typeid IN (2,10,11,12,2) AND a.channel IN (1) AND a.arcrank > -1 AND a.status = 1 AND a.is_del = 0 )  AND `a`.`lang` = \'cn\' ORDER BY a.sort_order asc, a.aid desc LIMIT 6','a.sort_order asc, a.aid desc','','','a:3:{s:3:\\\"row\\\";s:1:\\\"6\\\";s:8:\\\"titlelen\\\";s:2:\\\"40\\\";s:6:\\\"typeid\\\";s:12:\\\"2,10,11,12,2\\\";}',1564545092,1564545092),(36,'arclistdd8b07e4c8175aba9a7cdfc75846934e','arclist','',6,'SELECT `b`.*,`a`.* FROM `hw_archives` `a` LEFT JOIN `hw_arctype` `b` ON `b`.`id`=`a`.`typeid` WHERE  (  a.typeid IN (2,10,56,11,12,2) AND a.channel IN (1) AND a.arcrank > -1 AND a.status = 1 AND a.is_del = 0 )  AND `a`.`lang` = \'cn\' ORDER BY a.sort_order asc, a.aid desc LIMIT 6','a.sort_order asc, a.aid desc','','','a:3:{s:3:\\\"row\\\";s:1:\\\"6\\\";s:8:\\\"titlelen\\\";s:2:\\\"30\\\";s:6:\\\"typeid\\\";s:15:\\\"2,10,56,11,12,2\\\";}',1564625043,1564632486),(37,'arclistdef33cd20eedde16fff9fa4d0a7eb441','arclist','',6,'SELECT `b`.*,`a`.* FROM `hw_archives` `a` LEFT JOIN `hw_arctype` `b` ON `b`.`id`=`a`.`typeid` WHERE  (  a.typeid IN (2,10,56,11,58,12,2) AND a.channel IN (1) AND a.arcrank > -1 AND a.status = 1 AND a.is_del = 0 )  AND `a`.`lang` = \'cn\' ORDER BY a.sort_order asc, a.aid desc LIMIT 6','a.sort_order asc, a.aid desc','','','a:3:{s:3:\\\"row\\\";s:1:\\\"6\\\";s:8:\\\"titlelen\\\";s:2:\\\"30\\\";s:6:\\\"typeid\\\";s:18:\\\"2,10,56,11,58,12,2\\\";}',1564632570,1564632624),(38,'arclistdf739fb67eaeec266be0dba6cc76dc04','arclist','',6,'SELECT `b`.*,`a`.* FROM `hw_archives` `a` LEFT JOIN `hw_arctype` `b` ON `b`.`id`=`a`.`typeid` WHERE  (  a.typeid IN (2,10,56,60,11,58,12,2) AND a.channel IN (1) AND a.arcrank > -1 AND a.status = 1 AND a.is_del = 0 )  AND `a`.`lang` = \'cn\' ORDER BY a.sort_order asc, a.aid desc LIMIT 6','a.sort_order asc, a.aid desc','','','a:3:{s:3:\\\"row\\\";s:1:\\\"6\\\";s:8:\\\"titlelen\\\";s:2:\\\"30\\\";s:6:\\\"typeid\\\";s:21:\\\"2,10,56,60,11,58,12,2\\\";}',1564632681,1564632681),(39,'arclist600324cc7c844844852e875669ef7d42','arclist','',6,'SELECT `b`.*,`a`.* FROM `hw_archives` `a` LEFT JOIN `hw_arctype` `b` ON `b`.`id`=`a`.`typeid` WHERE  (  a.typeid IN (2,10,56,60,62,11,58,12,2) AND a.channel IN (1) AND a.arcrank > -1 AND a.status = 1 AND a.is_del = 0 )  AND `a`.`lang` = \'cn\' ORDER BY a.sort_order asc, a.aid desc LIMIT 6','a.sort_order asc, a.aid desc','','','a:3:{s:3:\\\"row\\\";s:1:\\\"6\\\";s:8:\\\"titlelen\\\";s:2:\\\"30\\\";s:6:\\\"typeid\\\";s:24:\\\"2,10,56,60,62,11,58,12,2\\\";}',1564632721,1565081822),(40,'arclist60e65cb0a7c69bb4f505d32aa9e0bd6f','arclist','',6,'SELECT `b`.*,`a`.* FROM `hw_archives` `a` LEFT JOIN `hw_arctype` `b` ON `b`.`id`=`a`.`typeid` WHERE  (  a.typeid IN (23,23) AND a.channel IN (9) AND a.arcrank > -1 AND a.status = 1 AND a.is_del = 0 )  AND `a`.`lang` = \'cn\' ORDER BY a.aid desc LIMIT 6','a.aid desc','','','a:4:{s:7:\\\"orderby\\\";s:4:\\\"rand\\\";s:8:\\\"titlelen\\\";s:2:\\\"30\\\";s:3:\\\"row\\\";s:1:\\\"6\\\";s:6:\\\"typeid\\\";s:5:\\\"23,23\\\";}',1564978722,1565248473),(41,'arclist031dac4c91d7ab3607722fdb1705316d','arclist','',5,'SELECT `b`.*,`a`.* FROM `hw_archives` `a` LEFT JOIN `hw_arctype` `b` ON `b`.`id`=`a`.`typeid` WHERE  (  a.typeid IN (2,10,56,60,62,11,58,12,2) AND a.channel IN (1) AND a.arcrank > -1 AND a.status = 1 AND a.is_del = 0 )  AND `a`.`lang` = \'cn\' ORDER BY a.sort_order asc, a.aid desc LIMIT 5','a.sort_order asc, a.aid desc','','','a:3:{s:3:\\\"row\\\";s:1:\\\"5\\\";s:8:\\\"titlelen\\\";s:2:\\\"40\\\";s:6:\\\"typeid\\\";s:24:\\\"2,10,56,60,62,11,58,12,2\\\";}',1565080638,1565081609),(42,'arclist46740127f31460ef6da55d0e79f9c2d7','arclist','',4,'SELECT `b`.*,`a`.* FROM `hw_archives` `a` LEFT JOIN `hw_arctype` `b` ON `b`.`id`=`a`.`typeid` WHERE  (  a.typeid IN (4,64,66,4) AND a.channel IN (3) AND a.arcrank > -1 AND a.status = 1 AND a.is_del = 0 )  AND `a`.`lang` = \'cn\' ORDER BY a.sort_order asc, a.aid desc LIMIT 4','a.sort_order asc, a.aid desc','','','a:3:{s:3:\\\"row\\\";s:1:\\\"4\\\";s:8:\\\"titlelen\\\";s:2:\\\"30\\\";s:6:\\\"typeid\\\";s:9:\\\"4,64,66,4\\\";}',1565084028,1566369132),(43,'arclist985346079685352bfbe0e0633afbc119','arclist','',10,'SELECT `b`.*,`a`.* FROM `hw_archives` `a` LEFT JOIN `hw_arctype` `b` ON `b`.`id`=`a`.`typeid` WHERE  (  a.typeid IN (13) AND a.channel IN (1) AND a.arcrank > -1 AND a.status = 1 AND a.is_del = 0 )  AND `a`.`lang` = \'cn\' ORDER BY a.sort_order asc, a.aid desc LIMIT 10','a.sort_order asc, a.aid desc','','','a:3:{s:3:\\\"row\\\";s:2:\\\"10\\\";s:8:\\\"titlelen\\\";s:2:\\\"20\\\";s:6:\\\"typeid\\\";s:2:\\\"13\\\";}',1565084028,1565084028),(44,'arclist_5a76c5f011c2a588ce0e333c00b423e9','arclist','',8,'SELECT `b`.*,`a`.* FROM `hw_archives` `a` LEFT JOIN `hw_arctype` `b` ON `b`.`id`=`a`.`typeid` WHERE  (  a.typeid IN (20,24,25,20) AND a.channel IN (2) AND a.arcrank > -1 AND a.status = 1 AND a.is_del = 0 )  AND `a`.`lang` = \'cn\' ORDER BY a.sort_order asc, a.aid desc LIMIT 8','a.sort_order asc, a.aid desc','','','a:4:{s:6:\\\"typeid\\\";s:11:\\\"20,24,25,20\\\";s:3:\\\"row\\\";s:1:\\\"8\\\";s:8:\\\"titlelen\\\";s:2:\\\"30\\\";s:7:\\\"channel\\\";i:2;}',1567578955,1572425009),(45,'arclist_063a53b5d2473d808e305da149f05c61','arclist','',8,'SELECT `b`.*,`a`.* FROM `hw_archives` `a` LEFT JOIN `hw_arctype` `b` ON `b`.`id`=`a`.`typeid` WHERE  (  a.typeid IN (21,26,21) AND a.channel IN (2) AND a.arcrank > -1 AND a.status = 1 AND a.is_del = 0 )  AND `a`.`lang` = \'cn\' ORDER BY a.sort_order asc, a.aid desc LIMIT 8','a.sort_order asc, a.aid desc','','','a:4:{s:6:\\\"typeid\\\";s:8:\\\"21,26,21\\\";s:3:\\\"row\\\";s:1:\\\"8\\\";s:8:\\\"titlelen\\\";s:2:\\\"30\\\";s:7:\\\"channel\\\";i:2;}',1567578955,1572425009),(46,'arclist_f0baa6c505a2ed9d3e6216131c3065f6','arclist','',8,'SELECT `b`.*,`a`.* FROM `hw_archives` `a` LEFT JOIN `hw_arctype` `b` ON `b`.`id`=`a`.`typeid` WHERE  (  a.typeid IN (22,27,28,29,22) AND a.channel IN (2) AND a.arcrank > -1 AND a.status = 1 AND a.is_del = 0 )  AND `a`.`lang` = \'cn\' ORDER BY a.sort_order asc, a.aid desc LIMIT 8','a.sort_order asc, a.aid desc','','','a:4:{s:6:\\\"typeid\\\";s:14:\\\"22,27,28,29,22\\\";s:3:\\\"row\\\";s:1:\\\"8\\\";s:8:\\\"titlelen\\\";s:2:\\\"30\\\";s:7:\\\"channel\\\";i:2;}',1567578955,1572425009),(47,'arclist_4a1e4b2a3c164a2513efaabc7695ff8c','arclist','',6,'SELECT `b`.*,`a`.* FROM `hw_archives` `a` LEFT JOIN `hw_arctype` `b` ON `b`.`id`=`a`.`typeid` WHERE  (  a.typeid IN (2,10,11,12,2) AND a.channel IN (1) AND a.arcrank > -1 AND a.status = 1 AND a.is_del = 0 )  AND `a`.`lang` = \'cn\' ORDER BY a.sort_order asc, a.aid desc LIMIT 6','a.sort_order asc, a.aid desc','','','a:4:{s:3:\\\"row\\\";s:1:\\\"6\\\";s:8:\\\"titlelen\\\";s:2:\\\"30\\\";s:6:\\\"typeid\\\";s:12:\\\"2,10,11,12,2\\\";s:7:\\\"channel\\\";i:1;}',1567578955,1572484149),(48,'arclist_a60ee9dfcfd02e30cc0ff48a07f2abf0','arclist','',4,'SELECT `b`.*,`a`.* FROM `hw_archives` `a` LEFT JOIN `hw_arctype` `b` ON `b`.`id`=`a`.`typeid` WHERE  (  a.typeid IN (4,64,66,4) AND a.channel IN (3) AND a.arcrank > -1 AND a.status = 1 AND a.is_del = 0 )  AND `a`.`lang` = \'cn\' ORDER BY a.sort_order asc, a.aid desc LIMIT 4','a.sort_order asc, a.aid desc','','','a:4:{s:3:\\\"row\\\";s:1:\\\"4\\\";s:8:\\\"titlelen\\\";s:2:\\\"30\\\";s:6:\\\"typeid\\\";s:9:\\\"4,64,66,4\\\";s:7:\\\"channel\\\";i:3;}',1567578955,1572484149),(49,'arclist_47b16318fb008e048bb81470255204cb','arclist','',5,'SELECT `b`.*,`a`.* FROM `hw_archives` `a` LEFT JOIN `hw_arctype` `b` ON `b`.`id`=`a`.`typeid` WHERE  (  a.typeid IN (3,20,24,25,21,26,22,27,28,29,3) AND  (a.is_recom = 1)  AND a.channel IN (2) AND a.arcrank > -1 AND a.status = 1 AND a.is_del = 0 )  AND `a`.`lang` = \'cn\' ORDER BY a.add_time desc LIMIT 5','a.add_time desc','','','a:6:{s:4:\\\"flag\\\";s:1:\\\"c\\\";s:7:\\\"orderby\\\";s:3:\\\"now\\\";s:8:\\\"titlelen\\\";s:2:\\\"30\\\";s:3:\\\"row\\\";s:1:\\\"5\\\";s:6:\\\"typeid\\\";s:30:\\\"3,20,24,25,21,26,22,27,28,29,3\\\";s:7:\\\"channel\\\";i:2;}',1571037681,1571040561),(50,'arclist_c8f764156fe6c94913aefc34656aa01b','arclist','',4,'SELECT `b`.*,`a`.* FROM `hw_archives` `a` LEFT JOIN `hw_arctype` `b` ON `b`.`id`=`a`.`typeid` WHERE  (  a.typeid IN (3,20,24,25,21,26,22,27,28,29,3) AND a.channel IN (2) AND a.arcrank > -1 AND a.status = 1 AND a.is_del = 0 )  AND `a`.`lang` = \'cn\' ORDER BY a.sort_order asc, a.aid desc LIMIT 4','a.sort_order asc, a.aid desc','','','a:4:{s:3:\\\"row\\\";s:1:\\\"4\\\";s:8:\\\"titlelen\\\";s:2:\\\"30\\\";s:6:\\\"typeid\\\";s:30:\\\"3,20,24,25,21,26,22,27,28,29,3\\\";s:7:\\\"channel\\\";i:2;}',1571038596,1571038596),(51,'arclist_ffec36b5ef0c45fc8bfcf7f0caa1248c','arclist','',5,'SELECT `b`.*,`a`.* FROM `hw_archives` `a` LEFT JOIN `hw_arctype` `b` ON `b`.`id`=`a`.`typeid` WHERE  (  a.typeid IN (2,10,11,12,2) AND a.channel IN (1) AND a.arcrank > -1 AND a.status = 1 AND a.is_del = 0 )  AND `a`.`lang` = \'cn\' ORDER BY a.sort_order asc, a.aid desc LIMIT 5','a.sort_order asc, a.aid desc','','','a:4:{s:3:\\\"row\\\";s:1:\\\"5\\\";s:8:\\\"titlelen\\\";s:2:\\\"40\\\";s:6:\\\"typeid\\\";s:12:\\\"2,10,11,12,2\\\";s:7:\\\"channel\\\";i:1;}',1571038596,1571038596),(52,'arclist_ea010e69008d127156c4c0e05800db3e','arclist','',4,'SELECT `b`.*,`a`.* FROM `hw_archives` `a` LEFT JOIN `hw_arctype` `b` ON `b`.`id`=`a`.`typeid` WHERE  (  a.typeid IN (23,23) AND a.channel IN (9) AND a.arcrank > -1 AND a.status = 1 AND a.is_del = 0 )  AND `a`.`lang` = \'cn\' ORDER BY a.sort_order asc, a.aid desc LIMIT 4','a.sort_order asc, a.aid desc','gzdd,xzdy','recruit_content','a:5:{s:3:\\\"row\\\";s:1:\\\"4\\\";s:8:\\\"titlelen\\\";s:2:\\\"30\\\";s:9:\\\"addfields\\\";s:9:\\\"gzdd,xzdy\\\";s:6:\\\"typeid\\\";s:5:\\\"23,23\\\";s:7:\\\"channel\\\";i:9;}',1571038596,1571038596),(53,'arclist_1751e2252fcfa2d5a8edd0cb92b78c15','arclist','',4,'SELECT `b`.*,`a`.* FROM `hw_archives` `a` LEFT JOIN `hw_arctype` `b` ON `b`.`id`=`a`.`typeid` WHERE  (  a.typeid IN (1,8,9,68,70,74,76,1) AND a.channel IN (1) AND a.arcrank > -1 AND a.status = 1 AND a.is_del = 0 )  AND `a`.`lang` = \'cn\' ORDER BY rand() LIMIT 4','rand()','','','a:5:{s:7:\\\"orderby\\\";s:4:\\\"rand\\\";s:8:\\\"titlelen\\\";s:2:\\\"30\\\";s:3:\\\"row\\\";s:1:\\\"4\\\";s:6:\\\"typeid\\\";s:19:\\\"1,8,9,68,70,74,76,1\\\";s:7:\\\"channel\\\";i:1;}',1572426584,1572426584),(54,'arclist_0371604cbaec096cf4ffd29c54d7d23b','arclist','',6,'SELECT `b`.*,`a`.* FROM `hw_archives` `a` LEFT JOIN `hw_arctype` `b` ON `b`.`id`=`a`.`typeid` WHERE  (  a.typeid IN (8,8) AND a.channel IN (4) AND a.arcrank > -1 AND a.status = 1 AND a.is_del = 0 )  AND `a`.`lang` = \'cn\' ORDER BY rand() LIMIT 6','rand()','','','a:5:{s:7:\\\"orderby\\\";s:4:\\\"rand\\\";s:8:\\\"titlelen\\\";s:2:\\\"30\\\";s:3:\\\"row\\\";s:1:\\\"6\\\";s:6:\\\"typeid\\\";s:3:\\\"8,8\\\";s:7:\\\"channel\\\";i:4;}',1572484292,1572484443),(55,'arclist_c364803d74b945837c4529cc38faf046','arclist','',4,'SELECT `b`.*,`a`.* FROM `hw_archives` `a` LEFT JOIN `hw_arctype` `b` ON `b`.`id`=`a`.`typeid` WHERE  (  a.typeid IN (1,8,68,70,76,72,74,1) AND a.channel IN (1) AND a.arcrank > -1 AND a.status = 1 AND a.is_del = 0 )  AND `a`.`lang` = \'cn\' ORDER BY rand() LIMIT 4','rand()','','','a:5:{s:7:\\\"orderby\\\";s:4:\\\"rand\\\";s:8:\\\"titlelen\\\";s:2:\\\"30\\\";s:3:\\\"row\\\";s:1:\\\"4\\\";s:6:\\\"typeid\\\";s:20:\\\"1,8,68,70,76,72,74,1\\\";s:7:\\\"channel\\\";i:1;}',1572505893,1572505893),(56,'arclist_f1ec296d28c0367edfbfafebdcfe2572','arclist','',6,'SELECT `b`.*,`a`.* FROM `hw_archives` `a` LEFT JOIN `hw_arctype` `b` ON `b`.`id`=`a`.`typeid` WHERE  (  a.typeid IN (127,127) AND a.channel IN (4) AND a.arcrank > -1 AND a.status = 1 AND a.is_del = 0 )  AND `a`.`lang` = \'cn\' ORDER BY rand() LIMIT 6','rand()','','','a:5:{s:7:\\\"orderby\\\";s:4:\\\"rand\\\";s:8:\\\"titlelen\\\";s:2:\\\"30\\\";s:3:\\\"row\\\";s:1:\\\"6\\\";s:6:\\\"typeid\\\";s:7:\\\"127,127\\\";s:7:\\\"channel\\\";i:4;}',1572848682,1572851943),(57,'arclist_f41035669510e8ced6ddbf9c64871d67','arclist','',4,'SELECT `b`.*,`a`.* FROM `hw_archives` `a` LEFT JOIN `hw_arctype` `b` ON `b`.`id`=`a`.`typeid` WHERE  (  a.typeid IN (177,177) AND a.channel IN (1) AND a.arcrank > -1 AND a.status = 1 AND a.is_del = 0 )  AND `a`.`lang` = \'cn\' ORDER BY rand() LIMIT 4','rand()','','','a:5:{s:7:\\\"orderby\\\";s:4:\\\"rand\\\";s:8:\\\"titlelen\\\";s:2:\\\"30\\\";s:3:\\\"row\\\";s:1:\\\"4\\\";s:6:\\\"typeid\\\";s:7:\\\"177,177\\\";s:7:\\\"channel\\\";i:1;}',1573659515,1573659578),(58,'arclist_ea46e3136b0b1a269dc003b042ab528b','arclist','',4,'SELECT `b`.*,`a`.* FROM `hw_archives` `a` LEFT JOIN `hw_arctype` `b` ON `b`.`id`=`a`.`typeid` WHERE  (  a.typeid IN (175,175) AND a.channel IN (1) AND a.arcrank > -1 AND a.status = 1 AND a.is_del = 0 )  AND `a`.`lang` = \'cn\' ORDER BY rand() LIMIT 4','rand()','','','a:5:{s:7:\\\"orderby\\\";s:4:\\\"rand\\\";s:8:\\\"titlelen\\\";s:2:\\\"30\\\";s:3:\\\"row\\\";s:1:\\\"4\\\";s:6:\\\"typeid\\\";s:7:\\\"175,175\\\";s:7:\\\"channel\\\";i:1;}',1573724144,1575603224);
/*!40000 ALTER TABLE `hw_arcmulti` ENABLE KEYS */;

#
# Structure for table "hw_arcrank"
#

DROP TABLE IF EXISTS `hw_arcrank`;
CREATE TABLE `hw_arcrank` (
  `id` smallint(5) unsigned NOT NULL AUTO_INCREMENT COMMENT '权限ID',
  `rank` smallint(6) DEFAULT '0' COMMENT '权限值',
  `name` char(20) DEFAULT '' COMMENT '会员名称',
  `lang` varchar(50) DEFAULT 'cn' COMMENT '语言标识',
  `add_time` int(11) DEFAULT '0' COMMENT '新增时间',
  `update_time` int(11) DEFAULT '0' COMMENT '更新时间',
  PRIMARY KEY (`id`)
) ENGINE=MyISAM AUTO_INCREMENT=5 DEFAULT CHARSET=utf8 ROW_FORMAT=DYNAMIC COMMENT='文档阅读权限表';

#
# Data for table "hw_arcrank"
#

/*!40000 ALTER TABLE `hw_arcrank` DISABLE KEYS */;
INSERT INTO `hw_arcrank` VALUES (1,0,'开放浏览','cn',0,1552376880),(2,-1,'待审核稿件','cn',0,1552376880),(3,0,'开放浏览','en',0,1552376880),(4,-1,'待审核稿件','en',0,1552376880);
/*!40000 ALTER TABLE `hw_arcrank` ENABLE KEYS */;

#
# Structure for table "hw_arctype"
#

DROP TABLE IF EXISTS `hw_arctype`;
CREATE TABLE `hw_arctype` (
  `id` int(10) NOT NULL AUTO_INCREMENT COMMENT '栏目ID',
  `channeltype` int(10) DEFAULT '0' COMMENT '栏目顶级模型ID',
  `current_channel` int(10) DEFAULT '0' COMMENT '栏目当前模型ID',
  `parent_id` int(10) DEFAULT '0' COMMENT '栏目上级ID',
  `typename` varchar(200) DEFAULT '' COMMENT '栏目名称',
  `dirname` varchar(200) DEFAULT '' COMMENT '目录英文名',
  `dirpath` varchar(200) DEFAULT '' COMMENT '目录存放HTML路径',
  `englist_name` varchar(200) DEFAULT '' COMMENT '栏目英文名',
  `grade` tinyint(1) DEFAULT '0' COMMENT '栏目等级',
  `typelink` varchar(200) DEFAULT '' COMMENT '栏目链接',
  `litpic` varchar(250) DEFAULT '' COMMENT '栏目图片',
  `templist` varchar(200) DEFAULT '' COMMENT '列表模板文件名',
  `tempview` varchar(200) DEFAULT '' COMMENT '文档模板文件名',
  `seo_title` varchar(200) DEFAULT '' COMMENT 'SEO标题',
  `seo_keywords` varchar(200) DEFAULT '' COMMENT 'seo关键字',
  `seo_description` text COMMENT 'seo描述',
  `sort_order` int(10) DEFAULT '0' COMMENT '排序号',
  `is_hidden` tinyint(1) DEFAULT '0' COMMENT '是否隐藏栏目：0=显示，1=隐藏',
  `is_part` tinyint(1) DEFAULT '0' COMMENT '栏目属性：0=内容栏目，1=外部链接',
  `admin_id` int(10) DEFAULT '0' COMMENT '管理员ID',
  `is_del` tinyint(1) DEFAULT '0' COMMENT '伪删除，1=是，0=否',
  `del_method` tinyint(1) DEFAULT '0' COMMENT '伪删除状态，1为主动删除，2为跟随上级栏目被动删除',
  `status` tinyint(1) DEFAULT '1' COMMENT '启用 (1=正常，0=屏蔽)',
  `is_release` tinyint(1) DEFAULT '0' COMMENT '栏目是否应用于会员投稿发布，1是，0否',
  `weapp_code` varchar(50) DEFAULT '' COMMENT '插件栏目唯一标识',
  `lang` varchar(50) DEFAULT 'cn' COMMENT '语言标识',
  `add_time` int(11) DEFAULT '0' COMMENT '新增时间',
  `update_time` int(11) DEFAULT '0' COMMENT '更新时间',
  PRIMARY KEY (`id`),
  UNIQUE KEY `dirname` (`dirname`,`lang`) USING BTREE,
  KEY `parent_id` (`channeltype`,`parent_id`) USING BTREE
) ENGINE=MyISAM AUTO_INCREMENT=230 DEFAULT CHARSET=utf8 COMMENT='文档栏目表';

#
# Data for table "hw_arctype"
#

/*!40000 ALTER TABLE `hw_arctype` DISABLE KEYS */;
INSERT INTO `hw_arctype` VALUES (53,8,8,0,'Apply','baomingrukou','/baomingrukou','',0,'','','lists_guestbook.htm','','','','',7,0,0,0,1,2,1,0,'','en',1526539546,1572509489),(121,1,1,0,'课程中心','Course','/Course','',0,'','','lists_article.htm','view_article.htm','','','',2,0,0,1,0,0,1,0,'','cn',1572510245,1573093364),(122,1,1,0,'en课程中心','kechengzhongxin','/kechengzhongxin','',0,'','','lists_article.htm','view_article.htm','','','',100,0,0,1,0,0,1,0,'','en',1572510245,1572861303),(129,1,4,121,'免费课程','FreeCourse','/FreeCourse','',1,'','','lists_download.htm','view_download.htm','免费学习观看','免费学习观看','免费学习观看',2,0,0,1,0,0,1,0,'','cn',1572853698,1573096182),(130,1,4,121,'en免费课程','mianfeikecheng','/mianfeikecheng','',0,'','','lists_article.htm','view_article.htm','','','',100,0,0,1,0,0,1,0,'','en',1572853698,1573096182),(131,1,11,171,'下载中心','Download','/DownloadCenter/Download','',1,'','','lists_column.htm','view_column.htm','','','',1,0,0,1,0,0,1,0,'','cn',1572853726,1573646990),(132,1,11,171,'en下载中心','xiazaizhongxin','/xiazaizhongxin','',0,'http://www.baidu.com','','lists_article.htm','view_article.htm','','','',100,0,1,1,0,0,1,0,'','en',1572853726,1573646990),(133,1,1,121,'培训案例','TrainingCase','/TrainingCase/TrainingCase','',1,'','','lists_article.htm','view_article.htm','学习方向不对，努力白费','学习方向不对,努力白费','学习方向不对，努力白费',3,0,0,1,0,0,1,0,'','cn',1572853750,1573096198),(134,1,1,121,'en培训案例','peixunanli','/peixunanli','',0,'','','lists_article.htm','view_article.htm','','','',100,0,0,1,0,0,1,0,'','en',1572853750,1573096198),(135,1,1,0,'产品\\手机组态\\中心','Product','/Product','',0,'http://www.baidu.com','','lists_article.htm','view_article.htm','','','',3,0,1,1,0,0,1,0,'','cn',1572853757,1573710740),(136,1,1,0,'en产品中心','/Product','/Product','',0,'','','lists_article.htm','view_article.htm','','','',100,0,0,1,0,0,1,0,'','en',1572853757,1573710740),(137,1,2,121,'项目案例','ProjectCases','/ProjectCases/ProjectCases','',1,'','','lists_product.htm','view_product.htm','一人一机，专业辅导，学会为止','一人一机,专业辅导,学会为止','一人一机，专业辅导，学会为止',4,0,0,1,0,0,1,0,'','cn',1572853767,1573105367),(138,1,2,121,'en项目案例','xiangmuanli','/xiangmuanli','',0,'','','lists_article.htm','view_article.htm','','','',100,0,0,1,0,0,1,0,'','en',1572853767,1573105367),(139,1,6,171,'加盟中心','Affiliate','/Affiliate/Affiliate','',1,'','/uploads/allimg/20191107/1-19110G6001QR.jpg','lists_single.htm','','','','',3,0,0,1,0,0,1,0,'','cn',1572853774,1573724928),(140,1,6,171,'en加盟中心','jiamengzhongxin','/jiamengzhongxin','',0,'','','lists_article.htm','view_article.htm','','','',100,0,0,1,0,0,1,0,'','en',1572853774,1573724928),(141,1,1,171,'购买中心','purchase','/purchase/purchase','',1,'https://item.taobao.com/item.htm?id=579561741829','','lists_article.htm','view_article.htm','','','',4,0,1,1,0,0,1,0,'','cn',1572853781,1573107333),(142,1,1,171,'en购买中心','goumaizhongxin','/goumaizhongxin','',0,'','','lists_article.htm','view_article.htm','','','',100,0,0,1,0,0,1,0,'','en',1572853781,1573107333),(143,1,1,171,'在线直播','Live','/Live','',0,'','','lists_article.htm','view_article.htm','','','',2,0,0,1,0,0,1,0,'','cn',1572853790,1573093245),(144,1,1,171,'en在线直播','zaixianzhibo','/zaixianzhibo','',0,'','','lists_article.htm','view_article.htm','','','',100,0,0,1,0,0,1,0,'','en',1572853790,1572863403),(149,1,4,169,'电工','diangong','/CourseCenter/CourseCenter/diangong','',2,'','','lists_download.htm','view_download.htm','割发代首刚发的广泛地','跟对方答复更广泛的地方官','打个梵蒂冈发鬼地方',2,0,0,1,0,0,1,0,'','cn',1572861416,1573651742),(150,1,4,122,'en电工','diangong','/CourseCenter/diangong','',1,'','','lists_download.htm','view_download.htm','','','',100,0,0,1,0,0,1,0,'','en',1572861416,1573193927),(151,1,4,169,'PLC','plc','/CourseCenter/CourseCenter/plc','',2,'','','lists_download.htm','view_download.htm','1111','111','111',1,0,0,1,0,0,1,0,'','cn',1572861428,1573651742),(152,1,4,122,'enPLC','plc','/CourseCenter/plc','',1,'','','lists_download.htm','view_download.htm','','','',100,0,0,1,0,0,1,0,'','en',1572861428,1573638824),(153,1,4,169,'变频器','bianpinqi','/CourseCenter/CourseCenter','',1,'','','lists_download.htm','view_download.htm','','','',3,0,0,1,0,0,1,0,'','cn',1572861443,1573651742),(154,1,4,122,'en变频器','bianpinqi','/CourseCenter/bianpinqi','',1,'','','lists_download.htm','view_download.htm','','','',100,0,0,1,0,0,1,0,'','en',1572861443,1572861443),(155,1,3,173,'工控帮团队','team','/guanyugongkong/team','',1,'http://vstation.io','/uploads/allimg/20191113/1-19111315563R01.jpg','lists_images.htm','view_images.htm','工控帮团队','工控帮团队','工控帮团队',100,1,1,1,0,0,1,0,'','cn',1572863825,1574660242),(156,3,3,173,'en工控帮团队','team','/team','',0,'','','lists_images.htm','view_images.htm','','','',100,0,0,1,0,0,1,0,'','en',1572863825,1573631800),(157,1,4,169,'伺服','servo','/CourseCenter/CourseCenter','',1,'','','lists_download.htm','view_download.htm','','','',4,0,0,1,0,0,1,0,'','cn',1572944810,1573651742),(158,1,4,122,'en伺服','servo','/CourseCenter/servo','',1,'','','lists_download.htm','view_download.htm','','','',100,0,0,1,0,0,1,0,'','en',1572944810,1572944810),(169,1,4,121,'精品课程','CourseCenter','/CourseCenter/CourseCenter','',1,'','','lists_download.htm','view_download.htm','成都工控邦技术讲解畅享学习','成都工控邦技术讲解畅享学习','成都工控邦技术讲解畅享学习',1,0,0,1,0,0,1,0,'','cn',1573092930,1573651742),(170,1,4,122,'en精品课程','jingpinkecheng','/CourseCenter/jingpinkecheng','',1,'','','lists_article.htm','view_article.htm','','','',100,0,0,1,0,0,1,0,'','en',1573092930,1573651742),(171,1,1,0,'其他','qita','/qita','',0,'','','lists_article.htm','view_article.htm','','','',4,0,0,1,0,0,1,0,'','cn',1573093183,1573093374),(172,1,1,0,'en其他','qita','/qita','',0,'','','lists_article.htm','view_article.htm','','','',100,0,0,1,0,0,1,0,'','en',1573093183,1573093183),(173,1,1,0,'关于工控','guanyugongkong','/guanyugongkong','',0,'','','lists_article.htm','view_article.htm','','','',1,0,0,1,0,0,1,0,'','cn',1573093262,1574660242),(174,1,1,0,'en关于工控','guanyugongkong','/guanyugongkong','',0,'','','lists_article.htm','view_article.htm','','','',100,0,0,1,0,0,1,0,'','en',1573093262,1574660242),(175,1,1,173,'公司简介','Introduction','/guanyugongkong/Introduction','',1,'','/uploads/allimg/20191107/1-19110G6001QR.jpg','lists_article.htm','view_article.htm','','','',1,0,0,1,0,0,1,0,'','cn',1573093412,1574660242),(176,1,1,174,'en公司简介','aboutus','/aboutus','',1,'','','lists_article.htm','view_article.htm','','','',100,0,0,1,0,0,1,0,'','en',1573093412,1573113621),(177,1,1,173,'联系我们','contactus','/guanyugongkong','',1,'','','lists_article.htm','view_article.htm','','','',2,0,0,1,0,0,1,0,'','cn',1573093421,1574660242),(178,1,1,174,'en联系我们','contactus','/contactus','',1,'','','lists_article.htm','view_article.htm','','','',100,0,0,1,0,0,1,0,'','en',1573093421,1573093421),(179,1,2,135,'产品\\手机组态\\中心','productcenter','/Product/productcenter','',1,'','','lists_product.htm','view_product.htm','','','',100,0,0,1,0,0,1,0,'','cn',1573093522,1573710790),(180,1,2,136,'en产品中心','productcenter','/productcenter','',1,'','','lists_article.htm','view_article.htm','','','',100,0,0,1,0,0,1,0,'','en',1573093522,1573710790),(183,1,4,121,'学员心声','voice','/guanyugongkong/voice','',1,'','','lists_download.htm','view_download.htm','','','',100,1,0,1,0,0,1,0,'','cn',1573537322,1573537322),(184,1,4,122,'en学员心声','voice','/guanyugongkong/voice','',1,'','','lists_download.htm','view_download.htm','','','',100,1,0,1,0,0,1,0,'','en',1573537322,1573537322),(185,1,3,173,'热门导师','tutor','/guanyugongkong/tutor','',1,'','/uploads/allimg/20191115/1-191115112K2415.png','lists_images.htm','view_images.htm','','','',100,1,0,1,0,0,1,0,'','cn',1573542337,1574660242),(186,1,3,174,'en热门导师','tutor','/guanyugongkong/tutor','',1,'','/uploads/allimg/20191112/1-191112150506360.jpg','lists_images.htm','view_images.htm','','','',100,1,0,1,0,0,1,0,'','en',1573542337,1573788476),(187,1,4,169,'制图软件','cadzhituruanjian','/CourseCenter/CourseCenter/cadzhituruanjian','',2,'','','lists_download.htm','view_download.htm','','','',100,0,0,1,0,0,1,0,'','cn',1573637404,1573700908),(188,1,4,170,'enCAD制图软件','cadzhituruanjian','/CourseCenter/CourseCenter/cadzhituruanjian','',2,'','','lists_download.htm','view_download.htm','','','',100,0,0,1,0,0,1,0,'','en',1573637404,1573700908),(193,1,4,151,'西门子smart200','ximenzismart200565','/CourseCenter/CourseCenter/plc','',2,'','','lists_download.htm','view_download.htm','','','',100,0,0,1,0,0,1,0,'','cn',1573638246,1573651742),(194,1,4,152,'en西门子smart200','ximenzismart200565','/CourseCenter/CourseCenter/ximenzismart200565','',2,'','','lists_download.htm','view_download.htm','','','',100,0,0,1,0,0,1,0,'','en',1573638246,1573638246),(195,1,4,151,'西门子1200','ximenzi1200','/CourseCenter/CourseCenter/plc','',2,'','','lists_download.htm','view_download.htm','','','',100,0,0,1,0,0,1,0,'','cn',1573638356,1573651742),(196,1,4,152,'en西门子1200','ximenzi1200','/CourseCenter/CourseCenter/ximenzi1200','',2,'','','lists_download.htm','view_download.htm','','','',100,0,0,1,0,0,1,0,'','en',1573638356,1573638356),(197,1,4,151,'西门子300','ximenzi300','/CourseCenter/CourseCenter/plc','',2,'','','lists_download.htm','view_download.htm','','','',100,0,0,1,0,0,1,0,'','cn',1573638416,1573651742),(198,1,4,152,'en西门子300','ximenzi300','/CourseCenter/CourseCenter/ximenzi300','',2,'','','lists_download.htm','view_download.htm','','','',100,0,0,1,0,0,1,0,'','en',1573638416,1573638416),(199,1,4,151,'西门子1500','ximenzi1500','/CourseCenter/CourseCenter/plc','',2,'','','lists_download.htm','view_download.htm','','','',100,0,0,1,0,0,1,0,'','cn',1573638435,1573651742),(200,1,4,152,'en西门子1500','ximenzi1500','/CourseCenter/CourseCenter/ximenzi1500','',2,'','','lists_download.htm','view_download.htm','','','',100,0,0,1,0,0,1,0,'','en',1573638435,1573638435),(201,1,4,151,'西门子400','ximenzi400','/CourseCenter/CourseCenter/plc','',2,'','','lists_download.htm','view_download.htm','','','',100,0,0,1,0,0,1,0,'','cn',1573638456,1573651742),(202,1,4,152,'en西门子400','ximenzi400','/CourseCenter/CourseCenter/ximenzi400','',2,'','','lists_download.htm','view_download.htm','','','',100,0,0,1,0,0,1,0,'','en',1573638456,1573638456),(211,1,4,151,'三菱PLC ','sanlingplc779','/CourseCenter/CourseCenter/plc/sanlingplc779','',3,'','','lists_download.htm','view_download.htm','','','',100,0,0,1,0,0,1,0,'','cn',1573638889,1573651742),(212,1,4,152,'en三菱PLC ','sanlingplc779','/CourseCenter/CourseCenter/plc/sanlingplc779','',3,'','','lists_download.htm','view_download.htm','','','',100,0,0,1,0,0,1,0,'','en',1573638889,1573638889),(213,1,4,151,'三菱PLCFX3U','sanlingplcfx3u','/CourseCenter/CourseCenter/plc/sanlingplcfx3u','',3,'','','lists_download.htm','view_download.htm','','','',100,0,0,1,0,0,1,0,'','cn',1573638925,1573651742),(214,1,4,152,'en三菱PLCFX3U','sanlingplcfx3u','/CourseCenter/CourseCenter/plc/sanlingplcfx3u','',3,'','','lists_download.htm','view_download.htm','','','',100,0,0,1,0,0,1,0,'','en',1573638925,1573638925),(215,1,4,151,'三菱PLCFX5U','sanlingplcfx5u','/CourseCenter/CourseCenter/plc/sanlingplcfx5u','',3,'','','lists_download.htm','view_download.htm','','','',100,0,0,1,0,0,1,0,'','cn',1573638944,1573651742),(216,1,4,152,'en三菱PLCFX5U','sanlingplcfx5u','/CourseCenter/CourseCenter/plc/sanlingplcfx5u','',3,'','','lists_download.htm','view_download.htm','','','',100,0,0,1,0,0,1,0,'','en',1573638944,1573638944),(217,1,4,151,'三菱PLCQ系列 ','sanlingplcqxilie241','/CourseCenter/CourseCenter/plc/sanlingplcqxilie241','',3,'','','lists_download.htm','view_download.htm','','','',100,0,0,1,0,0,1,0,'','cn',1573638962,1573651742),(218,1,4,152,'en三菱PLCQ系列 ','sanlingplcqxilie241','/CourseCenter/CourseCenter/plc/sanlingplcqxilie241','',3,'','','lists_download.htm','view_download.htm','','','',100,0,0,1,0,0,1,0,'','en',1573638962,1573638962),(219,1,4,169,'手机组态软件','shoujizutairuanjian','/CourseCenter/CourseCenter/shoujizutairuanjian','',2,'','','lists_download.htm','view_download.htm','','','',100,0,0,1,0,0,1,0,'','cn',1573645446,1573651742),(220,1,4,170,'en手机组态软件','shoujizutairuanjian','/CourseCenter/CourseCenter/shoujizutairuanjian','',2,'','','lists_download.htm','view_download.htm','','','',100,0,0,1,0,0,1,0,'','en',1573645446,1573645446),(221,1,4,169,'触摸屏','chumoping','/CourseCenter/CourseCenter/chumoping','',2,'','','lists_download.htm','view_download.htm','','','',100,0,0,1,0,0,1,0,'','cn',1573645487,1573651742),(222,1,4,170,'en触摸屏','chumoping','/CourseCenter/CourseCenter/chumoping','',2,'','','lists_download.htm','view_download.htm','','','',100,0,0,1,0,0,1,0,'','en',1573645487,1573645487),(223,1,4,121,'案例课程','CaseCourse','/Course/anlikecheng','',1,'','','lists_download.htm','view_download.htm','','','',100,0,0,1,0,0,1,0,'','cn',1573702902,1573702902),(224,1,4,122,'en案例课程','CaseCourse','/Course/anlikecheng','',1,'','','lists_download.htm','view_download.htm','','','',100,0,0,1,0,0,1,0,'','en',1573702902,1573702902),(225,1,6,171,'会员权限','permission','/qita/permission','',1,'','','lists_single.htm','','','','',100,0,0,1,1,1,1,0,'','cn',1575602946,1575603037),(226,1,6,172,'en会员权限','huiyuanquanxian','/qita/huiyuanquanxian','',1,'','','lists_single.htm','','','','',100,0,0,1,1,1,1,0,'','en',1575602946,1575603037),(227,1,6,131,'会员权限','huiyuanquanxian','/DownloadCenter/Download/huiyuanquanxian','',2,'','','lists_single.htm','','','','',100,0,0,1,0,0,1,0,'','cn',1575603274,1575603274),(228,1,6,171,'会员权限','hyqx','/qita/hyqx','',1,'','','lists_single.htm','','','','',100,1,0,1,0,0,1,0,'','cn',1575603296,1575604120),(229,1,6,172,'en会员权限','huiyuanquanxian694','/qita/huiyuanquanxian694','',1,'','','lists_single.htm','','','','',100,0,0,1,0,0,1,0,'','en',1575603296,1575603393);
/*!40000 ALTER TABLE `hw_arctype` ENABLE KEYS */;

#
# Structure for table "hw_article_content"
#

DROP TABLE IF EXISTS `hw_article_content`;
CREATE TABLE `hw_article_content` (
  `id` int(10) NOT NULL AUTO_INCREMENT,
  `aid` int(10) DEFAULT '0' COMMENT '文档ID',
  `content` longtext COMMENT '内容详情',
  `add_time` int(11) DEFAULT '0' COMMENT '新增时间',
  `update_time` int(11) DEFAULT '0' COMMENT '更新时间',
  `ad_show` varchar(250) NOT NULL DEFAULT '' COMMENT '广告图展示图',
  PRIMARY KEY (`id`),
  KEY `news_id` (`aid`) USING BTREE
) ENGINE=MyISAM AUTO_INCREMENT=54 DEFAULT CHARSET=utf8 COMMENT='文章附加表';

#
# Data for table "hw_article_content"
#

/*!40000 ALTER TABLE `hw_article_content` DISABLE KEYS */;
INSERT INTO `hw_article_content` VALUES (1,1,'&lt;p style=&quot;margin-top: 0px; margin-bottom: 0px; padding: 0px; line-height: 32px; color: rgb(64, 64, 64); font-family: &amp;quot;microsoft yahei&amp;quot;; white-space: normal; background-color: rgb(243, 243, 243);&quot;&gt;成都工控邦科技有限公司&lt;/p&gt;&lt;p style=&quot;margin-top: 0px; margin-bottom: 0px; padding: 0px; line-height: 32px; color: rgb(64, 64, 64); font-family: &amp;quot;microsoft yahei&amp;quot;; white-space: normal; background-color: rgb(243, 243, 243);&quot;&gt;联系人：胡 敏：17761284751&lt;/p&gt;&lt;p style=&quot;margin-top: 0px; margin-bottom: 0px; padding: 0px; line-height: 32px; color: rgb(64, 64, 64); font-family: &amp;quot;microsoft yahei&amp;quot;; white-space: normal; background-color: rgb(243, 243, 243);&quot;&gt;电话：028-62498098&lt;/p&gt;&lt;p style=&quot;margin-top: 0px; margin-bottom: 0px; padding: 0px; line-height: 32px; color: rgb(64, 64, 64); font-family: &amp;quot;microsoft yahei&amp;quot;; white-space: normal; background-color: rgb(243, 243, 243);&quot;&gt;微信：19983515895&lt;/p&gt;&lt;p style=&quot;margin-top: 0px; margin-bottom: 0px; padding: 0px; line-height: 32px; color: rgb(64, 64, 64); font-family: &amp;quot;microsoft yahei&amp;quot;; white-space: normal; background-color: rgb(243, 243, 243);&quot;&gt;邮箱：1740089278@qq.com&lt;/p&gt;&lt;p style=&quot;margin-top: 0px; margin-bottom: 0px; padding: 0px; line-height: 32px; color: rgb(64, 64, 64); font-family: &amp;quot;microsoft yahei&amp;quot;; white-space: normal; background-color: rgb(243, 243, 243);&quot;&gt;地址：成都市锦江一环路东四段牛王庙D出口普生大厦603&lt;/p&gt;&lt;p&gt;&lt;br/&gt;&lt;/p&gt;',1573202720,1573202720,''),(2,2,'&lt;p&gt;&lt;span style=&quot;color: rgb(64, 64, 64); font-family: &amp;quot;microsoft yahei&amp;quot;; text-indent: 32px; background-color: rgb(243, 243, 243);&quot;&gt;&amp;nbsp;&amp;nbsp;&amp;nbsp;&amp;nbsp;&amp;nbsp;&amp;nbsp;&amp;nbsp;&amp;nbsp;成都工控邦科技有限公司是一家专业的PLC自动化、工业机器人、PLC工业控制、3D自动化设备培训机构；为大学生、公司技术人员、社会有志青年提供3D自动化设备设计、PLC工业控制、工业机器人的培训,公司项目多样化， 适应各大人才适用；我们精心打造并推出理论与实践为一体的培训套餐，全面性的提高学员的个人3D设计能力和PLC工业控制能力。 适合对象：电工、调试人员、电气&lt;/span&gt;&lt;/p&gt;&lt;p&gt;&lt;img src=&quot;/public/plugins/Ueditor/themes/default/images/spacer.gif&quot; word_img=&quot;file:///C:/Users/%E9%87%91%E6%88%8B/Desktop/video_school/static/picture/about.jpg&quot; style=&quot;background:url(/public/plugins/Ueditor/lang/zh-cn/images/localimage.png) no-repeat center center;border:1px solid #ddd&quot;/&gt;&amp;nbsp;&amp;nbsp;&amp;nbsp;&amp;nbsp;&amp;nbsp;&amp;nbsp;&amp;nbsp;&amp;nbsp;&amp;nbsp;&amp;nbsp;&amp;nbsp;&amp;nbsp;&amp;nbsp;&amp;nbsp;&amp;nbsp;&amp;nbsp;&amp;nbsp;&amp;nbsp;&amp;nbsp;&amp;nbsp;&amp;nbsp;&amp;nbsp;&amp;nbsp;&amp;nbsp;&amp;nbsp;&amp;nbsp;&amp;nbsp;&amp;nbsp;&amp;nbsp;&amp;nbsp;&amp;nbsp;&amp;nbsp;&amp;nbsp;&amp;nbsp;&amp;nbsp;&amp;nbsp;&amp;nbsp;&amp;nbsp;&amp;nbsp;&amp;nbsp;&amp;nbsp;&amp;nbsp;&amp;nbsp;&amp;nbsp;&amp;nbsp;&amp;nbsp;&amp;nbsp;&amp;nbsp;&amp;nbsp;&amp;nbsp;&amp;nbsp;&amp;nbsp;&amp;nbsp;&amp;nbsp;&amp;nbsp;&amp;nbsp;&amp;nbsp;&amp;nbsp;&amp;nbsp;&amp;nbsp;&amp;nbsp;&amp;nbsp;&amp;nbsp;&amp;nbsp;&lt;img src=&quot;/uploads/ueditor/20191108/1-19110Q64A6235.jpg&quot; title=&quot;1-19110Q64A6235.jpg&quot; alt=&quot;1-19110Q64A6235.jpg&quot;/&gt;&lt;/p&gt;',1573202824,1573202824,''),(3,4,'&lt;p&gt;打撒大萨达所地方发多少大范甘迪&amp;nbsp;&lt;/p&gt;',1573203861,1573203861,''),(4,9,'&lt;p&gt;&lt;span style=&quot;color: rgb(64, 64, 64); font-family: &amp;quot;microsoft yahei&amp;quot;; text-indent: 32px; background-color: rgb(243, 243, 243);&quot;&gt;成都工控邦科技有限公司是一家专业的PLC自动化、工业机器人、PLC工业控制、3D自动化设备培训机构；为大学生、公司技术人员、社会有志青年提供3D自动化设备设计、PLC工业控制、工业机器人的培训,公司项目多样化， 适应各大人才适用；我们精心打造并推出理论与实践为一体的培训套餐，全面性的提高学员的个人3D设计能力和PLC工业控制能力。 适合对象：电工、调试人员、电气&lt;/span&gt;&lt;/p&gt;&lt;p&gt;&amp;nbsp;&amp;nbsp;&amp;nbsp;&amp;nbsp;&amp;nbsp;&amp;nbsp;&amp;nbsp;&amp;nbsp;&amp;nbsp;&amp;nbsp;&amp;nbsp;&amp;nbsp;&amp;nbsp;&amp;nbsp;&amp;nbsp;&amp;nbsp;&amp;nbsp;&amp;nbsp;&amp;nbsp;&amp;nbsp;&amp;nbsp;&amp;nbsp;&amp;nbsp;&amp;nbsp;&amp;nbsp;&amp;nbsp;&amp;nbsp;&amp;nbsp;&amp;nbsp;&amp;nbsp;&amp;nbsp;&amp;nbsp;&amp;nbsp;&amp;nbsp;&amp;nbsp;&amp;nbsp;&amp;nbsp;&amp;nbsp;&amp;nbsp;&amp;nbsp;&amp;nbsp;&amp;nbsp;&amp;nbsp;&amp;nbsp;&amp;nbsp;&amp;nbsp;&amp;nbsp;&amp;nbsp;&amp;nbsp;&amp;nbsp;&amp;nbsp;&amp;nbsp;&amp;nbsp;&amp;nbsp;&amp;nbsp;&amp;nbsp;&amp;nbsp;&amp;nbsp;&amp;nbsp;&amp;nbsp;&amp;nbsp;&amp;nbsp;&amp;nbsp;&amp;nbsp;&lt;img src=&quot;/uploads/ueditor/20191108/1-19110QIH4124.jpg&quot; title=&quot;1-19110QIH4124.jpg&quot; alt=&quot;1-19110QIH4124.jpg&quot;/&gt;&lt;/p&gt;',1573205850,1573205850,''),(5,10,'&lt;p style=&quot;margin-top: 0px; margin-bottom: 0px; padding: 0px; line-height: 32px; color: rgb(64, 64, 64); font-family: &amp;quot;microsoft yahei&amp;quot;; white-space: normal; background-color: rgb(243, 243, 243);&quot;&gt;成都工控邦科技有限公司&lt;/p&gt;&lt;p style=&quot;margin-top: 0px; margin-bottom: 0px; padding: 0px; line-height: 32px; color: rgb(64, 64, 64); font-family: &amp;quot;microsoft yahei&amp;quot;; white-space: normal; background-color: rgb(243, 243, 243);&quot;&gt;邮箱：1740089278@qq.com&lt;/p&gt;&lt;p style=&quot;margin-top: 0px; margin-bottom: 0px; padding: 0px; line-height: 32px; color: rgb(64, 64, 64); font-family: &amp;quot;microsoft yahei&amp;quot;; white-space: normal; background-color: rgb(243, 243, 243);&quot;&gt;地址：成都市龙泉振中路2号&lt;/p&gt;&lt;p&gt;&lt;br/&gt;&lt;/p&gt;',1573659623,1573659623,''),(6,11,'&lt;p&gt;&lt;span style=&quot;color: rgb(64, 64, 64); font-family: &amp;quot;microsoft yahei&amp;quot;; text-indent: 32px; background-color: rgb(243, 243, 243);&quot;&gt;&amp;nbsp; &amp;nbsp; 成都工控邦科技有限公司是一家专业的PLC自动化、工业机器人、PLC工业控制、网站建设、电子工业产品、3D自动化设备培训机构；为大学生、公司技术人员、社会有志青年提供3D自动化设备设计、PLC工业控制、工业机器人的培训,公司项目多样化， 适应各大人才适用；我们精心打造并推出理论与实践为一体的培训套餐，全面性的提高学员的个人3D设计能力和PLC工业控制能力。 适合对象：电工、调试人员、电气工程技术，等一系例的维修人员&lt;/span&gt;&lt;/p&gt;&lt;p&gt;&amp;nbsp; &amp;nbsp; 公司经营：代写PLC程序 机械设计 车床 线形切割 非标自动化设计&lt;br/&gt;&lt;/p&gt;',1573666347,1573666347,''),(51,186,'&lt;p&gt; &lt;img style=&quot;max-width:100%!important;height:auto;width: 290px; height: 200px; max-width: 100% !important;&quot; src=&quot;/uploads/ueditor/20191113/1-191113161145352.JPG&quot; title=&quot;1-191113161145352.JPG&quot; alt=&quot;1-191113161145352.JPG&quot; width=&quot;300&quot; height=&quot;200&quot; border=&quot;0&quot; vspace=&quot;0&quot;/&gt;&amp;nbsp;&amp;nbsp;&lt;img src=&quot;http://www.gkbplc.com/uploads/ueditor/20191113/1-191113161215104.JPG&quot; title=&quot;1-191113161215104.JPG&quot; alt=&quot;1-191113161215104.JPG&quot; width=&quot;300&quot; height=&quot;200&quot; border=&quot;0&quot; vspace=&quot;0&quot; style=&quot;max-width:100%!important;height:auto;white-space: normal; width: 290px; height: 200px; max-width: 100% !important;&quot;/&gt;&amp;nbsp;&lt;img src=&quot;/uploads/ueditor/20191113/1-191113161330F0.JPG&quot; title=&quot;1-191113161330F0.JPG&quot; alt=&quot;1-191113161330F0.JPG&quot; width=&quot;300&quot; height=&quot;200&quot; border=&quot;0&quot; vspace=&quot;0&quot; style=&quot;max-width:100%!important;height:auto;white-space: normal; width: 290px; height: 200px; max-width: 100% !important;&quot;/&gt;&amp;nbsp;&lt;img src=&quot;/uploads/ueditor/20191113/1-1911131614342Q.JPG&quot; title=&quot;1-1911131614342Q.JPG&quot; alt=&quot;1-1911131614342Q.JPG&quot; width=&quot;300&quot; height=&quot;200&quot; border=&quot;0&quot; vspace=&quot;0&quot; style=&quot;max-width:100%!important;height:auto;white-space: normal; width: 290px; height: 200px; max-width: 100% !important;&quot;/&gt;&lt;img src=&quot;/uploads/ueditor/20191113/1-191113161501J5.JPG&quot; title=&quot;1-191113161501J5.JPG&quot; alt=&quot;1-191113161501J5.JPG&quot; width=&quot;300&quot; height=&quot;200&quot; border=&quot;0&quot; vspace=&quot;0&quot; style=&quot;max-width:100%!important;height:auto;white-space: normal; width: 290px; height: 200px; max-width: 100% !important;&quot;/&gt;&amp;nbsp;&amp;nbsp;&lt;img src=&quot;/uploads/ueditor/20191113/1-19111316152XS.JPG&quot; title=&quot;1-19111316152XS.JPG&quot; alt=&quot;1-19111316152XS.JPG&quot; width=&quot;300&quot; height=&quot;200&quot; border=&quot;0&quot; vspace=&quot;0&quot; style=&quot;max-width:100%!important;height:auto;white-space: normal; width: 290px; height: 200px; max-width: 100% !important;&quot;/&gt;&amp;nbsp;&lt;img src=&quot;/uploads/ueditor/20191113/1-191113161549A3.JPG&quot; title=&quot;1-191113161549A3.JPG&quot; alt=&quot;1-191113161549A3.JPG&quot; width=&quot;300&quot; height=&quot;200&quot; border=&quot;0&quot; vspace=&quot;0&quot; style=&quot;max-width:100%!important;height:auto;white-space: normal; width: 290px; height: 200px; max-width: 100% !important;&quot;/&gt;&amp;nbsp;&lt;img src=&quot;/uploads/ueditor/20191113/1-19111316164a45.JPG&quot; title=&quot;1-19111316164a45.JPG&quot; alt=&quot;1-19111316164a45.JPG&quot; width=&quot;300&quot; height=&quot;200&quot; border=&quot;0&quot; vspace=&quot;0&quot; style=&quot;max-width:100%!important;height:auto;white-space: normal; width: 290px; height: 200px; max-width: 100% !important;&quot;/&gt;&amp;nbsp; &lt;/p&gt;',1573633454,1573633454,''),(52,197,'&lt;p&gt;&lt;img src=&quot;/uploads/ueditor/20191113/1-191113163041335.jpg&quot; title=&quot;1-191113163041335.jpg&quot; alt=&quot;1-191113163041335.jpg&quot; width=&quot;300&quot; height=&quot;200&quot; border=&quot;0&quot; vspace=&quot;0&quot; style=&quot;margin: 11px 0px; padding: 0px; border: 0px; vertical-align: middle; max-width: 100%; color: rgb(64, 64, 64); font-family: &amp;quot;microsoft yahei&amp;quot;; font-size: 14px; white-space: normal; background-color: rgb(243, 243, 243); width: 290px; height: 200px;&quot;/&gt;&lt;span style=&quot;color: rgb(64, 64, 64); font-family: &amp;quot;microsoft yahei&amp;quot;; font-size: 14px; background-color: rgb(243, 243, 243);&quot;&gt;&amp;nbsp;&lt;/span&gt;&lt;span style=&quot;color: rgb(64, 64, 64); font-family: &amp;quot;microsoft yahei&amp;quot;; font-size: 14px; background-color: rgb(243, 243, 243);&quot;&gt;&amp;nbsp;&lt;img src=&quot;/uploads/ueditor/20191113/1-191113163059240.jpg&quot; title=&quot;1-191113163059240.jpg&quot; alt=&quot;1-191113163059240.jpg&quot; width=&quot;300&quot; height=&quot;200&quot; border=&quot;0&quot; vspace=&quot;0&quot; style=&quot;margin: 11px 0px; padding: 0px; border: 0px; vertical-align: middle; max-width: 100%; color: rgb(64, 64, 64); font-family: &amp;quot;microsoft yahei&amp;quot;; font-size: 14px; white-space: normal; background-color: rgb(243, 243, 243); width: 290px; height: 200px;&quot;/&gt;&lt;span style=&quot;color: rgb(64, 64, 64); font-family: &amp;quot;microsoft yahei&amp;quot;; font-size: 14px; background-color: rgb(243, 243, 243);&quot;&gt;&amp;nbsp;&lt;/span&gt;&lt;img src=&quot;/uploads/ueditor/20191113/1-1911131631125N.jpg&quot; title=&quot;1-1911131631125N.jpg&quot; alt=&quot;1-1911131631125N.jpg&quot; width=&quot;300&quot; height=&quot;200&quot; border=&quot;0&quot; vspace=&quot;0&quot; style=&quot;margin: 11px 0px; padding: 0px; border: 0px; vertical-align: middle; max-width: 100%; color: rgb(64, 64, 64); font-family: &amp;quot;microsoft yahei&amp;quot;; font-size: 14px; white-space: normal; background-color: rgb(243, 243, 243); width: 290px; height: 200px;&quot;/&gt;&lt;span style=&quot;color: rgb(64, 64, 64); font-family: &amp;quot;microsoft yahei&amp;quot;; font-size: 14px; background-color: rgb(243, 243, 243);&quot;&gt;&amp;nbsp;&lt;/span&gt;&lt;img src=&quot;/uploads/ueditor/20191113/1-19111316312E01.jpg&quot; title=&quot;1-19111316312E01.jpg&quot; alt=&quot;1-19111316312E01.jpg&quot; width=&quot;300&quot; height=&quot;200&quot; border=&quot;0&quot; vspace=&quot;0&quot; style=&quot;margin: 11px 0px; padding: 0px; border: 0px; vertical-align: middle; max-width: 100%; color: rgb(64, 64, 64); font-family: &amp;quot;microsoft yahei&amp;quot;; font-size: 14px; white-space: normal; background-color: rgb(243, 243, 243); width: 290px; height: 200px;&quot;/&gt;&lt;span style=&quot;color: rgb(64, 64, 64); font-family: &amp;quot;microsoft yahei&amp;quot;; font-size: 14px; background-color: rgb(243, 243, 243);&quot;&gt;&amp;nbsp;&lt;/span&gt;&lt;img src=&quot;/uploads/ueditor/20191113/1-1911131631521b.jpg&quot; title=&quot;1-1911131631521b.jpg&quot; alt=&quot;1-1911131631521b.jpg&quot; width=&quot;300&quot; height=&quot;200&quot; border=&quot;0&quot; vspace=&quot;0&quot; style=&quot;margin: 11px 0px; padding: 0px; border: 0px; vertical-align: middle; max-width: 100%; color: rgb(64, 64, 64); font-family: &amp;quot;microsoft yahei&amp;quot;; font-size: 14px; white-space: normal; background-color: rgb(243, 243, 243); width: 290px; height: 200px;&quot;/&gt;&lt;span style=&quot;color: rgb(64, 64, 64); font-family: &amp;quot;microsoft yahei&amp;quot;; font-size: 14px; background-color: rgb(243, 243, 243);&quot;&gt;&amp;nbsp;&lt;/span&gt;&lt;img src=&quot;/uploads/ueditor/20191113/1-19111316321I40.jpg&quot; title=&quot;1-19111316321I40.jpg&quot; alt=&quot;1-19111316321I40.jpg&quot; width=&quot;300&quot; height=&quot;200&quot; border=&quot;0&quot; vspace=&quot;0&quot; style=&quot;margin: 11px 0px; padding: 0px; border: 0px; vertical-align: middle; max-width: 100%; color: rgb(64, 64, 64); font-family: &amp;quot;microsoft yahei&amp;quot;; font-size: 14px; white-space: normal; background-color: rgb(243, 243, 243); width: 290px; height: 200px;&quot;/&gt;&lt;span style=&quot;color: rgb(64, 64, 64); font-family: &amp;quot;microsoft yahei&amp;quot;; font-size: 14px; background-color: rgb(243, 243, 243);&quot;&gt;&amp;nbsp;&lt;/span&gt;&lt;img src=&quot;/uploads/ueditor/20191113/1-191113163240M0.jpg&quot; title=&quot;1-191113163240M0.jpg&quot; alt=&quot;1-191113163240M0.jpg&quot; width=&quot;300&quot; height=&quot;200&quot; border=&quot;0&quot; vspace=&quot;0&quot; style=&quot;margin: 11px 0px; padding: 0px; border: 0px; vertical-align: middle; max-width: 100%; color: rgb(64, 64, 64); font-family: &amp;quot;microsoft yahei&amp;quot;; font-size: 14px; white-space: normal; background-color: rgb(243, 243, 243); width: 290px; height: 200px;&quot;/&gt;&lt;span style=&quot;color: rgb(64, 64, 64); font-family: &amp;quot;microsoft yahei&amp;quot;; font-size: 14px; background-color: rgb(243, 243, 243);&quot;&gt;&amp;nbsp;&lt;/span&gt;&lt;img src=&quot;/uploads/ueditor/20191113/1-19111316325RU.jpg&quot; title=&quot;1-19111316325RU.jpg&quot; alt=&quot;1-19111316325RU.jpg&quot; width=&quot;300&quot; height=&quot;200&quot; border=&quot;0&quot; vspace=&quot;0&quot; style=&quot;margin: 11px 0px; padding: 0px; border: 0px; vertical-align: middle; max-width: 100%; color: rgb(64, 64, 64); font-family: &amp;quot;microsoft yahei&amp;quot;; font-size: 14px; white-space: normal; background-color: rgb(243, 243, 243); width: 290px; height: 200px;&quot;/&gt;&lt;span style=&quot;color: rgb(64, 64, 64); font-family: &amp;quot;microsoft yahei&amp;quot;; font-size: 14px; background-color: rgb(243, 243, 243);&quot;&gt;&amp;nbsp;&lt;/span&gt;&lt;img src=&quot;/uploads/ueditor/20191113/1-191113163321393.jpg&quot; title=&quot;1-191113163321393.jpg&quot; alt=&quot;1-191113163321393.jpg&quot; width=&quot;300&quot; height=&quot;200&quot; border=&quot;0&quot; vspace=&quot;0&quot; style=&quot;margin: 11px 0px; padding: 0px; border: 0px; vertical-align: middle; max-width: 100%; color: rgb(64, 64, 64); font-family: &amp;quot;microsoft yahei&amp;quot;; font-size: 14px; white-space: normal; background-color: rgb(243, 243, 243); width: 290px; height: 200px;&quot;/&gt;&lt;span style=&quot;color: rgb(64, 64, 64); font-family: &amp;quot;microsoft yahei&amp;quot;; font-size: 14px; background-color: rgb(243, 243, 243);&quot;&gt;&amp;nbsp;&lt;/span&gt;&lt;img src=&quot;/uploads/ueditor/20191113/1-191113163341O7.jpg&quot; title=&quot;1-191113163341O7.jpg&quot; alt=&quot;1-191113163341O7.jpg&quot; width=&quot;300&quot; height=&quot;200&quot; border=&quot;0&quot; vspace=&quot;0&quot; style=&quot;margin: 11px 0px; padding: 0px; border: 0px; vertical-align: middle; max-width: 100%; color: rgb(64, 64, 64); font-family: &amp;quot;microsoft yahei&amp;quot;; font-size: 14px; white-space: normal; background-color: rgb(243, 243, 243); width: 290px; height: 200px;&quot;/&gt;&lt;span style=&quot;color: rgb(64, 64, 64); font-family: &amp;quot;microsoft yahei&amp;quot;; font-size: 14px; background-color: rgb(243, 243, 243);&quot;&gt;&amp;nbsp;&lt;/span&gt;&lt;img src=&quot;/uploads/ueditor/20191113/1-1911131634201E.jpg&quot; title=&quot;1-1911131634201E.jpg&quot; alt=&quot;1-1911131634201E.jpg&quot; width=&quot;300&quot; height=&quot;200&quot; border=&quot;0&quot; vspace=&quot;0&quot; style=&quot;margin: 11px 0px; padding: 0px; border: 0px; vertical-align: middle; max-width: 100%; color: rgb(64, 64, 64); font-family: &amp;quot;microsoft yahei&amp;quot;; font-size: 14px; white-space: normal; background-color: rgb(243, 243, 243); width: 290px; height: 200px;&quot;/&gt;&lt;span style=&quot;color: rgb(64, 64, 64); font-family: &amp;quot;microsoft yahei&amp;quot;; font-size: 14px; background-color: rgb(243, 243, 243);&quot;&gt;&amp;nbsp;&lt;/span&gt;&lt;img src=&quot;/uploads/ueditor/20191113/1-19111316360UL.jpg&quot; title=&quot;1-19111316360UL.jpg&quot; alt=&quot;1-19111316360UL.jpg&quot; width=&quot;300&quot; height=&quot;200&quot; border=&quot;0&quot; vspace=&quot;0&quot; style=&quot;margin: 11px 0px; padding: 0px; border: 0px; vertical-align: middle; max-width: 100%; color: rgb(64, 64, 64); font-family: &amp;quot;microsoft yahei&amp;quot;; font-size: 14px; white-space: normal; background-color: rgb(243, 243, 243); width: 290px; height: 200px;&quot;/&gt;&lt;span style=&quot;color: rgb(64, 64, 64); font-family: &amp;quot;microsoft yahei&amp;quot;; font-size: 14px; background-color: rgb(243, 243, 243);&quot;&gt;&amp;nbsp;&lt;/span&gt;&lt;/span&gt;&lt;/p&gt;',1573634186,1573634186,'');
/*!40000 ALTER TABLE `hw_article_content` ENABLE KEYS */;

#
# Structure for table "hw_auth_role"
#

DROP TABLE IF EXISTS `hw_auth_role`;
CREATE TABLE `hw_auth_role` (
  `id` int(10) unsigned NOT NULL AUTO_INCREMENT,
  `name` varchar(255) DEFAULT '' COMMENT '角色名',
  `pid` int(10) DEFAULT '0' COMMENT '父角色ID',
  `remark` text COMMENT '备注信息',
  `grade` smallint(5) unsigned NOT NULL DEFAULT '0' COMMENT '级别',
  `language` text COMMENT '多语言权限',
  `online_update` tinyint(1) unsigned NOT NULL DEFAULT '0' COMMENT '在线升级',
  `only_oneself` tinyint(1) unsigned NOT NULL DEFAULT '0' COMMENT '只看自己发布',
  `cud` varchar(255) DEFAULT '' COMMENT '增改删',
  `permission` text COMMENT '已允许的权限',
  `built_in` tinyint(1) DEFAULT '0' COMMENT '内置用户组，1表示内置',
  `sort_order` int(10) DEFAULT '0' COMMENT '排序号',
  `status` tinyint(1) DEFAULT '1' COMMENT '状态(1=正常，0=屏蔽)',
  `admin_id` int(10) DEFAULT '0' COMMENT '操作管理员ID',
  `add_time` int(11) DEFAULT '0' COMMENT '新增时间',
  `update_time` int(11) DEFAULT '0' COMMENT '更新时间',
  PRIMARY KEY (`id`)
) ENGINE=MyISAM AUTO_INCREMENT=3 DEFAULT CHARSET=utf8 COMMENT='管理员角色表';

#
# Data for table "hw_auth_role"
#

/*!40000 ALTER TABLE `hw_auth_role` DISABLE KEYS */;
INSERT INTO `hw_auth_role` VALUES (1,'优化推广员',0,'',0,'a:1:{i:0;s:2:\"cn\";}',0,1,'a:3:{i:0;s:3:\"add\";i:1;s:4:\"edit\";i:2;s:3:\"del\";}','a:2:{s:5:\"rules\";a:8:{i:0;s:1:\"1\";i:1;s:1:\"3\";i:2;s:1:\"4\";i:3;s:1:\"8\";i:4;s:1:\"9\";i:5;s:2:\"10\";i:6;s:2:\"14\";i:7;i:2;}s:7:\"arctype\";a:194:{i:0;i:1;i:1;i:2;i:2;i:3;i:3;i:4;i:4;i:5;i:5;i:6;i:6;i:8;i:7;i:9;i:8;i:10;i:9;i:11;i:10;i:12;i:11;i:23;i:12;i:30;i:13;i:31;i:14;i:32;i:15;i:33;i:16;i:34;i:17;i:35;i:18;i:36;i:19;i:37;i:20;i:38;i:21;i:40;i:22;i:41;i:23;i:51;i:24;i:52;i:25;i:53;i:26;i:54;i:27;i:55;i:28;i:64;i:29;i:65;i:30;i:66;i:31;i:67;i:32;i:68;i:33;i:69;i:34;i:70;i:35;i:71;i:36;i:72;i:37;i:73;i:38;i:74;i:39;i:75;i:40;i:76;i:41;i:77;i:42;i:78;i:43;i:79;i:44;i:80;i:45;i:81;i:46;i:82;i:47;i:83;i:48;i:84;i:49;i:85;i:50;i:86;i:51;i:87;i:52;i:88;i:53;i:89;i:54;i:90;i:55;i:91;i:56;i:92;i:57;i:93;i:58;i:94;i:59;i:95;i:60;i:96;i:61;i:97;i:62;i:98;i:63;i:99;i:64;i:100;i:65;i:101;i:66;i:102;i:67;i:103;i:68;i:104;i:69;i:105;i:70;i:106;i:71;i:107;i:72;i:108;i:73;i:109;i:74;i:110;i:75;i:111;i:76;i:112;i:77;i:113;i:78;i:114;i:79;i:115;i:80;i:116;i:81;i:117;i:82;i:118;i:83;i:119;i:84;i:120;i:85;s:3:\"121\";i:86;s:3:\"122\";i:87;s:3:\"123\";i:88;s:3:\"124\";i:89;s:3:\"125\";i:90;s:3:\"126\";i:91;s:3:\"127\";i:92;s:3:\"128\";i:93;s:3:\"129\";i:94;s:3:\"130\";i:95;s:3:\"131\";i:96;s:3:\"132\";i:97;s:3:\"133\";i:98;s:3:\"134\";i:99;s:3:\"135\";i:100;s:3:\"136\";i:101;s:3:\"137\";i:102;s:3:\"138\";i:103;s:3:\"139\";i:104;s:3:\"140\";i:105;s:3:\"141\";i:106;s:3:\"142\";i:107;s:3:\"143\";i:108;s:3:\"144\";i:109;s:3:\"145\";i:110;s:3:\"146\";i:111;s:3:\"147\";i:112;s:3:\"148\";i:113;s:3:\"149\";i:114;s:3:\"150\";i:115;s:3:\"151\";i:116;s:3:\"152\";i:117;s:3:\"153\";i:118;s:3:\"154\";i:119;s:3:\"155\";i:120;s:3:\"156\";i:121;s:3:\"157\";i:122;s:3:\"158\";i:123;s:3:\"159\";i:124;s:3:\"160\";i:125;s:3:\"161\";i:126;s:3:\"162\";i:127;s:3:\"163\";i:128;s:3:\"164\";i:129;s:3:\"165\";i:130;s:3:\"166\";i:131;s:3:\"167\";i:132;s:3:\"168\";i:133;s:3:\"169\";i:134;s:3:\"170\";i:135;s:3:\"171\";i:136;s:3:\"172\";i:137;s:3:\"173\";i:138;s:3:\"174\";i:139;s:3:\"175\";i:140;s:3:\"176\";i:141;s:3:\"177\";i:142;s:3:\"178\";i:143;s:3:\"179\";i:144;s:3:\"180\";i:145;s:3:\"181\";i:146;s:3:\"182\";i:147;s:3:\"183\";i:148;s:3:\"184\";i:149;s:3:\"185\";i:150;s:3:\"186\";i:151;s:3:\"187\";i:152;s:3:\"188\";i:153;s:3:\"189\";i:154;s:3:\"190\";i:155;s:3:\"191\";i:156;s:3:\"192\";i:157;s:3:\"193\";i:158;s:3:\"194\";i:159;s:3:\"195\";i:160;s:3:\"196\";i:161;s:3:\"197\";i:162;s:3:\"198\";i:163;s:3:\"199\";i:164;s:3:\"200\";i:165;s:3:\"201\";i:166;s:3:\"202\";i:167;s:3:\"203\";i:168;s:3:\"204\";i:169;s:3:\"205\";i:170;s:3:\"206\";i:171;s:3:\"207\";i:172;s:3:\"208\";i:173;s:3:\"209\";i:174;s:3:\"210\";i:175;s:3:\"211\";i:176;s:3:\"212\";i:177;s:3:\"213\";i:178;s:3:\"214\";i:179;s:3:\"215\";i:180;s:3:\"216\";i:181;s:3:\"217\";i:182;s:3:\"218\";i:183;s:3:\"219\";i:184;s:3:\"220\";i:185;s:3:\"221\";i:186;s:3:\"222\";i:187;s:3:\"223\";i:188;s:3:\"224\";i:189;s:3:\"225\";i:190;s:3:\"226\";i:191;s:3:\"227\";i:192;s:3:\"228\";i:193;s:3:\"229\";}}',1,100,1,0,1541207843,1572429668),(2,'内容管理员',0,'',0,'a:1:{i:0;s:2:\"cn\";}',0,1,'a:3:{i:0;s:3:\"add\";i:1;s:4:\"edit\";i:2;s:3:\"del\";}','a:2:{s:5:\"rules\";a:4:{i:0;s:1:\"1\";i:1;s:2:\"10\";i:2;s:2:\"14\";i:3;i:2;}s:7:\"arctype\";a:194:{i:0;i:1;i:1;i:2;i:2;i:3;i:3;i:4;i:4;i:5;i:5;i:6;i:6;i:8;i:7;i:9;i:8;i:10;i:9;i:11;i:10;i:12;i:11;i:23;i:12;i:30;i:13;i:31;i:14;i:32;i:15;i:33;i:16;i:34;i:17;i:35;i:18;i:36;i:19;i:37;i:20;i:38;i:21;i:40;i:22;i:41;i:23;i:51;i:24;i:52;i:25;i:53;i:26;i:54;i:27;i:55;i:28;i:64;i:29;i:65;i:30;i:66;i:31;i:67;i:32;i:68;i:33;i:69;i:34;i:70;i:35;i:71;i:36;i:72;i:37;i:73;i:38;i:74;i:39;i:75;i:40;i:76;i:41;i:77;i:42;i:78;i:43;i:79;i:44;i:80;i:45;i:81;i:46;i:82;i:47;i:83;i:48;i:84;i:49;i:85;i:50;i:86;i:51;i:87;i:52;i:88;i:53;i:89;i:54;i:90;i:55;i:91;i:56;i:92;i:57;i:93;i:58;i:94;i:59;i:95;i:60;i:96;i:61;i:97;i:62;i:98;i:63;i:99;i:64;i:100;i:65;i:101;i:66;i:102;i:67;i:103;i:68;i:104;i:69;i:105;i:70;i:106;i:71;i:107;i:72;i:108;i:73;i:109;i:74;i:110;i:75;i:111;i:76;i:112;i:77;i:113;i:78;i:114;i:79;i:115;i:80;i:116;i:81;i:117;i:82;i:118;i:83;i:119;i:84;i:120;i:85;s:3:\"121\";i:86;s:3:\"122\";i:87;s:3:\"123\";i:88;s:3:\"124\";i:89;s:3:\"125\";i:90;s:3:\"126\";i:91;s:3:\"127\";i:92;s:3:\"128\";i:93;s:3:\"129\";i:94;s:3:\"130\";i:95;s:3:\"131\";i:96;s:3:\"132\";i:97;s:3:\"133\";i:98;s:3:\"134\";i:99;s:3:\"135\";i:100;s:3:\"136\";i:101;s:3:\"137\";i:102;s:3:\"138\";i:103;s:3:\"139\";i:104;s:3:\"140\";i:105;s:3:\"141\";i:106;s:3:\"142\";i:107;s:3:\"143\";i:108;s:3:\"144\";i:109;s:3:\"145\";i:110;s:3:\"146\";i:111;s:3:\"147\";i:112;s:3:\"148\";i:113;s:3:\"149\";i:114;s:3:\"150\";i:115;s:3:\"151\";i:116;s:3:\"152\";i:117;s:3:\"153\";i:118;s:3:\"154\";i:119;s:3:\"155\";i:120;s:3:\"156\";i:121;s:3:\"157\";i:122;s:3:\"158\";i:123;s:3:\"159\";i:124;s:3:\"160\";i:125;s:3:\"161\";i:126;s:3:\"162\";i:127;s:3:\"163\";i:128;s:3:\"164\";i:129;s:3:\"165\";i:130;s:3:\"166\";i:131;s:3:\"167\";i:132;s:3:\"168\";i:133;s:3:\"169\";i:134;s:3:\"170\";i:135;s:3:\"171\";i:136;s:3:\"172\";i:137;s:3:\"173\";i:138;s:3:\"174\";i:139;s:3:\"175\";i:140;s:3:\"176\";i:141;s:3:\"177\";i:142;s:3:\"178\";i:143;s:3:\"179\";i:144;s:3:\"180\";i:145;s:3:\"181\";i:146;s:3:\"182\";i:147;s:3:\"183\";i:148;s:3:\"184\";i:149;s:3:\"185\";i:150;s:3:\"186\";i:151;s:3:\"187\";i:152;s:3:\"188\";i:153;s:3:\"189\";i:154;s:3:\"190\";i:155;s:3:\"191\";i:156;s:3:\"192\";i:157;s:3:\"193\";i:158;s:3:\"194\";i:159;s:3:\"195\";i:160;s:3:\"196\";i:161;s:3:\"197\";i:162;s:3:\"198\";i:163;s:3:\"199\";i:164;s:3:\"200\";i:165;s:3:\"201\";i:166;s:3:\"202\";i:167;s:3:\"203\";i:168;s:3:\"204\";i:169;s:3:\"205\";i:170;s:3:\"206\";i:171;s:3:\"207\";i:172;s:3:\"208\";i:173;s:3:\"209\";i:174;s:3:\"210\";i:175;s:3:\"211\";i:176;s:3:\"212\";i:177;s:3:\"213\";i:178;s:3:\"214\";i:179;s:3:\"215\";i:180;s:3:\"216\";i:181;s:3:\"217\";i:182;s:3:\"218\";i:183;s:3:\"219\";i:184;s:3:\"220\";i:185;s:3:\"221\";i:186;s:3:\"222\";i:187;s:3:\"223\";i:188;s:3:\"224\";i:189;s:3:\"225\";i:190;s:3:\"226\";i:191;s:3:\"227\";i:192;s:3:\"228\";i:193;s:3:\"229\";}}',1,100,1,0,1541207846,1572429668);
/*!40000 ALTER TABLE `hw_auth_role` ENABLE KEYS */;

#
# Structure for table "hw_channelfield"
#

DROP TABLE IF EXISTS `hw_channelfield`;
CREATE TABLE `hw_channelfield` (
  `id` int(10) NOT NULL AUTO_INCREMENT COMMENT '自增ID',
  `name` varchar(32) NOT NULL DEFAULT '' COMMENT '字段名称',
  `channel_id` int(10) NOT NULL DEFAULT '0' COMMENT '所属文档模型id',
  `title` varchar(32) NOT NULL DEFAULT '' COMMENT '字段标题',
  `dtype` varchar(32) NOT NULL DEFAULT '' COMMENT '字段类型',
  `define` text NOT NULL COMMENT '字段定义',
  `maxlength` int(10) NOT NULL DEFAULT '0' COMMENT '最大长度，文本数据必须填写，大于255为text类型',
  `dfvalue` varchar(1000) NOT NULL DEFAULT '' COMMENT '默认值',
  `dfvalue_unit` varchar(50) NOT NULL DEFAULT '' COMMENT '数值单位',
  `remark` varchar(256) NOT NULL DEFAULT '' COMMENT '提示说明',
  `is_screening` tinyint(1) NOT NULL DEFAULT '0' COMMENT '是否应用于条件筛选',
  `is_release` tinyint(1) NOT NULL DEFAULT '0' COMMENT '是否应用于会员投稿发布',
  `ifeditable` tinyint(1) NOT NULL DEFAULT '1' COMMENT '是否在编辑页显示',
  `ifrequire` tinyint(1) NOT NULL DEFAULT '0' COMMENT '是否必填',
  `ifsystem` tinyint(1) NOT NULL DEFAULT '0' COMMENT '字段分类，1=系统(不可修改)，0=自定义',
  `ifmain` tinyint(1) NOT NULL DEFAULT '0' COMMENT '是否主表字段',
  `ifcontrol` tinyint(1) NOT NULL DEFAULT '1' COMMENT '状态，控制该条数据是否允许被控制，1为不允许控制，0为允许控制',
  `sort_order` int(5) NOT NULL DEFAULT '100' COMMENT '排序',
  `status` tinyint(1) NOT NULL DEFAULT '1' COMMENT '状态',
  `add_time` int(11) NOT NULL DEFAULT '0' COMMENT '创建时间',
  `update_time` int(11) NOT NULL DEFAULT '0' COMMENT '更新时间',
  PRIMARY KEY (`id`)
) ENGINE=MyISAM AUTO_INCREMENT=384 DEFAULT CHARSET=utf8 COMMENT='自定义字段表';

#
# Data for table "hw_channelfield"
#

/*!40000 ALTER TABLE `hw_channelfield` DISABLE KEYS */;
INSERT INTO `hw_channelfield` VALUES (1,'add_time',0,'新增时间','datetime','int(11)',250,'','','',0,0,1,0,1,1,1,100,1,1533091575,1533091575),(2,'update_time',0,'更新时间','datetime','int(11)',250,'','','',0,0,1,0,1,1,1,100,1,1533091601,1533091601),(3,'aid',0,'文档ID','int','int(11)',250,'','','',0,0,1,0,1,1,1,100,1,1533091624,1533091624),(4,'typeid',0,'当前栏目ID','int','int(11)',250,'','','',0,0,1,0,1,1,1,100,1,1533091930,1533091930),(5,'channel',0,'模型ID','int','int(11)',250,'','','',0,0,1,0,1,1,1,100,1,1533092214,1533092214),(6,'is_b',0,'是否加粗','switch','tinyint(1)',250,'','','',0,0,1,0,1,1,1,100,1,1533092246,1533092246),(7,'title',0,'文档标题','text','varchar(250)',250,'','','',0,0,1,0,1,1,1,100,1,1533092381,1533092381),(8,'litpic',0,'缩略图','img','varchar(250)',250,'','','',0,0,1,0,1,1,1,100,1,1533092398,1533092398),(9,'is_head',0,'是否头条','switch','tinyint(1)',250,'','','',0,0,1,0,1,1,1,100,1,1533092420,1533092420),(10,'is_special',0,'是否特荐','switch','tinyint(1)',250,'','','',0,0,1,0,1,1,1,100,1,1533092439,1533092439),(11,'is_top',0,'是否置顶','switch','tinyint(1)',250,'','','',0,0,1,0,1,1,1,100,1,1533092454,1533092454),(12,'is_recom',0,'是否推荐','switch','tinyint(1)',250,'','','',0,0,1,0,1,1,1,100,1,1533092468,1533092468),(13,'is_jump',0,'是否跳转','switch','tinyint(1)',250,'','','',0,0,1,0,1,1,1,100,1,1533092484,1533092484),(14,'author',0,'编辑者','text','varchar(250)',250,'','','',0,0,1,0,1,1,1,100,1,1533092498,1533092498),(15,'click',0,'浏览量','int','int(11)',250,'','','',0,0,1,0,1,1,1,100,1,1533092512,1533092512),(16,'arcrank',0,'阅读权限','select','tinyint(1)',250,'','','',0,0,1,0,1,1,1,100,1,1533092534,1533092534),(17,'jumplinks',0,'跳转链接','text','varchar(250)',250,'','','',0,0,1,0,1,1,1,100,1,1533092553,1533092553),(18,'ismake',0,'是否静态页面','switch','tinyint(1)',250,'','','',0,0,1,0,1,1,1,100,1,1533092698,1533092698),(19,'seo_title',0,'SEO标题','text','varchar(250)',250,'','','',0,0,1,0,1,1,1,100,1,1533092713,1533092713),(20,'seo_keywords',0,'SEO关键词','text','varchar(250)',250,'','','',0,0,1,0,1,1,1,100,1,1533092725,1533092725),(21,'seo_description',0,'SEO描述','text','varchar(250)',250,'','','',0,0,1,0,1,1,1,100,1,1533092739,1533092739),(22,'status',0,'状态','switch','tinyint(1)',250,'','','',0,0,1,0,1,1,1,100,1,1533092753,1533092753),(23,'sort_order',0,'排序号','int','int(11)',250,'','','',0,0,1,0,1,1,1,100,1,1533092766,1533092766),(24,'content',2,'内容详情','htmltext','longtext',250,'','','',0,1,1,0,1,0,0,100,1,1533359739,1533359739),(25,'content',3,'内容详情','htmltext','longtext',250,'','','',0,1,1,0,1,0,0,100,1,1533359588,1533359588),(26,'content',4,'视频介绍','htmltext','longtext',250,'','','',0,1,1,0,1,0,0,100,1,1533359752,1533359752),(27,'content',6,'内容详情','htmltext','longtext',250,'','','',0,1,1,0,1,0,0,100,1,1533464715,1533464715),(29,'content',1,'内容详情','htmltext','longtext',250,'','','',0,1,1,0,1,0,0,100,1,1533464713,1533464713),(30,'update_time',-99,'更新时间','datetime','int(11)',11,'0','','',0,0,1,0,1,1,1,100,1,1533524780,1533524780),(31,'add_time',-99,'新增时间','datetime','int(11)',11,'0','','',0,0,1,0,1,1,1,100,1,1533524780,1533524780),(32,'status',-99,'启用 (1=正常，0=屏蔽)','switch','tinyint(1)',1,'1','','',0,0,1,0,1,1,1,100,1,1533524780,1533524780),(33,'is_part',-99,'栏目属性：0=内容栏目，1=外部链接','switch','tinyint(1)',1,'0','','',0,0,1,0,1,1,1,100,1,1533524780,1533524780),(34,'is_hidden',-99,'是否隐藏栏目：0=显示，1=隐藏','switch','tinyint(1)',1,'0','','',0,0,1,0,1,1,1,100,1,1533524780,1533524780),(35,'sort_order',-99,'排序号','int','int(10)',10,'0','','',0,0,1,0,1,1,1,100,1,1533524780,1533524780),(36,'seo_description',-99,'seo描述','multitext','text',0,'','','',0,0,1,0,1,1,1,100,1,1533524780,1533524780),(37,'seo_keywords',-99,'seo关键字','text','varchar(200)',200,'','','',0,0,1,0,1,1,1,100,1,1533524780,1533524780),(38,'seo_title',-99,'SEO标题','text','varchar(200)',200,'','','',0,0,1,0,1,1,1,100,1,1533524780,1533524780),(39,'tempview',-99,'文档模板文件名','text','varchar(200)',200,'','','',0,0,1,0,1,1,1,100,1,1533524780,1533524780),(40,'templist',-99,'列表模板文件名','text','varchar(200)',200,'','','',0,0,1,0,1,1,1,100,1,1533524780,1533524780),(41,'litpic',-99,'栏目图片','img','varchar(250)',250,'','','',0,0,1,0,1,1,1,100,1,1533524780,1533524780),(42,'typelink',-99,'栏目链接','text','varchar(200)',200,'','','',0,0,1,0,1,1,1,100,1,1533524780,1533524780),(43,'grade',-99,'栏目等级','switch','tinyint(1)',1,'0','','',0,0,1,0,1,1,1,100,1,1533524780,1533524780),(44,'englist_name',-99,'栏目英文名','text','varchar(200)',200,'','','',0,0,1,0,1,1,1,100,1,1533524780,1533524780),(45,'dirpath',-99,'目录存放HTML路径','text','varchar(200)',200,'','','',0,0,1,0,1,1,1,100,1,1533524780,1533524780),(46,'dirname',-99,'目录英文名','text','varchar(200)',200,'','','',0,0,1,0,1,1,1,100,1,1533524780,1533524780),(47,'typename',-99,'栏目名称','text','varchar(200)',200,'','','',0,0,1,0,1,1,1,100,1,1533524780,1533524780),(48,'parent_id',-99,'栏目上级ID','int','int(10)',10,'0','','',0,0,1,0,1,1,1,100,1,1533524780,1533524780),(49,'current_channel',-99,'栏目当前模型ID','int','int(10)',10,'0','','',0,0,1,0,1,1,1,100,1,1533524780,1533524780),(50,'channeltype',-99,'栏目顶级模型ID','int','int(10)',10,'0','','',0,0,1,0,1,1,1,100,1,1533524780,1533524780),(51,'id',-99,'栏目ID','int','int(10)',10,'','','',0,0,1,0,1,1,1,100,1,1533524780,1533524780),(52,'del_method',-99,'伪删除状态，1为主动删除，2为跟随上级栏目被动删除','switch','tinyint(1)',1,'0','','',0,0,1,0,1,1,1,100,1,1547890773,1547890773),(53,'is_del',0,'是否伪删除','switch','tinyint(1)',250,'','','',0,0,1,0,1,1,1,100,1,1547890773,1547890773),(54,'del_method',0,'伪删除状态，1为主动删除，2为跟随上级栏目被动删除','switch','tinyint(1)',250,'','','',0,0,1,0,1,1,1,100,1,1547890773,1547890773),(55,'prom_type',0,'产品类型：0普通产品，1虚拟产品','switch','tinyint(1) unsigned',1,'0','','',0,0,1,0,1,1,1,100,1,1557042574,1557042574),(56,'users_price',0,'价格','decimal','decimal(10,2)',10,'0.00','','',0,0,1,0,1,1,0,100,1,1557042574,1557042574),(57,'prom_type',2,'产品类型：0普通产品，1虚拟产品','switch','tinyint(1) unsigned',1,'0','','',0,0,1,0,1,1,1,100,1,1557042574,1557042574),(58,'users_price',2,'价格','decimal','decimal(10,2)',10,'0.00','','',0,0,1,0,1,1,0,100,1,1557042574,1573553737),(59,'update_time',2,'更新时间','datetime','int(11)',11,'0','','',0,0,1,0,1,1,1,100,1,1563518642,1563518642),(60,'add_time',2,'新增时间','datetime','int(11)',11,'0','','',0,0,1,0,1,1,1,100,1,1563518642,1563518642),(61,'del_method',2,'伪删除状态，1为主动删除，2为跟随上级栏目被动删除','switch','tinyint(1)',1,'0','','',0,0,1,0,1,1,1,100,1,1563518642,1563518642),(62,'is_del',2,'伪删除，1=是，0=否','switch','tinyint(1)',1,'0','','',0,0,1,0,1,1,1,100,1,1563518642,1563518642),(63,'admin_id',2,'管理员ID','int','int(10)',10,'0','','',0,0,1,0,1,1,1,100,1,1563518642,1563518642),(64,'lang',2,'语言标识','text','varchar(50)',50,'cn','','',0,0,1,0,1,1,1,100,1,1563518642,1563518642),(65,'sort_order',2,'排序号','int','int(10)',10,'0','','',0,0,1,0,1,1,1,100,1,1563518642,1563518642),(66,'status',2,'状态(0=屏蔽，1=正常)','switch','tinyint(1)',1,'1','','',0,0,1,0,1,1,1,100,1,1563518642,1563518642),(67,'tempview',2,'文档模板文件名','text','varchar(200)',200,'','','',0,0,1,0,1,1,1,100,1,1563518642,1563518642),(68,'seo_description',2,'SEO描述','multitext','text',0,'','','',0,0,1,0,1,1,1,100,1,1563518642,1563518642),(69,'seo_keywords',2,'SEO关键词','text','varchar(200)',200,'','','',0,0,1,0,1,1,1,100,1,1563518642,1563518642),(70,'seo_title',2,'SEO标题','text','varchar(200)',200,'','','',0,0,1,0,1,1,1,100,1,1563518642,1563518642),(71,'ismake',2,'是否静态页面（0=动态，1=静态）','switch','tinyint(1)',1,'0','','',0,0,1,0,1,1,1,100,1,1563518642,1563518642),(72,'jumplinks',2,'外链跳转','text','varchar(200)',200,'','','',0,0,1,0,1,1,1,100,1,1563518642,1563518642),(73,'arcrank',2,'阅读权限：0=开放浏览，-1=待审核稿件','switch','tinyint(1)',1,'0','','',0,0,1,0,1,1,1,100,1,1563518642,1563518642),(74,'click',2,'浏览量','int','int(10)',10,'0','','',0,0,1,0,1,1,1,100,1,1563518642,1563518642),(75,'author',2,'作者','text','varchar(200)',200,'','','',0,0,1,0,1,1,1,100,1,1563518642,1563518642),(76,'is_litpic',2,'图片（0=否，1=是）','switch','tinyint(1)',1,'0','','',0,0,1,0,1,1,1,100,1,1563518642,1563518642),(77,'is_jump',2,'跳转链接（0=否，1=是）','switch','tinyint(1)',1,'0','','',0,0,1,0,1,1,1,100,1,1563518642,1563518642),(78,'is_recom',2,'推荐（0=否，1=是）','switch','tinyint(1)',1,'0','','',0,0,1,0,1,1,1,100,1,1563518642,1563518642),(79,'is_top',2,'置顶（0=否，1=是）','switch','tinyint(1)',1,'0','','',0,0,1,0,1,1,1,100,1,1563518642,1563518642),(80,'is_special',2,'特荐（0=否，1=是）','switch','tinyint(1)',1,'0','','',0,0,1,0,1,1,1,100,1,1563518642,1563518642),(81,'is_head',2,'头条（0=否，1=是）','switch','tinyint(1)',1,'0','','',0,0,1,0,1,1,1,100,1,1563518642,1563518642),(82,'litpic',2,'缩略图','img','varchar(250)',250,'','','',0,0,1,0,1,1,1,100,1,1563518642,1563518642),(83,'title',2,'标题','text','varchar(200)',200,'','','',0,0,1,0,1,1,1,100,1,1563518642,1563518642),(84,'is_b',2,'加粗','switch','tinyint(1)',1,'0','','',0,0,1,0,1,1,1,100,1,1563518642,1563518642),(85,'channel',2,'模型ID','int','int(10)',10,'0','','',0,0,1,0,1,1,1,100,1,1563518642,1563518642),(86,'typeid',2,'当前栏目','int','int(10)',10,'0','','',0,0,1,0,1,1,1,100,1,1563518642,1563518642),(87,'aid',2,'aid','int','int(10)',10,'','','',0,0,1,0,1,1,1,100,1,1563518642,1563518642),(88,'fxrq',2,'发行日期','radio','enum(\'2019年\',\'2018年\',\'2017年\')',0,'2019年,2018年,2017年','','',1,0,1,0,0,0,0,100,1,1563518738,1563518738),(89,'update_time',9,'更新时间','datetime','int(11)',11,'0','','',0,0,1,0,1,1,1,100,1,1563526560,1563526560),(90,'add_time',9,'新增时间','datetime','int(11)',11,'0','','',0,0,1,0,1,1,1,100,1,1563526560,1563526560),(91,'del_method',9,'伪删除状态，1为主动删除，2为跟随上级栏目被动删除','switch','tinyint(1)',1,'0','','',0,0,1,0,1,1,1,100,1,1563526560,1563526560),(92,'is_del',9,'伪删除，1=是，0=否','switch','tinyint(1)',1,'0','','',0,0,1,0,1,1,1,100,1,1563526560,1563526560),(93,'admin_id',9,'管理员ID','int','int(10)',10,'0','','',0,0,1,0,1,1,1,100,1,1563526560,1563526560),(94,'lang',9,'语言标识','text','varchar(50)',50,'cn','','',0,0,1,0,1,1,1,100,1,1563526560,1563526560),(95,'sort_order',9,'排序号','int','int(10)',10,'0','','',0,0,1,0,1,1,1,100,1,1563526560,1563526560),(96,'status',9,'状态(0=屏蔽，1=正常)','switch','tinyint(1)',1,'1','','',0,0,1,0,1,1,1,100,1,1563526560,1563526560),(97,'tempview',9,'文档模板文件名','text','varchar(200)',200,'','','',0,0,1,0,1,1,1,100,1,1563526560,1563526560),(98,'prom_type',9,'产品类型：0普通产品，1虚拟产品','switch','tinyint(1) unsigned',1,'0','','',0,0,1,0,1,1,1,100,1,1563526560,1563526560),(99,'users_price',9,'价格','decimal','decimal(10,2)',10,'0.00','','',0,0,1,0,1,1,1,100,1,1563526560,1563526560),(100,'seo_description',9,'SEO描述','multitext','text',0,'','','',0,0,1,0,1,1,1,100,1,1563526560,1563526560),(101,'seo_keywords',9,'SEO关键词','text','varchar(200)',200,'','','',0,0,1,0,1,1,1,100,1,1563526560,1563526560),(102,'seo_title',9,'SEO标题','text','varchar(200)',200,'','','',0,0,1,0,1,1,1,100,1,1563526560,1563526560),(103,'ismake',9,'是否静态页面（0=动态，1=静态）','switch','tinyint(1)',1,'0','','',0,0,1,0,1,1,1,100,1,1563526560,1563526560),(104,'jumplinks',9,'外链跳转','text','varchar(200)',200,'','','',0,0,1,0,1,1,1,100,1,1563526560,1563526560),(105,'arcrank',9,'阅读权限：0=开放浏览，-1=待审核稿件','switch','tinyint(1)',1,'0','','',0,0,1,0,1,1,1,100,1,1563526560,1563526560),(106,'click',9,'浏览量','int','int(10)',10,'0','','',0,0,1,0,1,1,1,100,1,1563526560,1563526560),(107,'author',9,'作者','text','varchar(200)',200,'','','',0,0,1,0,1,1,0,100,1,1563526560,1563526560),(108,'is_litpic',9,'图片（0=否，1=是）','switch','tinyint(1)',1,'0','','',0,0,1,0,1,1,1,100,1,1563526560,1563526560),(109,'is_jump',9,'跳转链接（0=否，1=是）','switch','tinyint(1)',1,'0','','',0,0,1,0,1,1,1,100,1,1563526560,1563526560),(110,'is_recom',9,'推荐（0=否，1=是）','switch','tinyint(1)',1,'0','','',0,0,1,0,1,1,1,100,1,1563526560,1563526560),(111,'is_top',9,'置顶（0=否，1=是）','switch','tinyint(1)',1,'0','','',0,0,1,0,1,1,1,100,1,1563526560,1563526560),(112,'is_special',9,'特荐（0=否，1=是）','switch','tinyint(1)',1,'0','','',0,0,1,0,1,1,1,100,1,1563526560,1563526560),(113,'is_head',9,'头条（0=否，1=是）','switch','tinyint(1)',1,'0','','',0,0,1,0,1,1,1,100,1,1563526560,1563526560),(114,'litpic',9,'缩略图','img','varchar(250)',250,'','','',0,0,0,0,1,1,0,100,1,1563526560,1563526567),(115,'title',9,'标题','text','varchar(200)',200,'','','',0,0,1,0,1,1,1,100,1,1563526560,1563526560),(116,'is_b',9,'加粗','switch','tinyint(1)',1,'0','','',0,0,1,0,1,1,1,100,1,1563526560,1563526560),(117,'channel',9,'模型ID','int','int(10)',10,'0','','',0,0,1,0,1,1,1,100,1,1563526560,1563526560),(118,'typeid',9,'当前栏目','int','int(10)',10,'0','','',0,0,1,0,1,1,1,100,1,1563526560,1563526560),(119,'aid',9,'aid','int','int(10)',10,'','','',0,0,1,0,1,1,1,100,1,1563526560,1563526560),(120,'gzdd',9,'工作地点','text','varchar(200)',200,'','','',0,0,1,0,0,0,0,1,1,1563526665,1563528016),(121,'xlyq',9,'学历要求','text','varchar(200)',200,'','','',0,0,1,0,0,0,0,2,1,1563526681,1563528016),(122,'xzdy',9,'薪资待遇','text','varchar(200)',200,'','','',0,0,1,0,0,0,0,3,1,1563526694,1563528018),(123,'gzxz',9,'工作性质','text','varchar(200)',200,'','','',0,0,1,0,0,0,0,4,1,1563526705,1563528018),(124,'gznx',9,'工作年限','text','varchar(200)',200,'','','',0,0,1,0,0,0,0,5,1,1563526716,1563528019),(125,'zprs',9,'招聘人数','text','varchar(200)',200,'','','',0,0,1,0,0,0,0,6,1,1563526727,1563528021),(126,'nnxq',9,'内容详情','htmltext','longtext',0,'','','',0,0,1,0,0,0,0,7,1,1563526769,1563528023),(127,'users_id',0,'会员ID','int','int(11)',10,'0','','',0,0,1,0,1,1,1,100,1,1557042574,1557042574),(128,'arc_level_id',0,'文档会员权限ID','int','int(10)',10,'0','','',0,0,1,0,1,1,1,100,1,1557042574,1557042574),(129,'arc_level_id',4,'文档会员权限ID','int','int(10)',10,'0','','',0,0,1,0,1,1,1,100,1,1557042574,1557042574),(130,'arc_level_id',2,'文档会员权限ID','int','int(10)',10,'0','','',0,0,1,0,1,1,1,100,1,1565662106,1565662106),(131,'users_id',2,'会员ID','int','int(10)',10,'0','','',0,0,1,0,1,1,1,100,1,1565662106,1565662106),(132,'jiawei',2,'价位区段','radio','enum(\'0-1000\',\'1000-1699\',\'1700-2799\',\'2800-3500\',\'3500-10000\')',0,'0-1000,1000-1699,1700-2799,2800-3500,3500-10000','','',1,0,1,0,0,0,0,100,1,1565662216,1565663341),(133,'yanse',2,'机身颜色','radio','enum(\'银色\',\'绿色\',\'黑色\',\'灰色\')',0,'银色,绿色,黑色,灰色','','',1,0,1,0,0,0,0,100,1,1565662279,1565662740),(136,'weapp_code',-99,'插件栏目唯一标识','text','varchar(200)',200,'0','','',0,0,1,0,1,1,1,100,1,1557042574,1557042574),(137,'is_release',-99,'栏目是否应用于会员投稿发布，1是，0否','switch','tinyint(1)',1,'0','','',0,0,1,0,1,1,1,100,1,1557042574,1557042574),(138,'old_price',0,'产品旧价','decimal','decimal(10,2)',10,'0.00','','',0,0,1,0,1,1,1,100,1,1557042574,1557042574),(139,'stock_count',0,'商品库存量','int','int(10)',10,'0','','',0,0,1,0,1,1,1,100,1,1557042574,1557042574),(140,'stock_show',0,'商品库存在产品详情页是否显示，1为显示，0为不显示','switch','tinyint(1)',1,'0','','',0,0,1,0,1,1,1,100,1,1557042574,1557042574),(141,'joinaid',0,'关联文档ID','int','int(10)',10,'0','','',0,0,1,0,1,1,1,100,1,1557042574,1557042574),(142,'update_time',1,'更新时间','datetime','int(11)',11,'0','','',0,0,1,0,1,1,1,100,1,1572484734,1572484734),(143,'add_time',1,'新增时间','datetime','int(11)',11,'0','','',0,0,1,0,1,1,1,100,1,1572484734,1572484734),(144,'joinaid',1,'关联文档ID','int','int(10)',10,'0','','',0,0,1,0,1,1,1,100,1,1572484734,1572484734),(145,'del_method',1,'伪删除状态，1为主动删除，2为跟随上级栏目被动删除','switch','tinyint(1)',1,'0','','',0,0,1,0,1,1,1,100,1,1572484734,1572484734),(146,'is_del',1,'伪删除，1=是，0=否','switch','tinyint(1)',1,'0','','',0,0,1,0,1,1,1,100,1,1572484734,1572484734),(147,'arc_level_id',1,'文档会员权限ID','int','int(10)',10,'0','','',0,0,1,0,1,1,1,100,1,1572484734,1572484734),(148,'users_id',1,'会员ID','int','int(10)',10,'0','','',0,0,1,0,1,1,1,100,1,1572484734,1572484734),(149,'admin_id',1,'管理员ID','int','int(10)',10,'0','','',0,0,1,0,1,1,1,100,1,1572484734,1572484734),(150,'lang',1,'语言标识','text','varchar(50)',50,'cn','','',0,0,1,0,1,1,1,100,1,1572484734,1572484734),(151,'sort_order',1,'排序号','int','int(10)',10,'0','','',0,0,1,0,1,1,1,100,1,1572484734,1572484734),(152,'status',1,'状态(0=屏蔽，1=正常)','switch','tinyint(1)',1,'1','','',0,0,1,0,1,1,1,100,1,1572484734,1572484734),(153,'tempview',1,'文档模板文件名','text','varchar(200)',200,'','','',0,0,1,0,1,1,1,100,1,1572484734,1572484734),(154,'prom_type',1,'产品类型：0普通产品，1虚拟产品','switch','tinyint(1) unsigned',1,'0','','',0,0,1,0,1,1,1,100,1,1572484734,1572484734),(155,'stock_show',1,'商品库存在产品详情页是否显示，1为显示，0为不显示','switch','tinyint(1) unsigned',1,'1','','',0,0,1,0,1,1,1,100,1,1572484734,1572484734),(156,'stock_count',1,'商品库存量','int','int(10) unsigned',10,'0','','',0,0,1,0,1,1,1,100,1,1572484734,1572484734),(157,'old_price',1,'产品旧价','decimal','decimal(10,2)',10,'0.00','','',0,0,1,0,1,1,1,100,1,1572484734,1572484734),(158,'users_price',1,'会员价','decimal','decimal(10,2)',10,'0.00','','',0,0,1,0,1,1,1,100,1,1572484734,1572484734),(159,'seo_description',1,'SEO描述','multitext','text',0,'','','',0,0,1,0,1,1,1,100,1,1572484734,1572484734),(160,'seo_keywords',1,'SEO关键词','text','varchar(200)',200,'','','',0,0,1,0,1,1,1,100,1,1572484734,1572484734),(161,'seo_title',1,'SEO标题','text','varchar(200)',200,'','','',0,0,1,0,1,1,1,100,1,1572484734,1572484734),(162,'ismake',1,'是否静态页面（0=动态，1=静态）','switch','tinyint(1)',1,'0','','',0,0,1,0,1,1,1,100,1,1572484734,1572484734),(163,'jumplinks',1,'外链跳转','text','varchar(200)',200,'','','',0,0,1,0,1,1,1,100,1,1572484734,1572484734),(164,'arcrank',1,'阅读权限：0=开放浏览，-1=待审核稿件','int','int(10)',10,'0','','',0,0,1,0,1,1,1,100,1,1572484734,1572484734),(165,'click',1,'浏览量','int','int(10)',10,'0','','',0,0,1,0,1,1,1,100,1,1572484734,1572484734),(166,'author',1,'作者','text','varchar(200)',200,'','','',0,0,1,0,1,1,1,100,1,1572484734,1572484734),(167,'is_litpic',1,'图片（0=否，1=是）','switch','tinyint(1)',1,'0','','',0,0,1,0,1,1,1,100,1,1572484734,1572484734),(168,'is_jump',1,'跳转链接（0=否，1=是）','switch','tinyint(1)',1,'0','','',0,0,1,0,1,1,1,100,1,1572484734,1572484734),(169,'is_recom',1,'推荐（0=否，1=是）','switch','tinyint(1)',1,'0','','',0,0,1,0,1,1,1,100,1,1572484734,1572484734),(170,'is_top',1,'置顶（0=否，1=是）','switch','tinyint(1)',1,'0','','',0,0,1,0,1,1,1,100,1,1572484734,1572484734),(171,'is_special',1,'特荐（0=否，1=是）','switch','tinyint(1)',1,'0','','',0,0,1,0,1,1,1,100,1,1572484734,1572484734),(172,'is_head',1,'头条（0=否，1=是）','switch','tinyint(1)',1,'0','','',0,0,1,0,1,1,1,100,1,1572484734,1572484734),(173,'litpic',1,'缩略图','img','varchar(250)',250,'','','',0,0,1,0,1,1,1,100,1,1572484734,1572484734),(174,'title',1,'标题','text','varchar(200)',200,'','','',0,0,1,0,1,1,1,100,1,1572484734,1572484734),(175,'is_b',1,'加粗','switch','tinyint(1)',1,'0','','',0,0,1,0,1,1,1,100,1,1572484734,1572484734),(176,'channel',1,'模型ID','int','int(10)',10,'0','','',0,0,1,0,1,1,1,100,1,1572484734,1572484734),(177,'typeid',1,'当前栏目','int','int(10)',10,'0','','',0,0,1,0,1,1,1,100,1,1572484734,1572484734),(178,'aid',1,'aid','int','int(10)',10,'','','',0,0,1,0,1,1,1,100,1,1572484734,1572484734),(179,'lang',-99,'语言标识','text','varchar(50)',50,'cn','','',0,0,1,0,1,1,1,100,1,1572484751,1572484751),(180,'is_del',-99,'伪删除，1=是，0=否','switch','tinyint(1)',1,'0','','',0,0,1,0,1,1,1,100,1,1572484751,1572484751),(181,'admin_id',-99,'管理员ID','int','int(10)',10,'0','','',0,0,1,0,1,1,1,100,1,1572484751,1572484751),(219,'update_time',6,'更新时间','datetime','int(11)',11,'0','','',0,0,1,0,1,1,1,100,1,1572485022,1572485022),(220,'add_time',6,'新增时间','datetime','int(11)',11,'0','','',0,0,1,0,1,1,1,100,1,1572485022,1572485022),(221,'joinaid',6,'关联文档ID','int','int(10)',10,'0','','',0,0,1,0,1,1,1,100,1,1572485022,1572485022),(222,'del_method',6,'伪删除状态，1为主动删除，2为跟随上级栏目被动删除','switch','tinyint(1)',1,'0','','',0,0,1,0,1,1,1,100,1,1572485022,1572485022),(223,'is_del',6,'伪删除，1=是，0=否','switch','tinyint(1)',1,'0','','',0,0,1,0,1,1,1,100,1,1572485022,1572485022),(224,'arc_level_id',6,'文档会员权限ID','int','int(10)',10,'0','','',0,0,1,0,1,1,1,100,1,1572485022,1572485022),(225,'users_id',6,'会员ID','int','int(10)',10,'0','','',0,0,1,0,1,1,1,100,1,1572485022,1572485022),(226,'admin_id',6,'管理员ID','int','int(10)',10,'0','','',0,0,1,0,1,1,1,100,1,1572485022,1572485022),(227,'lang',6,'语言标识','text','varchar(50)',50,'cn','','',0,0,1,0,1,1,1,100,1,1572485022,1572485022),(228,'sort_order',6,'排序号','int','int(10)',10,'0','','',0,0,1,0,1,1,1,100,1,1572485022,1572485022),(229,'status',6,'状态(0=屏蔽，1=正常)','switch','tinyint(1)',1,'1','','',0,0,1,0,1,1,1,100,1,1572485022,1572485022),(230,'tempview',6,'文档模板文件名','text','varchar(200)',200,'','','',0,0,1,0,1,1,1,100,1,1572485022,1572485022),(231,'prom_type',6,'产品类型：0普通产品，1虚拟产品','switch','tinyint(1) unsigned',1,'0','','',0,0,1,0,1,1,1,100,1,1572485022,1572485022),(232,'stock_show',6,'商品库存在产品详情页是否显示，1为显示，0为不显示','switch','tinyint(1) unsigned',1,'1','','',0,0,1,0,1,1,1,100,1,1572485022,1572485022),(233,'stock_count',6,'商品库存量','int','int(10) unsigned',10,'0','','',0,0,1,0,1,1,1,100,1,1572485022,1572485022),(234,'old_price',6,'产品旧价','decimal','decimal(10,2)',10,'0.00','','',0,0,1,0,1,1,1,100,1,1572485022,1572485022),(235,'users_price',6,'会员价','decimal','decimal(10,2)',10,'0.00','','',0,0,1,0,1,1,1,100,1,1572485022,1572485022),(236,'seo_description',6,'SEO描述','multitext','text',0,'','','',0,0,1,0,1,1,1,100,1,1572485022,1572485022),(237,'seo_keywords',6,'SEO关键词','text','varchar(200)',200,'','','',0,0,1,0,1,1,1,100,1,1572485022,1572485022),(238,'seo_title',6,'SEO标题','text','varchar(200)',200,'','','',0,0,1,0,1,1,1,100,1,1572485022,1572485022),(239,'ismake',6,'是否静态页面（0=动态，1=静态）','switch','tinyint(1)',1,'0','','',0,0,1,0,1,1,1,100,1,1572485022,1572485022),(240,'jumplinks',6,'外链跳转','text','varchar(200)',200,'','','',0,0,1,0,1,1,1,100,1,1572485022,1572485022),(241,'arcrank',6,'阅读权限：0=开放浏览，-1=待审核稿件','int','int(10)',10,'0','','',0,0,1,0,1,1,1,100,1,1572485022,1572485022),(242,'click',6,'浏览量','int','int(10)',10,'0','','',0,0,1,0,1,1,1,100,1,1572485022,1572485022),(243,'author',6,'作者','text','varchar(200)',200,'','','',0,0,1,0,1,1,1,100,1,1572485022,1572485022),(244,'is_litpic',6,'图片（0=否，1=是）','switch','tinyint(1)',1,'0','','',0,0,1,0,1,1,1,100,1,1572485022,1572485022),(245,'is_jump',6,'跳转链接（0=否，1=是）','switch','tinyint(1)',1,'0','','',0,0,1,0,1,1,1,100,1,1572485022,1572485022),(246,'is_recom',6,'推荐（0=否，1=是）','switch','tinyint(1)',1,'0','','',0,0,1,0,1,1,1,100,1,1572485022,1572485022),(247,'is_top',6,'置顶（0=否，1=是）','switch','tinyint(1)',1,'0','','',0,0,1,0,1,1,1,100,1,1572485022,1572485022),(248,'is_special',6,'特荐（0=否，1=是）','switch','tinyint(1)',1,'0','','',0,0,1,0,1,1,1,100,1,1572485022,1572485022),(249,'is_head',6,'头条（0=否，1=是）','switch','tinyint(1)',1,'0','','',0,0,1,0,1,1,1,100,1,1572485022,1572485022),(250,'litpic',6,'缩略图','img','varchar(250)',250,'','','',0,0,1,0,1,1,1,100,1,1572485022,1572485022),(251,'title',6,'标题','text','varchar(200)',200,'','','',0,0,1,0,1,1,1,100,1,1572485022,1572485022),(252,'is_b',6,'加粗','switch','tinyint(1)',1,'0','','',0,0,1,0,1,1,1,100,1,1572485022,1572485022),(253,'channel',6,'模型ID','int','int(10)',10,'0','','',0,0,1,0,1,1,1,100,1,1572485022,1572485022),(254,'typeid',6,'当前栏目','int','int(10)',10,'0','','',0,0,1,0,1,1,1,100,1,1572485022,1572485022),(255,'aid',6,'aid','int','int(10)',10,'','','',0,0,1,0,1,1,1,100,1,1572485022,1572485022),(257,'update_time',4,'更新时间','datetime','int(11)',11,'0','','',0,0,1,0,1,1,1,100,1,1572485253,1572485253),(258,'add_time',4,'新增时间','datetime','int(11)',11,'0','','',0,0,1,0,1,1,1,100,1,1572485253,1572485253),(259,'joinaid',4,'关联文档ID','int','int(10)',10,'0','','',0,0,1,0,1,1,1,100,1,1572485253,1572485253),(260,'del_method',4,'伪删除状态，1为主动删除，2为跟随上级栏目被动删除','switch','tinyint(1)',1,'0','','',0,0,1,0,1,1,1,100,1,1572485253,1572485253),(261,'is_del',4,'伪删除，1=是，0=否','switch','tinyint(1)',1,'0','','',0,0,1,0,1,1,1,100,1,1572485253,1572485253),(262,'users_id',4,'会员ID','int','int(10)',10,'0','','',0,0,1,0,1,1,1,100,1,1572485253,1572485253),(263,'admin_id',4,'管理员ID','int','int(10)',10,'0','','',0,0,1,0,1,1,1,100,1,1572485253,1572485253),(264,'lang',4,'语言标识','text','varchar(50)',50,'cn','','',0,0,1,0,1,1,1,100,1,1572485253,1572485253),(265,'sort_order',4,'排序号','int','int(10)',10,'0','','',0,0,1,0,1,1,1,100,1,1572485253,1572485253),(266,'status',4,'状态(0=屏蔽，1=正常)','switch','tinyint(1)',1,'1','','',0,0,1,0,1,1,1,100,1,1572485253,1572485253),(267,'tempview',4,'文档模板文件名','text','varchar(200)',200,'','','',0,0,1,0,1,1,1,100,1,1572485253,1572485253),(268,'prom_type',4,'产品类型：0普通产品，1虚拟产品','switch','tinyint(1) unsigned',1,'0','','',0,0,1,0,1,1,1,100,1,1572485253,1572485253),(269,'stock_show',4,'商品库存在产品详情页是否显示，1为显示，0为不显示','switch','tinyint(1) unsigned',1,'1','','',0,0,1,0,1,1,1,100,1,1572485253,1572485253),(270,'stock_count',4,'商品库存量','int','int(10) unsigned',10,'0','','',0,0,1,0,1,1,1,100,1,1572485253,1572485253),(271,'old_price',4,'产品旧价','decimal','decimal(10,2)',10,'0.00','','',0,0,1,0,1,1,1,100,1,1572485253,1572485253),(272,'users_price',4,'会员价','decimal','decimal(10,2)',10,'0.00','','',0,0,1,0,1,1,1,100,1,1572485253,1572485253),(273,'seo_description',4,'SEO描述','multitext','text',0,'','','',0,0,1,0,1,1,1,100,1,1572485253,1572485253),(274,'seo_keywords',4,'SEO关键词','text','varchar(200)',200,'','','',0,0,1,0,1,1,1,100,1,1572485253,1572485253),(275,'seo_title',4,'SEO标题','text','varchar(200)',200,'','','',0,0,1,0,1,1,1,100,1,1572485253,1572485253),(276,'ismake',4,'是否静态页面（0=动态，1=静态）','switch','tinyint(1)',1,'0','','',0,0,1,0,1,1,1,100,1,1572485253,1572485253),(277,'jumplinks',4,'外链跳转','text','varchar(200)',200,'','','',0,0,1,0,1,1,1,100,1,1572485253,1572485253),(278,'arcrank',4,'阅读权限：0=开放浏览，-1=待审核稿件','int','int(10)',10,'0','','',0,0,1,0,1,1,1,100,1,1572485253,1572485253),(279,'click',4,'浏览量','int','int(10)',10,'0','','',0,0,1,0,1,1,1,100,1,1572485253,1572485253),(280,'author',4,'作者','text','varchar(200)',200,'','','',0,0,1,0,1,1,1,100,1,1572485253,1572485253),(281,'is_litpic',4,'图片（0=否，1=是）','switch','tinyint(1)',1,'0','','',0,0,1,0,1,1,1,100,1,1572485253,1572485253),(282,'is_jump',4,'跳转链接（0=否，1=是）','switch','tinyint(1)',1,'0','','',0,0,1,0,1,1,1,100,1,1572485253,1572485253),(283,'is_recom',4,'推荐（0=否，1=是）','switch','tinyint(1)',1,'0','','',0,0,1,0,1,1,1,100,1,1572485253,1572485253),(284,'is_top',4,'置顶（0=否，1=是）','switch','tinyint(1)',1,'0','','',0,0,1,0,1,1,1,100,1,1572485253,1572485253),(285,'is_special',4,'特荐（0=否，1=是）','switch','tinyint(1)',1,'0','','',0,0,1,0,1,1,1,100,1,1572485253,1572485253),(286,'is_head',4,'头条（0=否，1=是）','switch','tinyint(1)',1,'0','','',0,0,1,0,1,1,1,100,1,1572485253,1572485253),(287,'litpic',4,'缩略图','img','varchar(250)',250,'','','',0,0,1,0,1,1,1,100,1,1572485253,1572485253),(288,'title',4,'标题','text','varchar(200)',200,'','','',0,0,1,0,1,1,1,100,1,1572485253,1572485253),(289,'is_b',4,'加粗','switch','tinyint(1)',1,'0','','',0,0,1,0,1,1,1,100,1,1572485253,1572485253),(290,'channel',4,'模型ID','int','int(10)',10,'0','','',0,0,1,0,1,1,1,100,1,1572485253,1572485253),(291,'typeid',4,'当前栏目','int','int(10)',10,'0','','',0,0,1,0,1,1,1,100,1,1572485253,1572485253),(292,'aid',4,'aid','int','int(10)',10,'','','',0,0,1,0,1,1,1,100,1,1572485253,1572485253),(294,'amount',4,'收费金额','decimal','decimal(10,2)',10,'0.00','元','',0,0,1,0,0,0,0,11,1,1572489642,1572851987),(295,'update_time',3,'更新时间','datetime','int(11)',11,'0','','',0,0,1,0,1,1,1,100,1,1572491162,1572491162),(296,'add_time',3,'新增时间','datetime','int(11)',11,'0','','',0,0,1,0,1,1,1,100,1,1572491162,1572491162),(297,'joinaid',3,'关联文档ID','int','int(10)',10,'0','','',0,0,1,0,1,1,1,100,1,1572491162,1572491162),(298,'del_method',3,'伪删除状态，1为主动删除，2为跟随上级栏目被动删除','switch','tinyint(1)',1,'0','','',0,0,1,0,1,1,1,100,1,1572491162,1572491162),(299,'is_del',3,'伪删除，1=是，0=否','switch','tinyint(1)',1,'0','','',0,0,1,0,1,1,1,100,1,1572491162,1572491162),(300,'arc_level_id',3,'文档会员权限ID','int','int(10)',10,'0','','',0,0,1,0,1,1,1,100,1,1572491162,1572491162),(301,'users_id',3,'会员ID','int','int(10)',10,'0','','',0,0,1,0,1,1,1,100,1,1572491162,1572491162),(302,'admin_id',3,'管理员ID','int','int(10)',10,'0','','',0,0,1,0,1,1,1,100,1,1572491162,1572491162),(303,'lang',3,'语言标识','text','varchar(50)',50,'cn','','',0,0,1,0,1,1,1,100,1,1572491162,1572491162),(304,'sort_order',3,'排序号','int','int(10)',10,'0','','',0,0,1,0,1,1,1,100,1,1572491162,1572491162),(305,'status',3,'状态(0=屏蔽，1=正常)','switch','tinyint(1)',1,'1','','',0,0,1,0,1,1,1,100,1,1572491162,1572491162),(306,'tempview',3,'文档模板文件名','text','varchar(200)',200,'','','',0,0,1,0,1,1,1,100,1,1572491162,1572491162),(307,'prom_type',3,'产品类型：0普通产品，1虚拟产品','switch','tinyint(1) unsigned',1,'0','','',0,0,1,0,1,1,1,100,1,1572491162,1572491162),(308,'stock_show',3,'商品库存在产品详情页是否显示，1为显示，0为不显示','switch','tinyint(1) unsigned',1,'1','','',0,0,1,0,1,1,1,100,1,1572491162,1572491162),(309,'stock_count',3,'商品库存量','int','int(10) unsigned',10,'0','','',0,0,1,0,1,1,1,100,1,1572491162,1572491162),(310,'old_price',3,'产品旧价','decimal','decimal(10,2)',10,'0.00','','',0,0,1,0,1,1,1,100,1,1572491162,1572491162),(311,'users_price',3,'会员价','decimal','decimal(10,2)',10,'0.00','','',0,0,1,0,1,1,1,100,1,1572491162,1572491162),(312,'seo_description',3,'SEO描述','multitext','text',0,'','','',0,0,1,0,1,1,1,100,1,1572491162,1572491162),(313,'seo_keywords',3,'SEO关键词','text','varchar(200)',200,'','','',0,0,1,0,1,1,1,100,1,1572491162,1572491162),(314,'seo_title',3,'SEO标题','text','varchar(200)',200,'','','',0,0,1,0,1,1,1,100,1,1572491162,1572491162),(315,'ismake',3,'是否静态页面（0=动态，1=静态）','switch','tinyint(1)',1,'0','','',0,0,1,0,1,1,1,100,1,1572491162,1572491162),(316,'jumplinks',3,'外链跳转','text','varchar(200)',200,'','','',0,0,1,0,1,1,1,100,1,1572491162,1572491162),(317,'arcrank',3,'阅读权限：0=开放浏览，-1=待审核稿件','int','int(10)',10,'0','','',0,0,1,0,1,1,1,100,1,1572491162,1572491162),(318,'click',3,'浏览量','int','int(10)',10,'0','','',0,0,1,0,1,1,1,100,1,1572491162,1572491162),(319,'author',3,'作者','text','varchar(200)',200,'','','',0,0,1,0,1,1,1,100,1,1572491162,1572491162),(320,'is_litpic',3,'图片（0=否，1=是）','switch','tinyint(1)',1,'0','','',0,0,1,0,1,1,1,100,1,1572491162,1572491162),(321,'is_jump',3,'跳转链接（0=否，1=是）','switch','tinyint(1)',1,'0','','',0,0,1,0,1,1,1,100,1,1572491162,1572491162),(322,'is_recom',3,'推荐（0=否，1=是）','switch','tinyint(1)',1,'0','','',0,0,1,0,1,1,1,100,1,1572491162,1572491162),(323,'is_top',3,'置顶（0=否，1=是）','switch','tinyint(1)',1,'0','','',0,0,1,0,1,1,1,100,1,1572491162,1572491162),(324,'is_special',3,'特荐（0=否，1=是）','switch','tinyint(1)',1,'0','','',0,0,1,0,1,1,1,100,1,1572491162,1572491162),(325,'is_head',3,'头条（0=否，1=是）','switch','tinyint(1)',1,'0','','',0,0,1,0,1,1,1,100,1,1572491162,1572491162),(326,'litpic',3,'缩略图','img','varchar(250)',250,'','','',0,0,1,0,1,1,1,100,1,1572491162,1572491162),(327,'title',3,'标题','text','varchar(200)',200,'','','',0,0,1,0,1,1,1,100,1,1572491162,1572491162),(328,'is_b',3,'加粗','switch','tinyint(1)',1,'0','','',0,0,1,0,1,1,1,100,1,1572491162,1572491162),(329,'channel',3,'模型ID','int','int(10)',10,'0','','',0,0,1,0,1,1,1,100,1,1572491162,1572491162),(330,'typeid',3,'当前栏目','int','int(10)',10,'0','','',0,0,1,0,1,1,1,100,1,1572491162,1572491162),(331,'aid',3,'aid','int','int(10)',10,'','','',0,0,1,0,1,1,1,100,1,1572491162,1572491162),(332,'ad_show',1,'广告图展示图','img','varchar(250)',250,'','','',0,0,1,0,0,0,0,5,1,1572502663,1572502668),(335,'hours',4,'课时数量','int','int(10)',10,'','','',0,0,1,0,0,0,0,12,1,1572942551,1573179294),(336,'chapter',4,'章节','text','varchar(200)',200,'','','',0,0,0,0,0,0,0,2,1,1572945787,1573178753),(337,'videorating',4,'视频等级','select','enum(\'入门\',\'初级\',\'中级\',\'高级\')',0,'入门,初级,中级,高级','','',0,0,1,0,0,0,0,12,1,1572947877,1575613714),(338,'cou_id',4,'课程ID','datetime','int(11)',11,'0','','',0,0,1,0,1,1,1,100,1,1573178576,1573178576),(339,'lecturer',4,'讲师','text','varchar(200)',200,'','','',0,0,1,0,0,0,0,13,1,1573178643,1573178651),(340,'Instructors',4,'讲师介绍','htmltext','longtext',0,'','','',0,0,1,0,0,0,0,100,1,1573178683,1573178683),(341,'update_time',11,'更新时间','datetime','int(11)',11,'0','','',0,0,1,0,1,1,1,100,1,1573191979,1573191979),(342,'add_time',11,'新增时间','datetime','int(11)',11,'0','','',0,0,1,0,1,1,1,100,1,1573191979,1573191979),(343,'joinaid',11,'关联文档ID','int','int(10)',10,'0','','',0,0,1,0,1,1,1,100,1,1573191979,1573191979),(344,'del_method',11,'伪删除状态，1为主动删除，2为跟随上级栏目被动删除','switch','tinyint(1)',1,'0','','',0,0,1,0,1,1,1,100,1,1573191979,1573191979),(345,'is_del',11,'伪删除，1=是，0=否','switch','tinyint(1)',1,'0','','',0,0,1,0,1,1,1,100,1,1573191979,1573191979),(346,'arc_level_id',11,'文档会员权限ID','int','int(10)',10,'0','','',0,0,1,0,1,1,1,100,1,1573191979,1573191979),(347,'users_id',11,'会员ID','int','int(10)',10,'0','','',0,0,1,0,1,1,1,100,1,1573191979,1573191979),(348,'admin_id',11,'管理员ID','int','int(10)',10,'0','','',0,0,1,0,1,1,1,100,1,1573191979,1573191979),(349,'lang',11,'语言标识','text','varchar(50)',50,'cn','','',0,0,1,0,1,1,1,100,1,1573191979,1573191979),(350,'sort_order',11,'排序号','int','int(10)',10,'0','','',0,0,1,0,1,1,1,100,1,1573191979,1573191979),(351,'status',11,'状态(0=屏蔽，1=正常)','switch','tinyint(1)',1,'1','','',0,0,1,0,1,1,1,100,1,1573191979,1573191979),(352,'tempview',11,'文档模板文件名','text','varchar(200)',200,'','','',0,0,1,0,1,1,1,100,1,1573191979,1573191979),(353,'prom_type',11,'产品类型：0普通产品，1虚拟产品','switch','tinyint(1) unsigned',1,'0','','',0,0,1,0,1,1,1,100,1,1573191979,1573191979),(354,'stock_show',11,'商品库存在产品详情页是否显示，1为显示，0为不显示','switch','tinyint(1) unsigned',1,'1','','',0,0,1,0,1,1,1,100,1,1573191979,1573191979),(355,'stock_count',11,'商品库存量','int','int(10) unsigned',10,'0','','',0,0,1,0,1,1,1,100,1,1573191979,1573191979),(356,'old_price',11,'产品旧价','decimal','decimal(10,2)',10,'0.00','','',0,0,1,0,1,1,1,100,1,1573191979,1573191979),(357,'users_price',11,'会员价','decimal','decimal(10,2)',10,'0.00','','',0,0,1,0,1,1,1,100,1,1573191979,1573191979),(358,'seo_description',11,'SEO描述','multitext','text',0,'','','',0,0,1,0,1,1,1,100,1,1573191979,1573191979),(359,'seo_keywords',11,'SEO关键词','text','varchar(200)',200,'','','',0,0,1,0,1,1,1,100,1,1573191979,1573191979),(360,'seo_title',11,'SEO标题','text','varchar(200)',200,'','','',0,0,1,0,1,1,1,100,1,1573191979,1573191979),(361,'ismake',11,'是否静态页面（0=动态，1=静态）','switch','tinyint(1)',1,'0','','',0,0,1,0,1,1,1,100,1,1573191979,1573191979),(362,'jumplinks',11,'外链跳转','text','varchar(200)',200,'','','',0,0,1,0,1,1,1,100,1,1573191979,1573191979),(363,'arcrank',11,'阅读权限：0=开放浏览，-1=待审核稿件','int','int(10)',10,'0','','',0,0,1,0,1,1,1,100,1,1573191979,1573191979),(364,'click',11,'浏览量','int','int(10)',10,'0','','',0,0,1,0,1,1,1,100,1,1573191979,1573191979),(365,'author',11,'作者','text','varchar(200)',200,'','','',0,0,1,0,1,1,0,100,1,1573191979,1573191979),(366,'is_litpic',11,'图片（0=否，1=是）','switch','tinyint(1)',1,'0','','',0,0,1,0,1,1,1,100,1,1573191979,1573191979),(367,'is_jump',11,'跳转链接（0=否，1=是）','switch','tinyint(1)',1,'0','','',0,0,1,0,1,1,1,100,1,1573191979,1573191979),(368,'is_recom',11,'推荐（0=否，1=是）','switch','tinyint(1)',1,'0','','',0,0,1,0,1,1,1,100,1,1573191979,1573191979),(369,'is_top',11,'置顶（0=否，1=是）','switch','tinyint(1)',1,'0','','',0,0,1,0,1,1,1,100,1,1573191979,1573191979),(370,'is_special',11,'特荐（0=否，1=是）','switch','tinyint(1)',1,'0','','',0,0,1,0,1,1,1,100,1,1573191979,1573191979),(371,'is_head',11,'头条（0=否，1=是）','switch','tinyint(1)',1,'0','','',0,0,1,0,1,1,1,100,1,1573191979,1573191979),(372,'litpic',11,'缩略图','img','varchar(250)',250,'','','',0,0,1,0,1,1,0,100,1,1573191979,1573191979),(373,'title',11,'标题','text','varchar(200)',200,'','','',0,0,1,0,1,1,1,100,1,1573191979,1573191979),(374,'is_b',11,'加粗','switch','tinyint(1)',1,'0','','',0,0,1,0,1,1,1,100,1,1573191979,1573191979),(375,'channel',11,'模型ID','int','int(10)',10,'0','','',0,0,1,0,1,1,1,100,1,1573191979,1573191979),(376,'cha_id',11,'章节ID','datetime','int(11)',11,'0','','',0,0,1,0,1,1,1,100,1,1573191979,1573191979),(377,'cou_id',11,'课程ID','datetime','int(11)',11,'0','','',0,0,1,0,1,1,1,100,1,1573191979,1573191979),(378,'typeid',11,'当前栏目','int','int(10)',10,'0','','',0,0,1,0,1,1,1,100,1,1573191979,1573191979),(379,'aid',11,'aid','int','int(10)',10,'','','',0,0,1,0,1,1,1,100,1,1573191979,1573191979),(380,'cha_id',4,'章节ID','datetime','int(11)',11,'0','','',0,0,1,0,1,1,1,100,1,1573360377,1573360377),(381,'price',11,'价格','decimal','decimal(10,2)',10,'','元','',0,0,1,0,0,0,0,100,1,1573646783,1573646783),(382,'is_free',11,'是否免费','radio','enum(\'是\',\'否\')',0,'是,否','','',0,0,1,0,0,0,0,100,1,1573648292,1573648292),(383,'is_free',4,'观看限制','radio','enum(\'免费\',\'收费\')',0,'免费,收费','','',0,0,1,0,0,0,0,10,1,1575433282,1575604206);
/*!40000 ALTER TABLE `hw_channelfield` ENABLE KEYS */;

#
# Structure for table "hw_channelfield_bind"
#

DROP TABLE IF EXISTS `hw_channelfield_bind`;
CREATE TABLE `hw_channelfield_bind` (
  `id` int(10) NOT NULL AUTO_INCREMENT COMMENT '自增ID',
  `typeid` int(10) DEFAULT '0' COMMENT '栏目ID',
  `field_id` int(10) DEFAULT '0' COMMENT '自定义字段ID',
  `add_time` int(11) DEFAULT '0' COMMENT '新增时间',
  `update_time` int(11) DEFAULT '0' COMMENT '更新时间',
  PRIMARY KEY (`id`)
) ENGINE=MyISAM AUTO_INCREMENT=293 DEFAULT CHARSET=utf8 COMMENT='栏目与自定义字段绑定表';

#
# Data for table "hw_channelfield_bind"
#

/*!40000 ALTER TABLE `hw_channelfield_bind` DISABLE KEYS */;
INSERT INTO `hw_channelfield_bind` VALUES (1,0,24,1563518642,1563518642),(2,0,25,1563518642,1563518642),(3,0,26,1563518642,1563518642),(4,0,27,1563518642,1563518642),(5,0,29,1563518642,1563518642),(6,3,88,1563518738,1563518738),(7,20,88,1563518738,1563518738),(8,21,88,1563518738,1563518738),(9,22,88,1563518738,1563518738),(10,24,88,1563518738,1563518738),(11,25,88,1563518738,1563518738),(12,26,88,1563518738,1563518738),(13,27,88,1563518738,1563518738),(14,28,88,1563518738,1563518738),(15,29,88,1563518738,1563518738),(16,41,88,1563518738,1563518738),(17,42,88,1563518738,1563518738),(18,43,88,1563518738,1563518738),(19,44,88,1563518738,1563518738),(20,45,88,1563518738,1563518738),(21,46,88,1563518738,1563518738),(22,47,88,1563518738,1563518738),(23,48,88,1563518738,1563518738),(24,49,88,1563518738,1563518738),(25,50,88,1563518738,1563518738),(26,0,120,1563526665,1563526665),(27,0,121,1563526681,1563526681),(28,0,122,1563526694,1563526694),(29,0,123,1563526705,1563526705),(30,0,124,1563526716,1563526716),(31,0,125,1563526727,1563526727),(32,0,126,1563526769,1563526769),(193,3,133,1565662740,1565662740),(194,20,133,1565662740,1565662740),(195,21,133,1565662740,1565662740),(196,22,133,1565662740,1565662740),(197,24,133,1565662740,1565662740),(198,25,133,1565662740,1565662740),(199,26,133,1565662740,1565662740),(200,27,133,1565662740,1565662740),(201,28,133,1565662740,1565662740),(202,29,133,1565662740,1565662740),(203,41,133,1565662740,1565662740),(204,42,133,1565662740,1565662740),(205,43,133,1565662740,1565662740),(206,44,133,1565662740,1565662740),(207,45,133,1565662740,1565662740),(208,46,133,1565662740,1565662740),(209,47,133,1565662740,1565662740),(210,48,133,1565662740,1565662740),(211,49,133,1565662740,1565662740),(212,50,133,1565662740,1565662740),(213,3,132,1565663341,1565663341),(214,20,132,1565663341,1565663341),(215,21,132,1565663341,1565663341),(216,22,132,1565663341,1565663341),(217,24,132,1565663341,1565663341),(218,25,132,1565663341,1565663341),(219,26,132,1565663341,1565663341),(220,27,132,1565663341,1565663341),(221,28,132,1565663341,1565663341),(222,29,132,1565663341,1565663341),(223,41,132,1565663341,1565663341),(224,42,132,1565663341,1565663341),(225,43,132,1565663341,1565663341),(226,44,132,1565663341,1565663341),(227,45,132,1565663341,1565663341),(228,46,132,1565663341,1565663341),(229,47,132,1565663341,1565663341),(230,48,132,1565663341,1565663341),(231,49,132,1565663341,1565663341),(232,50,132,1565663341,1565663341),(274,0,256,1572485153,1572485153),(277,0,332,1572502663,1572502663),(278,0,294,1572851987,1572851987),(281,0,336,1572945787,1572945787),(283,0,339,1573178643,1573178643),(284,0,340,1573178683,1573178683),(285,0,335,1573179276,1573179276),(286,0,381,1573646783,1573646783),(287,0,382,1573648292,1573648292),(291,0,383,1575604206,1575604206),(292,0,337,1575613714,1575613714);
/*!40000 ALTER TABLE `hw_channelfield_bind` ENABLE KEYS */;

#
# Structure for table "hw_channeltype"
#

DROP TABLE IF EXISTS `hw_channeltype`;
CREATE TABLE `hw_channeltype` (
  `id` int(11) NOT NULL AUTO_INCREMENT,
  `nid` varchar(50) NOT NULL DEFAULT '' COMMENT '识别id',
  `title` varchar(30) DEFAULT '' COMMENT '名称',
  `ntitle` varchar(30) DEFAULT '' COMMENT '左侧菜单名称',
  `table` varchar(50) DEFAULT '' COMMENT '表名',
  `ctl_name` varchar(50) DEFAULT '' COMMENT '控制器名称（区分大小写）',
  `status` tinyint(1) DEFAULT '1' COMMENT '状态(1=启用，0=屏蔽)',
  `ifsystem` tinyint(1) DEFAULT '0' COMMENT '字段分类，1=系统(不可修改)，0=自定义',
  `is_repeat_title` tinyint(1) DEFAULT '1' COMMENT '文档标题重复，1=允许，0=不允许',
  `is_release` tinyint(1) DEFAULT '0' COMMENT '模型是否允许应用于会员投稿发布，1是，0否',
  `is_litpic_users_release` tinyint(1) DEFAULT '1' COMMENT '缩略图是否应用于会员投稿，1=允许，0=不允许',
  `is_del` tinyint(1) DEFAULT '0' COMMENT '伪删除，1=是，0=否',
  `sort_order` smallint(6) DEFAULT '50' COMMENT '排序',
  `add_time` int(11) DEFAULT '0' COMMENT '新增时间',
  `update_time` int(11) DEFAULT '0' COMMENT '更新时间',
  PRIMARY KEY (`id`),
  UNIQUE KEY `idention` (`nid`) USING BTREE,
  UNIQUE KEY `ctl_name` (`ctl_name`) USING BTREE
) ENGINE=MyISAM AUTO_INCREMENT=12 DEFAULT CHARSET=utf8 COMMENT='系统模型表';

#
# Data for table "hw_channeltype"
#

/*!40000 ALTER TABLE `hw_channeltype` DISABLE KEYS */;
INSERT INTO `hw_channeltype` VALUES (1,'article','文章模型','文章','article','Article',1,1,1,1,1,0,1,0,1564532747),(2,'product','产品模型','产品','product','Product',1,1,1,0,1,0,2,0,1564532747),(3,'images','图集模型','图集','images','Images',1,1,1,0,1,0,3,1523929121,1564532747),(4,'download','视频模型','视频','download','Download',1,1,1,0,1,0,4,0,1564532747),(6,'single','单页模型','单页','single','Single',1,1,1,0,1,0,6,1523091961,1564532747),(8,'guestbook','留言模型','留言','guestbook','Guestbook',1,1,1,0,1,0,8,1509197711,1564532747),(9,'recruit','招聘模型','人才招聘','recruit','Recruit',1,0,1,0,1,0,50,1563526560,1564532747),(11,'column','栏目模板','栏目模板','column','Column',1,0,1,0,1,0,50,1573191979,1573191979);
/*!40000 ALTER TABLE `hw_channeltype` ENABLE KEYS */;

#
# Structure for table "hw_column_content"
#

DROP TABLE IF EXISTS `hw_column_content`;
CREATE TABLE `hw_column_content` (
  `id` int(10) NOT NULL AUTO_INCREMENT,
  `aid` int(10) DEFAULT '0' COMMENT '文档ID',
  `add_time` int(11) DEFAULT '0' COMMENT '新增时间',
  `update_time` int(11) DEFAULT '0' COMMENT '更新时间',
  `price` decimal(10,2) NOT NULL COMMENT '价格',
  `is_free` enum('是','否') DEFAULT '是' COMMENT '是否免费',
  PRIMARY KEY (`id`),
  KEY `aid` (`aid`) USING BTREE
) ENGINE=MyISAM AUTO_INCREMENT=16 DEFAULT CHARSET=utf8 COMMENT='附加表';

#
# Data for table "hw_column_content"
#

/*!40000 ALTER TABLE `hw_column_content` DISABLE KEYS */;
INSERT INTO `hw_column_content` VALUES (1,203,1573658469,1573658469,10.00,'是'),(2,204,1573648307,1573648307,0.10,'否'),(3,208,1573654238,1573654238,0.00,'是'),(4,209,1573652451,1573652451,0.00,'是'),(5,210,1574157055,1574157055,0.00,'是'),(6,211,1573657608,1573657608,0.00,'是'),(7,212,1573658980,1573658980,0.00,'是'),(8,213,1573659164,1573659164,0.00,'是'),(9,214,1573659244,1573659244,0.00,'是'),(10,215,1573662683,1573662683,0.00,'是'),(11,216,1573670169,1573670169,0.00,'是'),(12,249,1575603996,1575603996,25.00,'否'),(13,250,1574230619,1574230619,5.00,'否'),(14,251,1574279755,1574279755,0.00,'是'),(15,261,1575603967,1575603967,5.00,'否');
/*!40000 ALTER TABLE `hw_column_content` ENABLE KEYS */;

#
# Structure for table "hw_common_pic"
#

DROP TABLE IF EXISTS `hw_common_pic`;
CREATE TABLE `hw_common_pic` (
  `id` int(11) unsigned NOT NULL AUTO_INCREMENT COMMENT '常用图片ID',
  `pic_path` varchar(255) NOT NULL DEFAULT '' COMMENT '图片地址',
  `lang` varchar(50) NOT NULL DEFAULT 'cn' COMMENT '多语言',
  `add_time` int(11) NOT NULL DEFAULT '0' COMMENT '新增时间',
  `update_time` int(11) NOT NULL DEFAULT '0' COMMENT '更新时间',
  PRIMARY KEY (`id`)
) ENGINE=MyISAM AUTO_INCREMENT=82 DEFAULT CHARSET=utf8 COMMENT='常用图片';

#
# Data for table "hw_common_pic"
#

/*!40000 ALTER TABLE `hw_common_pic` DISABLE KEYS */;
INSERT INTO `hw_common_pic` VALUES (10,'/uploads/allimg/20190808/13fba5d0f2454c4b8fee4ada1d3fb39b.jpg','cn',1565229807,1565229807),(11,'/uploads/allimg/20190808/45b6f3f95d30a97cfa4a83d315b5c4f1.jpg','cn',1565233144,1565233144),(12,'/uploads/allimg/20190808/1c3dabff0cbf24fb6667899396a866aa.jpg','cn',1565233662,1565233662),(13,'/uploads/allimg/20190808/17268e40477444ecbf11bcb643f321c2.jpg','cn',1565234123,1565234123),(15,'/uploads/allimg/20191030/1-1910301J415337.png','en',1572430434,1572430434),(17,'/uploads/allimg/20190319/26ae26bc48454c5504f5e73ab40c2ef7.jpg','cn',1572512168,1572512168),(25,'/uploads/allimg/20191105/1-19110513332UD.jpg','cn',1572944337,1572944337),(29,'/uploads/allimg/20190808/0951948f9135e85b78f51d69611c6ac4.jpg','cn',1573012474,1573012474),(31,'/uploads/allimg/20190808/989d19deb2377e199ec63d5ef9244be8.jpg','cn',1573019233,1573019233),(35,'/uploads/allimg/20191107/1-19110FZSR54.jpg','cn',1573091395,1573091395),(37,'/uploads/allimg/20191107/1-19110F941151X.gif','cn',1573091961,1573091961),(38,'/uploads/allimg/20191107/1-19110G03SE40.png','cn',1573094340,1573094340),(58,'/uploads/allimg/20191107/1-19110F95034421.jpg','cn',1573206188,1573206188),(71,'/uploads/allimg/20191112/1-191112114H4c5.jpg','cn',1573530497,1573530497),(72,'/uploads/allimg/20191107/1-19110G14223B8.jpg','cn',1573537362,1573537362),(73,'/uploads/allimg/20191105/1-19110515512VY.jpg','cn',1573537475,1573537475),(74,'/uploads/allimg/20191114/1-191114105642911.jpg','cn',1573700561,1573700561),(77,'/uploads/allimg/20191114/1-191114112155617.jpg','cn',1573701760,1573701760),(79,'/uploads/allimg/20191114/1-1911141354291V.jpg','cn',1573710914,1573710914),(80,'/uploads/allimg/20191107/1-19110G6001QR.jpg','cn',1573724918,1573724918),(81,'/uploads/ueditor/20181220/ac06829b2cc1070d75c6d3ea8e6aa55e.jpg','cn',1573737903,1573737903);
/*!40000 ALTER TABLE `hw_common_pic` ENABLE KEYS */;

#
# Structure for table "hw_config"
#

DROP TABLE IF EXISTS `hw_config`;
CREATE TABLE `hw_config` (
  `id` int(11) NOT NULL AUTO_INCREMENT,
  `name` varchar(50) DEFAULT '' COMMENT '配置的key键名',
  `value` text,
  `inc_type` varchar(64) DEFAULT '' COMMENT '配置分组',
  `desc` varchar(50) DEFAULT '' COMMENT '描述',
  `lang` varchar(50) DEFAULT 'cn' COMMENT '语言标识',
  `is_del` tinyint(1) DEFAULT '0' COMMENT '是否已删除，0=否，1=是',
  `update_time` int(11) DEFAULT '0' COMMENT '更新时间',
  PRIMARY KEY (`id`)
) ENGINE=MyISAM AUTO_INCREMENT=271 DEFAULT CHARSET=utf8 COMMENT='系统配置表';

#
# Data for table "hw_config"
#

/*!40000 ALTER TABLE `hw_config` DISABLE KEYS */;
INSERT INTO `hw_config` VALUES (1,'is_mark','0','water','','cn',0,0),(2,'mark_txt','易优Cms','water','','cn',0,0),(3,'mark_img','/uploads/allimg/20190114/f0d5e5830502125f5077212a90ef3a33.png','water','','cn',0,1547463466),(4,'mark_width','200','water','','cn',0,0),(5,'mark_height','50','water','','cn',0,0),(6,'mark_degree','54','water','','cn',0,0),(7,'mark_quality','56','water','','cn',0,0),(8,'mark_sel','9','water','','cn',0,0),(9,'sms_time_out','120','sms','','cn',0,0),(10,'theme_style','1','basic','','cn',0,0),(11,'file_size','1024','basic','','cn',0,1572518299),(12,'image_type','jpg|gif|png|bmp|jpeg|ico','basic','','cn',0,0),(13,'file_type','zip|gz|rar|iso|doc|xsl|ppt|wps','basic','','cn',0,0),(14,'media_type','swf|mpg|mp3|rm|rmvb|wmv|wma|wav|mid|mov|mp4','basic','','cn',0,0),(15,'web_keywords','手机组态  PLC培训　','web','','cn',0,1574153815),(17,'sms_platform','1','sms','','cn',0,0),(18,'seo_viewtitle_format','2','seo','','cn',0,0),(24,'mark_type','img','water','','cn',0,0),(25,'mark_txt_size','30','water','','cn',0,0),(26,'mark_txt_color','#000000','water','','cn',0,0),(27,'oss_switch','0','oss','','cn',0,0),(28,'web_name','工控邦','web','','cn',0,1572506654),(29,'web_logo','/uploads/allimg/20191114/1-191114134940325.jpg','web','','cn',0,1573710583),(30,'web_ico','/favicon.ico','web','','cn',0,0),(31,'web_basehost','http://www.gkbplc.com','web','','cn',0,1573632603),(32,'web_description','10元注册 就能学PLC 30自学PLC','web','','cn',0,1575562215),(33,'web_copyright','成都工控邦科技有限公司','web','','cn',0,1573660433),(34,'web_thirdcode_pc','','web','','cn',0,0),(35,'web_thirdcode_wap','','web','','cn',0,0),(39,'seo_arcdir','/html','seo','','cn',0,0),(40,'seo_pseudo','1','seo','','cn',0,1567579003),(41,'list_symbol','&gt;','basic','','cn',0,0),(42,'sitemap_auto','1','sitemap','','cn',0,0),(43,'sitemap_not1','0','sitemap','','cn',0,0),(44,'sitemap_not2','1','sitemap','','cn',0,0),(45,'sitemap_xml','1','sitemap','','cn',0,0),(46,'sitemap_txt','0','sitemap','','cn',0,0),(47,'sitemap_zzbaidutoken','','sitemap','','cn',0,0),(48,'seo_expires_in','7200','seo','','cn',0,0),(55,'web_title','工控邦','web','','cn',0,1572506654),(57,'web_authortoken','','web','','cn',0,0),(58,'web_attr_3','','web','','cn',0,1573090883),(59,'web_attr_2','9:00-18:00 (工作日)','web','','cn',0,1565081429),(60,'web_attr_1','400-123-4567','web','','cn',0,1563503492),(61,'web_attr_4','您的公司地址','web','','cn',0,1565081424),(62,'seo_inlet','1','seo','','cn',0,1573624532),(63,'web_cmspath','/haiwei','web','','cn',0,0),(64,'web_sqldatapath','/data/sqldata','web','','cn',0,0),(65,'web_cmsurl','','web','','cn',0,0),(66,'web_templets_dir','/template','web','','cn',0,0),(67,'web_templeturl','/template','web','','cn',0,0),(68,'web_templets_pc','/template/pc','web','','cn',0,0),(69,'web_templets_m','/template/mobile','web','','cn',0,0),(70,'web_eyoucms','http://www.eyoucms.com','web','','cn',0,0),(76,'seo_liststitle_format','2','seo','','cn',0,0),(77,'web_status','0','web','','cn',0,0),(78,'_cmscopyright','2Ko8DwlMsNl29E6pz2TJNp5B','php','','cn',0,1573456402),(79,'web_recordnum','蜀ICP备05050669号','web','','cn',0,1572424152),(80,'web_is_authortoken','-1','web','','cn',0,1575616615),(81,'web_adminbasefile','/login.php','web','','cn',0,0),(82,'seo_rewrite_format','1','seo','','cn',0,0),(83,'web_cmsmode','2','web','','cn',0,0),(84,'web_htmlcache_expires_in','0','web','','cn',0,1546477337),(85,'web_show_popup_upgrade','1','web','','cn',0,0),(86,'web_weapp_switch','1','web','','cn',0,1563498417),(88,'seo_dynamic_format','1','seo','','cn',0,0),(89,'system_sql_mode','STRICT_TRANS_TABLES,NO_AUTO_CREATE_USER,NO_ENGINE_SUBSTITUTION','system','','cn',0,1574930866),(90,'system_home_default_lang','cn','system','','cn',0,0),(91,'system_langnum','2','system','','cn',0,1545267532),(93,'is_mark','0','water','','en',0,0),(94,'mark_txt','易优Cms','water','','en',0,0),(95,'mark_img','/uploads/allimg/20190114/f0d5e5830502125f5077212a90ef3a33.png','water','','en',0,1547463466),(96,'mark_width','200','water','','en',0,0),(97,'mark_height','50','water','','en',0,0),(98,'mark_degree','54','water','','en',0,0),(99,'mark_quality','56','water','','en',0,0),(100,'mark_sel','9','water','','en',0,0),(101,'sms_time_out','120','sms','','en',0,0),(102,'theme_style','1','basic','','en',0,0),(103,'file_size','1024','basic','','en',0,1572518299),(104,'image_type','jpg|gif|png|bmp|jpeg|ico','basic','','en',0,0),(105,'file_type','zip|gz|rar|iso|doc|xsl|ppt|wps','basic','','en',0,0),(106,'media_type','swf|mpg|mp3|rm|rmvb|wmv|wma|wav|mid|mov|mp4','basic','','en',0,0),(107,'web_keywords','','web','','en',0,0),(108,'sms_platform','1','sms','','en',0,0),(109,'seo_viewtitle_format','2','seo','','en',0,0),(115,'mark_type','img','water','','en',0,0),(116,'mark_txt_size','30','water','','en',0,0),(117,'mark_txt_color','#000000','water','','en',0,0),(118,'oss_switch','0','oss','','en',0,0),(119,'web_name','Chengdu Haiwei Huaxin Technology Co., Ltd.','web','','en',0,1572430372),(120,'web_logo','/uploads/allimg/20191030/1-1910301J415337.png','web','','en',0,1572430436),(121,'web_ico','/favicon.ico','web','','en',0,0),(122,'web_basehost','http://localhost/haiwei','web','','en',0,0),(123,'web_description','','web','','en',0,0),(124,'web_copyright','Copyright 2019 Chengdu Haiwei Huaxin Technology Co., Ltd  All rights reserved','web','','en',0,1572430372),(125,'web_thirdcode_pc','','web','','en',0,0),(126,'web_thirdcode_wap','','web','','en',0,0),(127,'seo_arcdir','/html','seo','','en',0,0),(128,'seo_pseudo','1','seo','','en',0,0),(129,'list_symbol','&gt;','basic','','en',0,0),(130,'sitemap_auto','1','sitemap','','en',0,0),(131,'sitemap_not1','0','sitemap','','en',0,0),(132,'sitemap_not2','1','sitemap','','en',0,0),(133,'sitemap_xml','1','sitemap','','en',0,0),(134,'sitemap_txt','0','sitemap','','en',0,0),(135,'sitemap_zzbaidutoken','','sitemap','','en',0,0),(136,'seo_expires_in','7200','seo','','en',0,0),(137,'web_title','Chengdu Haiwei Huaxin Technology Co., Ltd.','web','','en',0,1572430372),(139,'web_authortoken','','web','','en',0,0),(140,'web_attr_3','123456789','web','','en',0,1565081426),(141,'web_attr_2','8888-88888888','web','','en',0,1565081429),(142,'web_attr_1','http://www.weibo.com','web','','en',0,0),(143,'web_attr_4','/uploads/allimg/20190114/6a9bcb2f4cf5a66473fa8491f63481de.jpg','web','','en',0,1565081424),(144,'seo_inlet','1','seo','','en',0,1573624532),(145,'web_cmspath','/haiwei','web','','en',0,0),(146,'web_sqldatapath','/data/sqldata','web','','en',0,0),(147,'web_cmsurl','','web','','en',0,0),(148,'web_templets_dir','/template','web','','en',0,0),(149,'web_templeturl','/template','web','','en',0,0),(150,'web_templets_pc','/template/pc','web','','en',0,0),(151,'web_templets_m','/template/mobile','web','','en',0,0),(152,'web_eyoucms','http://www.eyoucms.com','web','','en',0,0),(153,'seo_liststitle_format','2','seo','','en',0,0),(154,'web_status','0','web','','en',0,0),(155,'_cmscopyright','QyFncn73oiMxHjxujmJK3GG6','php','','en',0,1573456402),(156,'web_recordnum','Qiong ICP Prepares xxxxxxx Number','web','','en',0,1545272757),(157,'web_is_authortoken','-1','web','','en',0,1575616615),(158,'web_adminbasefile','/login.php','web','','en',0,0),(159,'seo_rewrite_format','1','seo','','en',0,0),(160,'web_cmsmode','2','web','','en',0,0),(161,'web_htmlcache_expires_in','0','web','','en',0,1546477338),(162,'web_show_popup_upgrade','1','web','','en',0,1552968816),(163,'web_weapp_switch','1','web','','en',0,1563498417),(164,'seo_dynamic_format','1','seo','','en',0,0),(165,'system_sql_mode','STRICT_TRANS_TABLES,NO_AUTO_CREATE_USER,NO_ENGINE_SUBSTITUTION','system','','en',0,1574930866),(166,'system_home_default_lang','cn','system','','en',0,0),(167,'system_langnum','2','system','','en',0,1545267532),(169,'basic_indexname','Home','basic','','en',0,1545272633),(170,'web_exception','0','web','','cn',0,1546477337),(171,'web_language_switch','0','web','','cn',0,1572854852),(172,'web_exception','0','web','','en',0,1546477338),(173,'web_language_switch','0','web','','en',0,1572854852),(174,'web_is_https','0','web','','cn',0,1552968816),(175,'web_is_https','0','web','','en',0,1552968816),(176,'smtp_syn_weapp','1','smtp','','cn',0,1553566547),(177,'smtp_syn_weapp','1','smtp','','en',0,1553566547),(178,'php_eyou_blacklist','','php','','cn',0,1553654429),(179,'php_eyou_blacklist','','php','','en',0,1553654429),(190,'system_auth_code','JwAhf0gPmHIJIZbiPlca','system','','cn',0,1557733856),(191,'system_auth_code','JwAhf0gPmHIJIZbiPlca','system','','en',0,1557733856),(192,'system_upgrade_filelist','YXBwbGljYXRpb24vcGx1Z2lucy9odG1sLnBocDxicj5hcHBsaWNhdGlvbi9jb21tb24vYmVoYXZpb3IvQXBwSW5pdEJlaGF2aW9yLnBocDxicj5hcHBsaWNhdGlvbi9jb21tb24vY29udHJvbGxlci9Db21tb24ucGhwPGJyPmFwcGxpY2F0aW9uL2NvbW1vbi9sb2dpYy9TbXNMb2dpYy5waHA8YnI+YXBwbGljYXRpb24vY29tbW9uL21vZGVsL0FyY3R5cGUucGhwPGJyPmFwcGxpY2F0aW9uL2NvbW1vbi9tb2RlbC9SZWdpb24ucGhwPGJyPmFwcGxpY2F0aW9uL2NvbW1vbi9tb2RlbC9DaGFubmVsdHlwZS5waHA8YnI+YXBwbGljYXRpb24vY29tbW9uL21vZGVsL0NoYW5uZWxmaWVsZC5waHA8YnI+YXBwbGljYXRpb24vY29tbW9uL21vZGVsL1RhZ2xpc3QucGhwPGJyPmFwcGxpY2F0aW9uL3JvdXRlLnBocDxicj5hcHBsaWNhdGlvbi91c2VyL2h0bWwucGhwPGJyPmFwcGxpY2F0aW9uL3VzZXIvY29udHJvbGxlci9Vc2Vyc1JlbGVhc2UucGhwPGJyPmFwcGxpY2F0aW9uL3VzZXIvY29udHJvbGxlci9TaG9wLnBocDxicj5hcHBsaWNhdGlvbi91c2VyL2NvbnRyb2xsZXIvVXNlcnMucGhwPGJyPmFwcGxpY2F0aW9uL3VzZXIvbW9kZWwvVXNlcnNSZWxlYXNlLnBocDxicj5hcHBsaWNhdGlvbi9jb21tb24ucGhwPGJyPmFwcGxpY2F0aW9uL2Z1bmN0aW9uLnBocDxicj5hcHBsaWNhdGlvbi9oZWxwZXIucGhwPGJyPmFwcGxpY2F0aW9uL2FwaS9jb250cm9sbGVyL0FqYXgucGhwPGJyPmFwcGxpY2F0aW9uL2FwaS90ZW1wbGF0ZS91aXNldC9hcmNsaXN0Lmh0bTxicj5hcHBsaWNhdGlvbi9hcGkvdGVtcGxhdGUvdWlzZXQvdXBsb2FkLmh0bTxicj5hcHBsaWNhdGlvbi9hcGkvdGVtcGxhdGUvdWlzZXQvY2hhbm5lbC5odG08YnI+YXBwbGljYXRpb24vYXBpL3RlbXBsYXRlL3Vpc2V0L2h0bWwuaHRtPGJyPmFwcGxpY2F0aW9uL2FwaS90ZW1wbGF0ZS91aXNldC90eXBlLmh0bTxicj5hcHBsaWNhdGlvbi9hcGkvdGVtcGxhdGUvdXBsb2FkaWZ5L3VwbG9hZF9wcm9kdWN0Lmh0bTxicj5hcHBsaWNhdGlvbi9hZG1pbi9jb21tb24ucGhwPGJyPmFwcGxpY2F0aW9uL2FkbWluL2JlaGF2aW9yL0F1dGhSb2xlQmVoYXZpb3IucGhwPGJyPmFwcGxpY2F0aW9uL2FkbWluL2JlaGF2aW9yL0FwcEVuZEJlaGF2aW9yLnBocDxicj5hcHBsaWNhdGlvbi9hZG1pbi9jb250cm9sbGVyL0ZpZWxkLnBocDxicj5hcHBsaWNhdGlvbi9hZG1pbi9jb250cm9sbGVyL0ZpbGVtYW5hZ2VyLnBocDxicj5hcHBsaWNhdGlvbi9hZG1pbi9jb250cm9sbGVyL0FkbWluLnBocDxicj5hcHBsaWNhdGlvbi9hZG1pbi9jb250cm9sbGVyL0FyY2hpdmVzLnBocDxicj5hcHBsaWNhdGlvbi9hZG1pbi9jb250cm9sbGVyL1VlZGl0b3IucGhwPGJyPmFwcGxpY2F0aW9uL2FkbWluL2NvbnRyb2xsZXIvUHJvZHVjdC5waHA8YnI+YXBwbGljYXRpb24vYWRtaW4vY29udHJvbGxlci9CYXNlLnBocDxicj5hcHBsaWNhdGlvbi9hZG1pbi9jb250cm9sbGVyL0d1ZXN0Ym9vay5waHA8YnI+YXBwbGljYXRpb24vYWRtaW4vY29udHJvbGxlci9TZW8ucGhwPGJyPmFwcGxpY2F0aW9uL2FkbWluL2NvbnRyb2xsZXIvSW5kZXgucGhwPGJyPmFwcGxpY2F0aW9uL2FkbWluL2NvbnRyb2xsZXIvQ2hhbm5lbHR5cGUucGhwPGJyPmFwcGxpY2F0aW9uL2FkbWluL2NvbnRyb2xsZXIvTWVtYmVyLnBocDxicj5hcHBsaWNhdGlvbi9hZG1pbi9jb250cm9sbGVyL1N5c3RlbS5waHA8YnI+YXBwbGljYXRpb24vYWRtaW4vY29udHJvbGxlci9DdXN0b20ucGhwPGJyPmFwcGxpY2F0aW9uL2FkbWluL2NvbnRyb2xsZXIvU2hvcC5waHA8YnI+YXBwbGljYXRpb24vYWRtaW4vY29udHJvbGxlci9VcGxvYWRpZnkucGhwPGJyPmFwcGxpY2F0aW9uL2FkbWluL2xvZ2ljL0FqYXhMb2dpYy5waHA8YnI+YXBwbGljYXRpb24vYWRtaW4vbG9naWMvRmlsZW1hbmFnZXJMb2dpYy5waHA8YnI+YXBwbGljYXRpb24vYWRtaW4vbG9naWMvRGl5RXh0ZW5kTG9naWMucGhwPGJyPmFwcGxpY2F0aW9uL2FkbWluL2xvZ2ljL0FyY2hpdmVzTG9naWMucGhwPGJyPmFwcGxpY2F0aW9uL2FkbWluL2xvZ2ljL0ZpZWxkTG9naWMucGhwPGJyPmFwcGxpY2F0aW9uL2FkbWluL21vZGVsL0ZpZWxkLnBocDxicj5hcHBsaWNhdGlvbi9hZG1pbi9tb2RlbC9JbWFnZXMucGhwPGJyPmFwcGxpY2F0aW9uL2FkbWluL21vZGVsL0Rvd25sb2FkRmlsZS5waHA8YnI+YXBwbGljYXRpb24vYWRtaW4vbW9kZWwvQXJjaGl2ZXMucGhwPGJyPmFwcGxpY2F0aW9uL2FkbWluL21vZGVsL0FydGljbGUucGhwPGJyPmFwcGxpY2F0aW9uL2FkbWluL21vZGVsL1F1aWNrZW50cnkucGhwPGJyPmFwcGxpY2F0aW9uL2FkbWluL21vZGVsL0FkLnBocDxicj5hcHBsaWNhdGlvbi9hZG1pbi9tb2RlbC9Qcm9kdWN0LnBocDxicj5hcHBsaWNhdGlvbi9hZG1pbi9tb2RlbC9SZWdpb24ucGhwPGJyPmFwcGxpY2F0aW9uL2FkbWluL21vZGVsL1Byb2R1Y3RJbWcucGhwPGJyPmFwcGxpY2F0aW9uL2FkbWluL21vZGVsL0d1ZXN0Ym9va0F0dHJpYnV0ZS5waHA8YnI+YXBwbGljYXRpb24vYWRtaW4vbW9kZWwvRG93bmxvYWQucGhwPGJyPmFwcGxpY2F0aW9uL2FkbWluL21vZGVsL0FkUG9zaXRpb24ucGhwPGJyPmFwcGxpY2F0aW9uL2FkbWluL21vZGVsL1Byb2R1Y3RTcGVjVmFsdWUucGhwPGJyPmFwcGxpY2F0aW9uL2FkbWluL21vZGVsL0N1c3RvbS5waHA8YnI+YXBwbGljYXRpb24vYWRtaW4vbW9kZWwvSW1hZ2VzVXBsb2FkLnBocDxicj5hcHBsaWNhdGlvbi9hZG1pbi90ZW1wbGF0ZS9maWxlbWFuYWdlci9lZGl0Lmh0bTxicj5hcHBsaWNhdGlvbi9hZG1pbi90ZW1wbGF0ZS9maWxlbWFuYWdlci9yZXBsYWNlX2ltZy5odG08YnI+YXBwbGljYXRpb24vYWRtaW4vdGVtcGxhdGUvZmlsZW1hbmFnZXIvbmV3ZGlyLmh0bTxicj5hcHBsaWNhdGlvbi9hZG1pbi90ZW1wbGF0ZS9maWxlbWFuYWdlci9uZXdmaWxlLmh0bTxicj5hcHBsaWNhdGlvbi9hZG1pbi90ZW1wbGF0ZS9maWxlbWFuYWdlci9pbmRleC5odG08YnI+YXBwbGljYXRpb24vYWRtaW4vdGVtcGxhdGUvZmlsZW1hbmFnZXIvdXBsb2FkLmh0bTxicj5hcHBsaWNhdGlvbi9hZG1pbi90ZW1wbGF0ZS9maWxlbWFuYWdlci9tb3ZlLmh0bTxicj5hcHBsaWNhdGlvbi9hZG1pbi90ZW1wbGF0ZS9maWxlbWFuYWdlci9yZW5hbWUuaHRtPGJyPmFwcGxpY2F0aW9uL2FkbWluL3RlbXBsYXRlL2FyY3R5cGUvZWRpdC5odG08YnI+YXBwbGljYXRpb24vYWRtaW4vdGVtcGxhdGUvYXJjdHlwZS9hZGQuaHRtPGJyPmFwcGxpY2F0aW9uL2FkbWluL3RlbXBsYXRlL2FyY3R5cGUvaW5kZXguaHRtPGJyPmFwcGxpY2F0aW9uL2FkbWluL3RlbXBsYXRlL2FyY3R5cGUvYWpheF9uZXd0cGwuaHRtPGJyPmFwcGxpY2F0aW9uL2FkbWluL3RlbXBsYXRlL2FyY3R5cGUvc2luZ2xlX2VkaXQuaHRtPGJyPmFwcGxpY2F0aW9uL2FkbWluL3RlbXBsYXRlL2ZpZWxkL2F0dHJpYnV0ZV9pbmRleC5odG08YnI+YXBwbGljYXRpb24vYWRtaW4vdGVtcGxhdGUvZmllbGQvYXJjdHlwZV9hZGQuaHRtPGJyPmFwcGxpY2F0aW9uL2FkbWluL3RlbXBsYXRlL2ZpZWxkL2F0dHJpYnV0ZV9lZGl0Lmh0bTxicj5hcHBsaWNhdGlvbi9hZG1pbi90ZW1wbGF0ZS9maWVsZC9hcmN0eXBlX2VkaXQuaHRtPGJyPmFwcGxpY2F0aW9uL2FkbWluL3RlbXBsYXRlL2ZpZWxkL2NoYW5uZWxfYWRkLmh0bTxicj5hcHBsaWNhdGlvbi9hZG1pbi90ZW1wbGF0ZS9maWVsZC9hZGRvbml0ZW0uaHRtPGJyPmFwcGxpY2F0aW9uL2FkbWluL3RlbXBsYXRlL2ZpZWxkL2NoYW5uZWxfYmFyLmh0bTxicj5hcHBsaWNhdGlvbi9hZG1pbi90ZW1wbGF0ZS9maWVsZC9jaGFubmVsX2VkaXQuaHRtPGJyPmFwcGxpY2F0aW9uL2FkbWluL3RlbXBsYXRlL2ZpZWxkL21vZGVsZmllbGQuaHRtPGJyPmFwcGxpY2F0aW9uL2FkbWluL3RlbXBsYXRlL2ZpZWxkL2F0dHJpYnV0ZV9hZGQuaHRtPGJyPmFwcGxpY2F0aW9uL2FkbWluL3RlbXBsYXRlL2ZpZWxkL2FyY3R5cGVfaW5kZXguaHRtPGJyPmFwcGxpY2F0aW9uL2FkbWluL3RlbXBsYXRlL2ZpZWxkL2FyY3R5cGVfYmFyLmh0bTxicj5hcHBsaWNhdGlvbi9hZG1pbi90ZW1wbGF0ZS9maWVsZC9hZGRvbmV4dGl0ZW0uaHRtPGJyPmFwcGxpY2F0aW9uL2FkbWluL3RlbXBsYXRlL2ZpZWxkL2NoYW5uZWxfaW5kZXguaHRtPGJyPmFwcGxpY2F0aW9uL2FkbWluL3RlbXBsYXRlL2ZpZWxkL2F0dHJpYnV0ZV9iYXIuaHRtPGJyPmFwcGxpY2F0aW9uL2FkbWluL3RlbXBsYXRlL2F1dGhfcm9sZS9lZGl0Lmh0bTxicj5hcHBsaWNhdGlvbi9hZG1pbi90ZW1wbGF0ZS9hdXRoX3JvbGUvYWRkLmh0bTxicj5hcHBsaWNhdGlvbi9hZG1pbi90ZW1wbGF0ZS9hdXRoX3JvbGUvaW5kZXguaHRtPGJyPmFwcGxpY2F0aW9uL2FkbWluL3RlbXBsYXRlL2luZGV4L2luZGV4Lmh0bTxicj5hcHBsaWNhdGlvbi9hZG1pbi90ZW1wbGF0ZS9pbmRleC9hamF4X2NvbnRlbnRfdG90YWwuaHRtPGJyPmFwcGxpY2F0aW9uL2FkbWluL3RlbXBsYXRlL2luZGV4L3N3aXRjaF9tYXAuaHRtPGJyPmFwcGxpY2F0aW9uL2FkbWluL3RlbXBsYXRlL2luZGV4L2FqYXhfcXVpY2ttZW51Lmh0bTxicj5hcHBsaWNhdGlvbi9hZG1pbi90ZW1wbGF0ZS9pbmRleC93ZWxjb21lLmh0bTxicj5hcHBsaWNhdGlvbi9hZG1pbi90ZW1wbGF0ZS91aXNldC91aV9pbmRleC5odG08YnI+YXBwbGljYXRpb24vYWRtaW4vdGVtcGxhdGUvZ3Vlc3Rib29rL2F0dHJpYnV0ZV9pbmRleC5odG08YnI+YXBwbGljYXRpb24vYWRtaW4vdGVtcGxhdGUvZ3Vlc3Rib29rL2F0dHJpYnV0ZV9lZGl0Lmh0bTxicj5hcHBsaWNhdGlvbi9hZG1pbi90ZW1wbGF0ZS9ndWVzdGJvb2svaW5kZXguaHRtPGJyPmFwcGxpY2F0aW9uL2FkbWluL3RlbXBsYXRlL2d1ZXN0Ym9vay9iYXIuaHRtPGJyPmFwcGxpY2F0aW9uL2FkbWluL3RlbXBsYXRlL2d1ZXN0Ym9vay9hdHRyaWJ1dGVfYWRkLmh0bTxicj5hcHBsaWNhdGlvbi9hZG1pbi90ZW1wbGF0ZS9saW5rcy9lZGl0Lmh0bTxicj5hcHBsaWNhdGlvbi9hZG1pbi90ZW1wbGF0ZS9saW5rcy9hZGQuaHRtPGJyPmFwcGxpY2F0aW9uL2FkbWluL3RlbXBsYXRlL2xpbmtzL2luZGV4Lmh0bTxicj5hcHBsaWNhdGlvbi9hZG1pbi90ZW1wbGF0ZS9vdGhlci9lZGl0Lmh0bTxicj5hcHBsaWNhdGlvbi9hZG1pbi90ZW1wbGF0ZS9vdGhlci9hZGQuaHRtPGJyPmFwcGxpY2F0aW9uL2FkbWluL3RlbXBsYXRlL290aGVyL2luZGV4Lmh0bTxicj5hcHBsaWNhdGlvbi9hZG1pbi90ZW1wbGF0ZS9zaG9wL3NoaXBwaW5nX3RlbXBsYXRlLmh0bTxicj5hcHBsaWNhdGlvbi9hZG1pbi90ZW1wbGF0ZS9zaG9wL2luZGV4Lmh0bTxicj5hcHBsaWNhdGlvbi9hZG1pbi90ZW1wbGF0ZS9zaG9wL29yZGVyX2V4cHJlc3MuaHRtPGJyPmFwcGxpY2F0aW9uL2FkbWluL3RlbXBsYXRlL3Nob3Avc2hvcF9iYXIuaHRtPGJyPmFwcGxpY2F0aW9uL2FkbWluL3RlbXBsYXRlL3Nob3AvY29uZi5odG08YnI+YXBwbGljYXRpb24vYWRtaW4vdGVtcGxhdGUvc2hvcC9iYXIuaHRtPGJyPmFwcGxpY2F0aW9uL2FkbWluL3RlbXBsYXRlL3Nob3Avb3JkZXJfc2VuZC5odG08YnI+YXBwbGljYXRpb24vYWRtaW4vdGVtcGxhdGUvc2hvcC9vcmRlcl9kZXRhaWxzLmh0bTxicj5hcHBsaWNhdGlvbi9hZG1pbi90ZW1wbGF0ZS9zaG9wL3NwZWNfdGVtcGxhdGUuaHRtPGJyPmFwcGxpY2F0aW9uL2FkbWluL3RlbXBsYXRlL3Rvb2xzL2luZGV4Lmh0bTxicj5hcHBsaWNhdGlvbi9hZG1pbi90ZW1wbGF0ZS90b29scy9yZXN0b3JlLmh0bTxicj5hcHBsaWNhdGlvbi9hZG1pbi90ZW1wbGF0ZS9sYW5ndWFnZS9lZGl0Lmh0bTxicj5hcHBsaWNhdGlvbi9hZG1pbi90ZW1wbGF0ZS9sYW5ndWFnZS9hZGQuaHRtPGJyPmFwcGxpY2F0aW9uL2FkbWluL3RlbXBsYXRlL2xhbmd1YWdlL2N1c3RvbXZhcl9hcmN0eXBlLmh0bTxicj5hcHBsaWNhdGlvbi9hZG1pbi90ZW1wbGF0ZS9sYW5ndWFnZS9vZmZpY2lhbF9wYWNrX2luZGV4Lmh0bTxicj5hcHBsaWNhdGlvbi9hZG1pbi90ZW1wbGF0ZS9sYW5ndWFnZS9pbmRleC5odG08YnI+YXBwbGljYXRpb24vYWRtaW4vdGVtcGxhdGUvbGFuZ3VhZ2UvY3VzdG9tdmFyX2JpbmQuaHRtPGJyPmFwcGxpY2F0aW9uL2FkbWluL3RlbXBsYXRlL2xhbmd1YWdlL3BhY2tfYmF0Y2hfYWRkLmh0bTxicj5hcHBsaWNhdGlvbi9hZG1pbi90ZW1wbGF0ZS9sYW5ndWFnZS9wYWNrX2FkZC5odG08YnI+YXBwbGljYXRpb24vYWRtaW4vdGVtcGxhdGUvbGFuZ3VhZ2UvcGFja19lZGl0Lmh0bTxicj5hcHBsaWNhdGlvbi9hZG1pbi90ZW1wbGF0ZS9sYW5ndWFnZS9iYXIuaHRtPGJyPmFwcGxpY2F0aW9uL2FkbWluL3RlbXBsYXRlL2xhbmd1YWdlL3BhY2tfaW5kZXguaHRtPGJyPmFwcGxpY2F0aW9uL2FkbWluL3RlbXBsYXRlL3JlY3ljbGVfYmluL2FyY2hpdmVzX2luZGV4Lmh0bTxicj5hcHBsaWNhdGlvbi9hZG1pbi90ZW1wbGF0ZS9yZWN5Y2xlX2Jpbi9jdXN0b212YXJfaW5kZXguaHRtPGJyPmFwcGxpY2F0aW9uL2FkbWluL3RlbXBsYXRlL3JlY3ljbGVfYmluL2J0bi5odG08YnI+YXBwbGljYXRpb24vYWRtaW4vdGVtcGxhdGUvcmVjeWNsZV9iaW4vZ2Jvb2thdHRyX2luZGV4Lmh0bTxicj5hcHBsaWNhdGlvbi9hZG1pbi90ZW1wbGF0ZS9yZWN5Y2xlX2Jpbi9hcmN0eXBlX2luZGV4Lmh0bTxicj5hcHBsaWNhdGlvbi9hZG1pbi90ZW1wbGF0ZS9yZWN5Y2xlX2Jpbi9wcm9hdHRyX2luZGV4Lmh0bTxicj5hcHBsaWNhdGlvbi9hZG1pbi90ZW1wbGF0ZS9zZW8vc2l0ZW1hcC5odG08YnI+YXBwbGljYXRpb24vYWRtaW4vdGVtcGxhdGUvc2VvL3NpdGUuaHRtPGJyPmFwcGxpY2F0aW9uL2FkbWluL3RlbXBsYXRlL3Nlby9hcnRpY2xlLmh0bTxicj5hcHBsaWNhdGlvbi9hZG1pbi90ZW1wbGF0ZS9zZW8vcmV3cml0ZS5odG08YnI+YXBwbGljYXRpb24vYWRtaW4vdGVtcGxhdGUvc2VvL3Nlby5odG08YnI+YXBwbGljYXRpb24vYWRtaW4vdGVtcGxhdGUvc2VvL2NoYW5uZWwuaHRtPGJyPmFwcGxpY2F0aW9uL2FkbWluL3RlbXBsYXRlL3Nlby9odG1sLmh0bTxicj5hcHBsaWNhdGlvbi9hZG1pbi90ZW1wbGF0ZS90YWdzL2luZGV4Lmh0bTxicj5hcHBsaWNhdGlvbi9hZG1pbi90ZW1wbGF0ZS9hZF9wb3NpdGlvbi9lZGl0Lmh0bTxicj5hcHBsaWNhdGlvbi9hZG1pbi90ZW1wbGF0ZS9hZF9wb3NpdGlvbi9hZGQuaHRtPGJyPmFwcGxpY2F0aW9uL2FkbWluL3RlbXBsYXRlL2FkX3Bvc2l0aW9uL2luZGV4Lmh0bTxicj5hcHBsaWNhdGlvbi9hZG1pbi90ZW1wbGF0ZS9jdXN0b20vZWRpdC5odG08YnI+YXBwbGljYXRpb24vYWRtaW4vdGVtcGxhdGUvY3VzdG9tL2FkZC5odG08YnI+YXBwbGljYXRpb24vYWRtaW4vdGVtcGxhdGUvY3VzdG9tL2luZGV4Lmh0bTxicj5hcHBsaWNhdGlvbi9hZG1pbi90ZW1wbGF0ZS9hZG1pbi9hZG1pbl9hZGQuaHRtPGJyPmFwcGxpY2F0aW9uL2FkbWluL3RlbXBsYXRlL2FkbWluL2xvZy5odG08YnI+YXBwbGljYXRpb24vYWRtaW4vdGVtcGxhdGUvYWRtaW4vaW5kZXguaHRtPGJyPmFwcGxpY2F0aW9uL2FkbWluL3RlbXBsYXRlL2FkbWluL2FkbWluX3B3ZF9hamF4Lmh0bTxicj5hcHBsaWNhdGlvbi9hZG1pbi90ZW1wbGF0ZS9hZG1pbi9hZG1pbl9iYXIuaHRtPGJyPmFwcGxpY2F0aW9uL2FkbWluL3RlbXBsYXRlL2FkbWluL2xvZ2luLmh0bTxicj5hcHBsaWNhdGlvbi9hZG1pbi90ZW1wbGF0ZS9hZG1pbi9hZG1pbl9wd2QuaHRtPGJyPmFwcGxpY2F0aW9uL2FkbWluL3RlbXBsYXRlL2FkbWluL2FkbWluX2VkaXQuaHRtPGJyPmFwcGxpY2F0aW9uL2FkbWluL3RlbXBsYXRlL3N5c3RlbS9iYXNpYy5odG08YnI+YXBwbGljYXRpb24vYWRtaW4vdGVtcGxhdGUvc3lzdGVtL3NtdHBfdHBsX2VkaXQuaHRtPGJyPmFwcGxpY2F0aW9uL2FkbWluL3RlbXBsYXRlL3N5c3RlbS9jdXN0b212YXJfaW5kZXguaHRtPGJyPmFwcGxpY2F0aW9uL2FkbWluL3RlbXBsYXRlL3N5c3RlbS93YXRlci5odG08YnI+YXBwbGljYXRpb24vYWRtaW4vdGVtcGxhdGUvc3lzdGVtL29zcy5odG08YnI+YXBwbGljYXRpb24vYWRtaW4vdGVtcGxhdGUvc3lzdGVtL3NtdHAuaHRtPGJyPmFwcGxpY2F0aW9uL2FkbWluL3RlbXBsYXRlL3N5c3RlbS9jbGVhcl9jYWNoZS5odG08YnI+YXBwbGljYXRpb24vYWRtaW4vdGVtcGxhdGUvc3lzdGVtL3dlYjIuaHRtPGJyPmFwcGxpY2F0aW9uL2FkbWluL3RlbXBsYXRlL3N5c3RlbS9zbXMuaHRtPGJyPmFwcGxpY2F0aW9uL2FkbWluL3RlbXBsYXRlL3N5c3RlbS9zbXRwX3RwbC5odG08YnI+YXBwbGljYXRpb24vYWRtaW4vdGVtcGxhdGUvc3lzdGVtL3JlZ2lvbi5odG08YnI+YXBwbGljYXRpb24vYWRtaW4vdGVtcGxhdGUvc3lzdGVtL3RodW1iLmh0bTxicj5hcHBsaWNhdGlvbi9hZG1pbi90ZW1wbGF0ZS9zeXN0ZW0vd2ViLmh0bTxicj5hcHBsaWNhdGlvbi9hZG1pbi90ZW1wbGF0ZS9hcnRpY2xlL2VkaXQuaHRtPGJyPmFwcGxpY2F0aW9uL2FkbWluL3RlbXBsYXRlL2FydGljbGUvYWRkLmh0bTxicj5hcHBsaWNhdGlvbi9hZG1pbi90ZW1wbGF0ZS9hcnRpY2xlL2luZGV4Lmh0bTxicj5hcHBsaWNhdGlvbi9hZG1pbi90ZW1wbGF0ZS9hcnRpY2xlL2Jhci5odG08YnI+YXBwbGljYXRpb24vYWRtaW4vdGVtcGxhdGUvbGV2ZWwvdXBncmFkZV9pbmRleC5odG08YnI+YXBwbGljYXRpb24vYWRtaW4vdGVtcGxhdGUvbGV2ZWwvaW5kZXguaHRtPGJyPmFwcGxpY2F0aW9uL2FkbWluL3RlbXBsYXRlL2xldmVsL2xldmVsX2Jhci5odG08YnI+YXBwbGljYXRpb24vYWRtaW4vdGVtcGxhdGUvYXJjaGl2ZXMvcmVsZWFzZS5odG08YnI+YXBwbGljYXRpb24vYWRtaW4vdGVtcGxhdGUvYXJjaGl2ZXMvaW5kZXguaHRtPGJyPmFwcGxpY2F0aW9uL2FkbWluL3RlbXBsYXRlL2FyY2hpdmVzL3JlbGVhc2VfaWZyYW1lLmh0bTxicj5hcHBsaWNhdGlvbi9hZG1pbi90ZW1wbGF0ZS9hcmNoaXZlcy90YWdzX2J0bi5odG08YnI+YXBwbGljYXRpb24vYWRtaW4vdGVtcGxhdGUvYXJjaGl2ZXMvaW5kZXhfYXJjaGl2ZXMuaHRtPGJyPmFwcGxpY2F0aW9uL2FkbWluL3RlbXBsYXRlL2FyY2hpdmVzL21vdmUuaHRtPGJyPmFwcGxpY2F0aW9uL2FkbWluL3RlbXBsYXRlL2FyY2hpdmVzL2luZGV4X2FyY3R5cGUuaHRtPGJyPmFwcGxpY2F0aW9uL2FkbWluL3RlbXBsYXRlL2FyY2hpdmVzL2JhdGNoX2NvcHkuaHRtPGJyPmFwcGxpY2F0aW9uL2FkbWluL3RlbXBsYXRlL3Byb2R1Y3QvYXR0cmlidXRlX2luZGV4Lmh0bTxicj5hcHBsaWNhdGlvbi9hZG1pbi90ZW1wbGF0ZS9wcm9kdWN0L2VkaXQuaHRtPGJyPmFwcGxpY2F0aW9uL2FkbWluL3RlbXBsYXRlL3Byb2R1Y3QvYWRkLmh0bTxicj5hcHBsaWNhdGlvbi9hZG1pbi90ZW1wbGF0ZS9wcm9kdWN0L2F0dHJpYnV0ZV9lZGl0Lmh0bTxicj5hcHBsaWNhdGlvbi9hZG1pbi90ZW1wbGF0ZS9wcm9kdWN0L2luZGV4Lmh0bTxicj5hcHBsaWNhdGlvbi9hZG1pbi90ZW1wbGF0ZS9wcm9kdWN0L2FqYXhfZWRpdF9wcm9kdWN0aW1nLmh0bTxicj5hcHBsaWNhdGlvbi9hZG1pbi90ZW1wbGF0ZS9wcm9kdWN0L2Jhci5odG08YnI+YXBwbGljYXRpb24vYWRtaW4vdGVtcGxhdGUvcHJvZHVjdC9hdHRyaWJ1dGVfYWRkLmh0bTxicj5hcHBsaWNhdGlvbi9hZG1pbi90ZW1wbGF0ZS9jaGFubmVsdHlwZS9lZGl0Lmh0bTxicj5hcHBsaWNhdGlvbi9hZG1pbi90ZW1wbGF0ZS9jaGFubmVsdHlwZS9hZGQuaHRtPGJyPmFwcGxpY2F0aW9uL2FkbWluL3RlbXBsYXRlL2NoYW5uZWx0eXBlL2luZGV4Lmh0bTxicj5hcHBsaWNhdGlvbi9hZG1pbi90ZW1wbGF0ZS9tZW1iZXIvdXNlcnNfY29uZmlnLmh0bTxicj5hcHBsaWNhdGlvbi9hZG1pbi90ZW1wbGF0ZS9tZW1iZXIvdXNlcnNfZmllbGQuaHRtPGJyPmFwcGxpY2F0aW9uL2FkbWluL3RlbXBsYXRlL21lbWJlci91c2Vyc19iYXIuaHRtPGJyPmFwcGxpY2F0aW9uL2FkbWluL3RlbXBsYXRlL21lbWJlci9sZXZlbF9lZGl0Lmh0bTxicj5hcHBsaWNhdGlvbi9hZG1pbi90ZW1wbGF0ZS9tZW1iZXIvbW9uZXlfZWRpdC5odG08YnI+YXBwbGljYXRpb24vYWRtaW4vdGVtcGxhdGUvbWVtYmVyL2xldmVsX2FkZC5odG08YnI+YXBwbGljYXRpb24vYWRtaW4vdGVtcGxhdGUvbWVtYmVyL2FqYXhfc2V0X29hdXRoX2NvbmZpZy5odG08YnI+YXBwbGljYXRpb24vYWRtaW4vdGVtcGxhdGUvbWVtYmVyL3BheV9zZXQuaHRtPGJyPmFwcGxpY2F0aW9uL2FkbWluL3RlbXBsYXRlL21lbWJlci9hdHRyX2VkaXQuaHRtPGJyPmFwcGxpY2F0aW9uL2FkbWluL3RlbXBsYXRlL21lbWJlci9sZXZlbF9pbmRleC5odG08YnI+YXBwbGljYXRpb24vYWRtaW4vdGVtcGxhdGUvbWVtYmVyL3VzZXJzX2JhdGNoX2FkZC5odG08YnI+YXBwbGljYXRpb24vYWRtaW4vdGVtcGxhdGUvbWVtYmVyL3VzZXJzX2luZGV4Lmh0bTxicj5hcHBsaWNhdGlvbi9hZG1pbi90ZW1wbGF0ZS9tZW1iZXIvYmFyLmh0bTxicj5hcHBsaWNhdGlvbi9hZG1pbi90ZW1wbGF0ZS9tZW1iZXIvbW9uZXlfaW5kZXguaHRtPGJyPmFwcGxpY2F0aW9uL2FkbWluL3RlbXBsYXRlL21lbWJlci91c2Vyc19lZGl0Lmh0bTxicj5hcHBsaWNhdGlvbi9hZG1pbi90ZW1wbGF0ZS9tZW1iZXIvYXR0cl9hZGQuaHRtPGJyPmFwcGxpY2F0aW9uL2FkbWluL3RlbXBsYXRlL21lbWJlci9hamF4X21lbnVfaW5kZXguaHRtPGJyPmFwcGxpY2F0aW9uL2FkbWluL3RlbXBsYXRlL21lbWJlci9hdHRyX2luZGV4Lmh0bTxicj5hcHBsaWNhdGlvbi9hZG1pbi90ZW1wbGF0ZS9tZW1iZXIvdXNlcnNfYWRkLmh0bTxicj5hcHBsaWNhdGlvbi9hZG1pbi90ZW1wbGF0ZS93ZWFwcC9pbmRleC5odG08YnI+YXBwbGljYXRpb24vYWRtaW4vdGVtcGxhdGUvd2VhcHAvcGFjay5odG08YnI+YXBwbGljYXRpb24vYWRtaW4vdGVtcGxhdGUvd2VhcHAvYmFyLmh0bTxicj5hcHBsaWNhdGlvbi9hZG1pbi90ZW1wbGF0ZS93ZWFwcC9jcmVhdGUuaHRtPGJyPmFwcGxpY2F0aW9uL2FkbWluL3RlbXBsYXRlL3VwbG9hZGlmeS91cGxvYWRfcHJvZHVjdC5odG08YnI+YXBwbGljYXRpb24vYWRtaW4vdGVtcGxhdGUvdXBsb2FkaWZ5L2dldF9pbWFnZXNfcGF0aC5odG08YnI+YXBwbGljYXRpb24vYWRtaW4vdGVtcGxhdGUvdXBsb2FkaWZ5L3BpY3R1cmVfZm9sZGVyLmh0bTxicj5hcHBsaWNhdGlvbi9hZG1pbi90ZW1wbGF0ZS9kb3dubG9hZC9lZGl0Lmh0bTxicj5hcHBsaWNhdGlvbi9hZG1pbi90ZW1wbGF0ZS9kb3dubG9hZC9hZGQuaHRtPGJyPmFwcGxpY2F0aW9uL2FkbWluL3RlbXBsYXRlL2Rvd25sb2FkL2luZGV4Lmh0bTxicj5hcHBsaWNhdGlvbi9hZG1pbi90ZW1wbGF0ZS9kb3dubG9hZC90ZW1wbGF0ZV9zZXQuaHRtPGJyPmFwcGxpY2F0aW9uL2FkbWluL3RlbXBsYXRlL3VzZXJzX3JlbGVhc2UvYWpheF91c2Vyc19sZXZlbF9ib3V0Lmh0bTxicj5hcHBsaWNhdGlvbi9hZG1pbi90ZW1wbGF0ZS91c2Vyc19yZWxlYXNlL2NvbmYuaHRtPGJyPmFwcGxpY2F0aW9uL2FkbWluL3RlbXBsYXRlL2ltYWdlcy9lZGl0Lmh0bTxicj5hcHBsaWNhdGlvbi9hZG1pbi90ZW1wbGF0ZS9pbWFnZXMvYWRkLmh0bTxicj5hcHBsaWNhdGlvbi9hZG1pbi90ZW1wbGF0ZS9pbWFnZXMvaW5kZXguaHRtPGJyPmFwcGxpY2F0aW9uL2V4dHJhL2dsb2JhbC5waHA8YnI+YXBwbGljYXRpb24vaG9tZS9odG1sLnBocDxicj5hcHBsaWNhdGlvbi9ob21lL2JlaGF2aW9yL1ZpZXdGaWx0ZXJCZWhhdmlvci5waHA8YnI+YXBwbGljYXRpb24vaG9tZS9jb250cm9sbGVyL0xpc3RzLnBocDxicj5hcHBsaWNhdGlvbi9ob21lL2NvbnRyb2xsZXIvVmlldy5waHA8YnI+YXBwbGljYXRpb24vaG9tZS9jb250cm9sbGVyL1RhZ3MucGhwPGJyPmFwcGxpY2F0aW9uL2hvbWUvY29udHJvbGxlci9CdWlsZGh0bWwucGhwPGJyPmFwcGxpY2F0aW9uL2hvbWUvbG9naWMvRmllbGRMb2dpYy5waHA8YnI+YXBwbGljYXRpb24vaG9tZS9tb2RlbC9JbWFnZXMucGhwPGJyPmFwcGxpY2F0aW9uL2hvbWUvbW9kZWwvRG93bmxvYWRGaWxlLnBocDxicj5hcHBsaWNhdGlvbi9ob21lL21vZGVsL0FyY2hpdmVzLnBocDxicj5hcHBsaWNhdGlvbi9ob21lL21vZGVsL0FydGljbGUucGhwPGJyPmFwcGxpY2F0aW9uL2hvbWUvbW9kZWwvUHJvZHVjdEF0dHIucGhwPGJyPmFwcGxpY2F0aW9uL2hvbWUvbW9kZWwvUHJvZHVjdC5waHA8YnI+YXBwbGljYXRpb24vaG9tZS9tb2RlbC9Qcm9kdWN0SW1nLnBocDxicj5hcHBsaWNhdGlvbi9ob21lL21vZGVsL0Rvd25sb2FkLnBocDxicj5hcHBsaWNhdGlvbi9ob21lL21vZGVsL0ltYWdlc1VwbG9hZC5waHA8YnI+Y29yZS9jb252ZW50aW9uLnBocDxicj5jb3JlL3RwbC9kaXNwYXRjaF9qdW1wLnRwbDxicj5jb3JlL2xpYnJhcnkvdGhpbmsvUmVxdWVzdC5waHA8YnI+Y29yZS9saWJyYXJ5L3RoaW5rL2RiL1F1ZXJ5LnBocDxicj5jb3JlL2xpYnJhcnkvdGhpbmsvV2VhcHBDb250cm9sbGVyLnBocDxicj5jb3JlL2xpYnJhcnkvdGhpbmsvTW9kZWwucGhwPGJyPmNvcmUvbGlicmFyeS90aGluay9jb2RpbmcvRHJpdmVyLnBocDxicj5jb3JlL2xpYnJhcnkvdGhpbmsvVXJsLnBocDxicj5jb3JlL2xpYnJhcnkvdGhpbmsvVGVtcGxhdGUucGhwPGJyPmNvcmUvbGlicmFyeS90aGluay9QYWdpbmF0b3IucGhwPGJyPmNvcmUvbGlicmFyeS90aGluay9Db250cm9sbGVyLnBocDxicj5jb3JlL2xpYnJhcnkvdGhpbmsvdGVtcGxhdGUvdGFnbGliL2V5b3UvVGFnVGFnLnBocDxicj5jb3JlL2xpYnJhcnkvdGhpbmsvdGVtcGxhdGUvdGFnbGliL2V5b3UvVGFnU2VhcmNodXJsLnBocDxicj5jb3JlL2xpYnJhcnkvdGhpbmsvdGVtcGxhdGUvdGFnbGliL2V5b3UvVGFnU3BjYXJ0LnBocDxicj5jb3JlL2xpYnJhcnkvdGhpbmsvdGVtcGxhdGUvdGFnbGliL2V5b3UvVGFnU3BzdWJtaXRvcmRlci5waHA8YnI+Y29yZS9saWJyYXJ5L3RoaW5rL3RlbXBsYXRlL3RhZ2xpYi9leW91L1RhZ0dsb2JhbC5waHA8YnI+Y29yZS9saWJyYXJ5L3RoaW5rL3RlbXBsYXRlL3RhZ2xpYi9leW91L1RhZ0xpc3QucGhwPGJyPmNvcmUvbGlicmFyeS90aGluay90ZW1wbGF0ZS90YWdsaWIvZXlvdS9UYWdDaGFubmVsLnBocDxicj5jb3JlL2xpYnJhcnkvdGhpbmsvdGVtcGxhdGUvdGFnbGliL2V5b3UvVGFnU2NyZWVuaW5nLnBocDxicj5jb3JlL2xpYnJhcnkvdGhpbmsvdGVtcGxhdGUvdGFnbGliL2V5b3UvVGFnQXJjY2xpY2sucGhwPGJyPmNvcmUvbGlicmFyeS90aGluay90ZW1wbGF0ZS90YWdsaWIvZXlvdS9UYWdNZW1iZXJsaXN0LnBocDxicj5jb3JlL2xpYnJhcnkvdGhpbmsvdGVtcGxhdGUvdGFnbGliL2V5b3UvVGFnRGl5dXJsLnBocDxicj5jb3JlL2xpYnJhcnkvdGhpbmsvdGVtcGxhdGUvdGFnbGliL2V5b3UvVGFnQXJjbGlzdC5waHA8YnI+Y29yZS9saWJyYXJ5L3RoaW5rL3RlbXBsYXRlL3RhZ2xpYi9leW91L1RhZ1NlYXJjaGZvcm0ucGhwPGJyPmNvcmUvbGlicmFyeS90aGluay90ZW1wbGF0ZS90YWdsaWIvZXlvdS9UYWdHdWVzdGJvb2tmb3JtLnBocDxicj5jb3JlL2xpYnJhcnkvdGhpbmsvdGVtcGxhdGUvdGFnbGliL2V5b3UvVGFnRG93bmNvdW50LnBocDxicj5jb3JlL2xpYnJhcnkvdGhpbmsvdGVtcGxhdGUvdGFnbGliL0V5b3UucGhwPGJyPmNvcmUvaGVscGVyLnBocDxicj5kYXRhL2JhY2t1cC90cGwvdGVtcGxhdGUvcGMvdXNlcnMvc2hvcF9jYXJ0X2xpc3QuaHRtPGJyPmRhdGEvYmFja3VwL3RwbC90ZW1wbGF0ZS9tb2JpbGUvdXNlcnMvc2hvcF9jYXJ0X2xpc3QuaHRtPGJyPmRhdGEvc2NoZW1hL2V5X2FyY2hpdmVzLnBocDxicj5kYXRhL3NjaGVtYS9leV9pbWFnZXNfdXBsb2FkLnBocDxicj5kYXRhL3NjaGVtYS9leV9wcm9kdWN0X2ltZy5waHA8YnI+ZGF0YS9zY2hlbWEvZXlfcHJvZHVjdF9zcGVjX3ByZXNldC5waHA8YnI+ZGF0YS9zY2hlbWEvZXlfZG93bmxvYWRfbG9nLnBocDxicj5kYXRhL3NjaGVtYS9leV9xdWlja2VudHJ5LnBocDxicj5kYXRhL3NjaGVtYS9leV9zZXR0aW5nLnBocDxicj5kYXRhL3NjaGVtYS9leV9kb3dubG9hZF9maWxlLnBocDxicj5kYXRhL2NvbmYvdmVyc2lvbi50eHQ8YnI+ZGF0YS93ZWFwcC9TYW1wbGUvd2VhcHAvU2FtcGxlL3RlbXBsYXRlL3NraW4vanMvZ2xvYmFsLmpzPGJyPnB1YmxpYy9wbHVnaW5zL3p0cmVlL2Nzcy96VHJlZVN0eWxlL3pUcmVlU3R5bGUuY3NzPGJyPnB1YmxpYy9wbHVnaW5zL3p0cmVlL2Nzcy96VHJlZVN0eWxlL2ltZy96VHJlZVN0YW5kYXJkLnBuZzxicj5wdWJsaWMvcGx1Z2lucy9VZWRpdG9yL2xhbmcvemgtY24vemgtY24uanM8YnI+cHVibGljL3BsdWdpbnMvVWVkaXRvci91ZWRpdG9yLmFsbC5qczxicj5wdWJsaWMvc3RhdGljL2NvbW1vbi9jc3Mvc2hvcGNhcnQuY3NzPGJyPnB1YmxpYy9zdGF0aWMvY29tbW9uL2pzL3RhZ19zcGNhcnQuanM8YnI+cHVibGljL3N0YXRpYy9jb21tb24vanMvbGFuZy9ob21lLXpoLWNuLmpzPGJyPnB1YmxpYy9zdGF0aWMvY29tbW9uL2pzL2xhbmcvYWRtaW4temgtY24uanM8YnI+cHVibGljL3N0YXRpYy9jb21tb24vanMvc2hvcF9hZGRfYWRkci5qczxicj5wdWJsaWMvc3RhdGljL2NvbW1vbi9qcy90YWdfYXJjcGFnZWxpc3QuanM8YnI+cHVibGljL3N0YXRpYy9jb21tb24vanMvdGFnX3VzZXIuanM8YnI+cHVibGljL3N0YXRpYy9jb21tb24vanMvZXlvdS5qczxicj5wdWJsaWMvc3RhdGljL2NvbW1vbi9qcy9zaG9wX2VkaXRfYWRkci5qczxicj5wdWJsaWMvc3RhdGljL2NvbW1vbi9qcy90YWdfc3BvcmRlcmxpc3QuanM8YnI+cHVibGljL3N0YXRpYy9jb21tb24vanMvdGFnX21lbWJlcmxpc3QuanM8YnI+cHVibGljL3N0YXRpYy9jb21tb24vanMvdGFnX3NwcHVyY2hhc2UuanM8YnI+cHVibGljL3N0YXRpYy9jb21tb24vanMvdGFnX3NwYWRkcmVzcy5qczxicj5wdWJsaWMvc3RhdGljL2NvbW1vbi9qcy90YWdfc3BzdWJtaXRvcmRlci5qczxicj5wdWJsaWMvc3RhdGljL2NvbW1vbi9kaXNwYXRjaF9qdW1wLmh0bTxicj5wdWJsaWMvc3RhdGljL2FkbWluL2Nzcy9sZWZ0X25hdl90cmVlLmNzczxicj5wdWJsaWMvc3RhdGljL2FkbWluL2Nzcy9pbmRleC5jc3M8YnI+cHVibGljL3N0YXRpYy9hZG1pbi9jc3MvbWFpbi5jc3M8YnI+cHVibGljL3N0YXRpYy9hZG1pbi9qcy9nbG9iYWwuanM8YnI+cHVibGljL3N0YXRpYy9hZG1pbi9qcy9teUZvcm1WYWxpZGF0ZS5qczxicj5wdWJsaWMvc3RhdGljL2FkbWluL2pzL3VwZ3JhZGUuanM8YnI+cHVibGljL3N0YXRpYy9hZG1pbi9qcy9teUFqYXgyLmpzPGJyPnB1YmxpYy9zdGF0aWMvYWRtaW4vbG9nby9sb2dvLnBuZzxicj5wdWJsaWMvc3RhdGljL2FkbWluL2ltYWdlcy9pY29fcmlnaHRfd3JvbmcucG5nPGJyPnB1YmxpYy9zdGF0aWMvYWRtaW4vaW1hZ2VzL3R2LWNvbGxhcHNhYmxlLWxhc3QuZ2lmPGJyPnB1YmxpYy9zdGF0aWMvYWRtaW4vaW1hZ2VzL3R2LWV4cGFuZGFibGUuZ2lmPGJyPnB1YmxpYy9zdGF0aWMvdGVtcGxhdGUvdXNlcnMvdXNlcnNfcmVsZWFzZV9maWVsZC5odG08YnI+cHVibGljL3N0YXRpYy90ZW1wbGF0ZS91c2Vycy91c2Vyc19yZWxlYXNlX2ZpZWxkX20uaHRtPGJyPmFwcGxpY2F0aW9uL3VzZXIvY29udHJvbGxlci9CYXNlLnBocDxicj5hcHBsaWNhdGlvbi91c2VyL2xvZ2ljL1NtdHBtYWlsTG9naWMucGhwPGJyPmFwcGxpY2F0aW9uL3VzZXIvbW9kZWwvVXNlcnMucGhwPGJyPmFwcGxpY2F0aW9uL2FkbWluL2NvbnRyb2xsZXIvV2VhcHAucGhwPGJyPmFwcGxpY2F0aW9uL2FkbWluL2NvbnRyb2xsZXIvQWpheC5waHA8YnI+YXBwbGljYXRpb24vYWRtaW4vY29udHJvbGxlci9MYW5ndWFnZS5waHA8YnI+YXBwbGljYXRpb24vYWRtaW4vdGVtcGxhdGUvcHVibGljL2Rpc3BhdGNoX2p1bXAuaHRt','system','','cn',0,1574731521),(193,'system_version','v1.3.9','system','','cn',0,1567578935),(194,'system_version','v1.3.9','system','','en',0,1567578935),(195,'web_users_switch','1','web','','cn',0,1563498413),(196,'web_users_switch','1','web','','en',0,1563498413),(197,'web_attr_9','400-123-4567','web','','cn',1,1573090854),(198,'web_attr_9','400-123-4567','web','','en',1,1573090854),(199,'system_correctarctypedirpath','1','system','','cn',0,1563503940),(200,'system_correctarctypedirpath','1','system','','en',0,1563503940),(201,'web_attr_11','致力于产品的良好用户体验、有效的网络营销效果而努力','web','','cn',0,1565081396),(202,'web_attr_11','致力于产品的良好用户体验、有效的网络营销效果而努力','web','','en',0,1565081396),(203,'web_attr_13','/uploads/allimg/20191122/1-1911221445015E.png','web','','cn',0,1574405104),(204,'web_attr_13','/uploads/allimg/20190722/6937ca50ec97a44d895666ccf38e994c.png','web','','en',0,1563793690),(225,'system_synleveldata','1','system','','cn',0,1564532901),(226,'system_synleveldata','1','system','','en',0,1564532901),(227,'seo_html_arcdir','','seo','','cn',0,1567578996),(228,'seo_html_listname','2','seo','','cn',0,1567578996),(229,'seo_html_pagename','2','seo','','cn',0,1567578996),(230,'seo_force_inlet','1','seo','','cn',0,1567578996),(231,'seo_html_arcdir','','seo','','en',0,1567578996),(232,'seo_html_listname','2','seo','','en',0,1567578996),(233,'seo_html_pagename','2','seo','','en',0,1567578996),(234,'seo_force_inlet','1','seo','','en',0,1567578996),(235,'system_robots_edit','1','system','','cn',0,1571038279),(236,'system_robots_edit','1','system','','en',0,1571038279),(237,'weapp_installpwd','a7f27d4189171a7d172f2098a3d90b77','weapp','','cn',0,1572419362),(238,'smtp_server','smtp.qq.com','smtp','','cn',0,1572419452),(239,'smtp_port','465','smtp','','cn',0,1572419452),(240,'smtp_user','228528461@qq.com','smtp','','cn',0,1572419452),(241,'smtp_pwd','iennovltlevlcahj','smtp','','cn',0,1572419452),(242,'smtp_from_eamil','1006312300@qq.com','smtp','','cn',0,1572419452),(243,'smtp_server','smtp.qq.com','smtp','','en',0,1572419452),(244,'smtp_port','465','smtp','','en',0,1572419452),(245,'smtp_user','228528461@qq.com','smtp','','en',0,1572419452),(246,'smtp_pwd','iennovltlevlcahj','smtp','','en',0,1572419452),(247,'smtp_from_eamil','1006312300@qq.com','smtp','','en',0,1572419452),(248,'web_adminlogo','/public/static/admin/images/logo_ey.png','web','','cn',0,1572428724),(249,'web_login_expiretime','3600','web','','cn',0,1572428724),(250,'web_adminlogo','/public/static/admin/images/logo_ey.png','web','','en',0,1572428724),(251,'web_login_expiretime','3600','web','','en',0,1572428724),(252,'thumb_open','0','thumb','','cn',0,1572502565),(253,'thumb_mode','2','thumb','','cn',0,1572502565),(254,'thumb_color','#FFFFFF','thumb','','cn',0,1572502565),(255,'thumb_width','300','thumb','','cn',0,1572502565),(256,'thumb_height','300','thumb','','cn',0,1572502565),(257,'thumb_open','0','thumb','','en',0,1572502565),(258,'thumb_mode','2','thumb','','en',0,1572502565),(259,'thumb_color','#FFFFFF','thumb','','en',0,1572502565),(260,'thumb_width','300','thumb','','en',0,1572502565),(261,'thumb_height','300','thumb','','en',0,1572502565),(262,'basic_indexname','首页','basic','','cn',0,1572515970),(263,'max_filesize','2048','basic','','cn',0,1572515970),(264,'max_sizeunit','MB','basic','','cn',0,1572515970),(265,'max_filesize','2048','basic','','en',0,1572515970),(266,'max_sizeunit','MB','basic','','en',0,1572515970),(267,'web_attr_15','/uploads/allimg/20191107/1-19110F941151X.gif','web','','cn',0,1573090883),(268,'web_attr_15','','web','','en',0,1572856579),(269,'web_attr_17','/uploads/allimg/20191107/1-19110F941151X.gif','web','','cn',0,1573091963),(270,'web_attr_17','','web','','en',0,1573091940);
/*!40000 ALTER TABLE `hw_config` ENABLE KEYS */;

#
# Structure for table "hw_config_attribute"
#

DROP TABLE IF EXISTS `hw_config_attribute`;
CREATE TABLE `hw_config_attribute` (
  `attr_id` int(11) unsigned NOT NULL AUTO_INCREMENT COMMENT '表单id',
  `inc_type` varchar(20) DEFAULT '' COMMENT '变量分组',
  `attr_name` varchar(60) DEFAULT '' COMMENT '变量标题',
  `attr_var_name` varchar(50) DEFAULT '' COMMENT '变量名',
  `attr_input_type` tinyint(1) unsigned DEFAULT '0' COMMENT ' 0=文本框，1=下拉框，2=多行文本框，3=上传图片',
  `lang` varchar(50) DEFAULT 'cn' COMMENT '语言标识',
  `add_time` int(11) DEFAULT '0' COMMENT '新增时间',
  `update_time` int(11) DEFAULT '0' COMMENT '更新时间',
  PRIMARY KEY (`attr_id`)
) ENGINE=MyISAM AUTO_INCREMENT=19 DEFAULT CHARSET=utf8 COMMENT='自定义变量表';

#
# Data for table "hw_config_attribute"
#

/*!40000 ALTER TABLE `hw_config_attribute` DISABLE KEYS */;
INSERT INTO `hw_config_attribute` VALUES (1,'web','客服电话','web_attr_1',0,'cn',1525962574,1563503492),(2,'web',' 工作时间','web_attr_2',0,'cn',1525962600,1565081429),(3,'web','电子邮箱','web_attr_3',0,'cn',1525962624,1565081426),(4,'web','公司地址','web_attr_4',0,'cn',1525999090,1565081424),(5,'web','微博地址','web_attr_1',0,'en',1525962574,1526008818),(6,'web','手机/固话','web_attr_2',0,'en',1525962600,1565081429),(7,'web','QQ号码','web_attr_3',0,'en',1525962624,1565081426),(8,'web','微信二维码','web_attr_4',3,'en',1525999090,1565081424),(9,'web','客服电话','web_attr_9',0,'cn',1563503473,1573090854),(10,'web','客服电话','web_attr_9',0,'en',1563503473,1573090854),(11,'web','栏目页导航下部广告语','web_attr_11',0,'cn',1563505479,1565081396),(12,'web','栏目页导航下部广告语','web_attr_11',0,'en',1563505479,1565081396),(13,'web','手机端网站LOGO','web_attr_13',3,'cn',1563793690,1563793690),(14,'web','手机端网站LOGO','web_attr_13',3,'en',1563793690,1563793690),(15,'web','微信公众号二维码','web_attr_15',3,'cn',1572856579,1573032399),(16,'web','二维码','web_attr_15',3,'en',1572856579,1572856579),(17,'web','APP','web_attr_17',3,'cn',1573091940,1573091950),(18,'web','APP','web_attr_17',0,'en',1573091940,1573091940);
/*!40000 ALTER TABLE `hw_config_attribute` ENABLE KEYS */;

#
# Structure for table "hw_course"
#

DROP TABLE IF EXISTS `hw_course`;
CREATE TABLE `hw_course` (
  `aid` int(10) NOT NULL AUTO_INCREMENT,
  `typeid` int(10) NOT NULL DEFAULT '0' COMMENT '当前栏目',
  `channel` int(10) NOT NULL DEFAULT '0' COMMENT '模型ID',
  `is_b` tinyint(1) DEFAULT '0' COMMENT '加粗',
  `title` varchar(200) DEFAULT '' COMMENT '标题',
  `litpic` varchar(250) DEFAULT '' COMMENT '缩略图',
  `is_head` tinyint(1) DEFAULT '0' COMMENT '头条（0=否，1=是）',
  `is_special` tinyint(1) DEFAULT '0' COMMENT '特荐（0=否，1=是）',
  `is_top` tinyint(1) DEFAULT '0' COMMENT '置顶（0=否，1=是）',
  `is_recom` tinyint(1) DEFAULT '0' COMMENT '推荐（0=否，1=是）',
  `is_jump` tinyint(1) DEFAULT '0' COMMENT '跳转链接（0=否，1=是）',
  `is_litpic` tinyint(1) DEFAULT '0' COMMENT '图片（0=否，1=是）',
  `author` varchar(200) DEFAULT '' COMMENT '作者',
  `click` int(10) DEFAULT '0' COMMENT '浏览量',
  `arcrank` int(10) DEFAULT '0' COMMENT '阅读权限：0=开放浏览，-1=待审核稿件',
  `jumplinks` varchar(200) DEFAULT '' COMMENT '外链跳转',
  `ismake` tinyint(1) DEFAULT '0' COMMENT '是否静态页面（0=动态，1=静态）',
  `seo_title` varchar(200) DEFAULT '' COMMENT 'SEO标题',
  `seo_keywords` varchar(200) DEFAULT '' COMMENT 'SEO关键词',
  `seo_description` text COMMENT 'SEO描述',
  `users_price` decimal(10,2) NOT NULL DEFAULT '0.00' COMMENT '会员价',
  `old_price` decimal(10,2) NOT NULL DEFAULT '0.00' COMMENT '产品旧价',
  `stock_count` int(10) unsigned NOT NULL DEFAULT '0' COMMENT '商品库存量',
  `stock_show` tinyint(1) unsigned NOT NULL DEFAULT '1' COMMENT '商品库存在产品详情页是否显示，1为显示，0为不显示',
  `prom_type` tinyint(1) unsigned DEFAULT '0' COMMENT '产品类型：0普通产品，1虚拟产品',
  `tempview` varchar(200) DEFAULT '' COMMENT '文档模板文件名',
  `status` tinyint(1) DEFAULT '1' COMMENT '状态(0=屏蔽，1=正常)',
  `sort_order` int(10) DEFAULT '0' COMMENT '排序号',
  `lang` varchar(50) DEFAULT 'cn' COMMENT '语言标识',
  `admin_id` int(10) DEFAULT '0' COMMENT '管理员ID',
  `users_id` int(10) DEFAULT '0' COMMENT '会员ID',
  `arc_level_id` int(10) DEFAULT '0' COMMENT '文档会员权限ID',
  `is_del` tinyint(1) DEFAULT '0' COMMENT '伪删除，1=是，0=否',
  `del_method` tinyint(1) DEFAULT '0' COMMENT '伪删除状态，1为主动删除，2为跟随上级栏目被动删除',
  `joinaid` int(10) DEFAULT '0' COMMENT '关联文档ID',
  `add_time` int(11) DEFAULT '0' COMMENT '新增时间',
  `update_time` int(11) DEFAULT '0' COMMENT '更新时间',
  PRIMARY KEY (`aid`),
  KEY `aid` (`typeid`,`channel`) USING BTREE,
  KEY `title` (`title`) COMMENT 'title'
) ENGINE=MyISAM AUTO_INCREMENT=170 DEFAULT CHARSET=utf8 COMMENT='文档主表';

#
# Data for table "hw_course"
#

/*!40000 ALTER TABLE `hw_course` DISABLE KEYS */;
INSERT INTO `hw_course` VALUES (1,159,4,0,'CAD制图软件','/uploads/allimg/20191113/1-1911131FFT08.jpg',0,0,0,0,0,0,'小编',159,0,'',0,'','','本课程深入浅出地对X2控制器进行详细介绍、并详细讲解梯形图编程技巧和常用现场总线的通讯方法，从12月3日开始，每周一晚上（20:00—21:00）进行免费直播。此外我们还将介绍大量的现场常见疑难问题的排查方法和分享不同行业的现场调试经验，以...',0.00,0.00,0,1,0,'',1,100,'cn',1,0,1,0,0,0,1573202886,1573636566),(2,149,4,0,'EPLAN 电路设计','/uploads/allimg/20191113/1-1911131F6004T.jpg',0,0,0,0,0,0,'小编',224,0,'',0,'','','很过分规范化规范',0.00,0.00,0,1,0,'',1,100,'cn',1,0,1,0,0,0,1573203437,1573635962),(4,129,4,0,'三凌FX-3U','/uploads/allimg/20191114/1-19111410592S21.jpg',0,0,0,0,0,0,'小编',152,0,'',0,'','','',0.00,0.00,0,1,0,'',1,100,'cn',1,0,1,0,0,0,1573206020,1573700371),(151,183,4,0,'学员心声1','/uploads/allimg/20191114/1-191114112155617.jpg',0,0,0,0,0,1,'小编',263,0,'',0,'','','发过的多多多多多多多多多多多多多多多多多多多多多多多多多多多多多多多多多多多多是磁爆步兵不不不不不不不不不不不不不不不不不不不不 发不出是谈话法规和VB法规处VB发过火分工表不错吧刚发的发给发过的',0.00,0.00,0,1,0,'',1,100,'cn',1,0,1,0,0,0,1573537341,1573701719),(152,183,4,0,'学员心声2','/uploads/allimg/20191114/1-191114112155617.jpg',0,0,0,0,0,1,'小编',151,0,'',0,'','','',0.00,0.00,0,1,0,'',1,100,'cn',1,0,1,0,0,0,1573537465,1573701742),(154,187,4,0,'CAD制图软件','/uploads/allimg/20191114/1-191114104009421.jpg',0,0,0,0,0,1,'小编',138,0,'',0,'','','',0.00,0.00,0,1,0,'',1,100,'cn',1,0,1,0,0,0,1573637502,1574405058),(155,193,4,0,'smart-200  注册会员30元 学习所有的基本课程','/uploads/allimg/20191114/1-191114105234336.jpg',0,0,0,1,0,1,'胡敏',215,0,'',0,'','','学习后，您将会做什么？学习完后要求能够完成PLC的各种扩展应用的控制，如可以实现PLC与变频器，智能仪表的通信、PLC之间的组网通信。掌握PLC与变频器、仪表、上位机、PLC等之间的通信。适用人群1.电气设计人员2.具有S7-200SMART基础的学',0.00,0.00,0,1,0,'',1,100,'cn',1,0,1,0,0,0,1573639426,1575433300),(156,193,4,0,'西门子PLC与编码器','/uploads/allimg/20191114/1-191114011Z9E3.png',0,0,0,0,0,0,'小编',253,0,'',0,'','','',0.00,0.00,0,1,0,'',1,100,'cn',1,0,1,0,0,0,1573661749,1574405038),(157,193,4,0,'samrt-200步进与伺服','/uploads/allimg/20191114/1-1911140103234R.png',0,0,0,0,0,0,'小编',294,0,'',0,'','','',0.00,0.00,0,1,0,'',1,100,'cn',1,0,1,0,0,0,1573661909,1574405039),(158,193,4,0,'smart-200模拟量与数字量','',0,0,0,0,0,0,'小编',137,0,'',0,'','','',0.00,0.00,0,1,0,'',1,100,'cn',1,0,1,0,0,0,1573662242,1574405040),(160,193,4,0,'samrt-200 通信','/uploads/allimg/20191114/1-191114145601128.png',0,0,0,0,0,0,'小编',190,0,'',0,'','','',0.00,0.00,0,1,0,'',1,100,'cn',1,0,1,0,0,0,1573662473,1574405040),(161,193,4,0,'samrt-200中断','/uploads/allimg/20191114/1-19111401131G53.png',0,0,0,0,0,0,'小编',214,0,'',0,'','','',0.00,0.00,0,1,0,'',1,100,'cn',1,0,1,0,0,0,1573662853,1574405041),(162,193,4,0,'smart-200子程序调用','/uploads/allimg/20191205/1-191205234941428.png',0,0,0,0,0,0,'胡 敏',19,0,'',0,'','samrt-200形式参数 程序编写询讲解','',0.00,0.00,0,1,0,'',1,100,'cn',1,0,1,0,0,0,1573662886,1575561055),(163,193,4,0,'samrt-200 PID调节','/uploads/allimg/20191114/1-19111401001CJ.png',0,0,0,0,0,0,'小编',239,0,'',0,'','','',0.00,0.00,0,1,0,'',1,100,'cn',1,0,1,0,0,0,1573663007,1574405042),(164,183,4,0,'学院心声3','/uploads/allimg/20191114/1-191114112155617.jpg',0,0,0,0,0,1,'小编',140,0,'',0,'','','',0.00,0.00,0,1,0,'',1,100,'cn',1,0,1,0,0,0,1573696518,1573701752),(165,183,4,0,'学员心声4','/uploads/allimg/20191114/1-191114112155617.jpg',0,0,0,0,0,1,'小编',109,0,'',0,'','','',0.00,0.00,0,1,0,'',1,100,'cn',1,0,1,0,0,0,1573696587,1573701762),(166,187,4,0,'Solidworks','/uploads/allimg/20191114/1-191114105642911.jpg',0,0,0,1,0,1,'小编',196,0,'',0,'','','',0.00,0.00,0,1,0,'',1,100,'cn',1,0,1,0,0,0,1573700532,1574405002),(167,187,4,0,'EPLAN 电路设计','/uploads/allimg/20191114/1-19111411105O14.jpg',0,0,0,1,0,0,'小编',318,0,'',0,'','','',0.00,0.00,0,1,0,'',1,100,'cn',1,0,1,0,0,0,1573700728,1574405001),(169,219,4,0,'手机组态软件','/uploads/allimg/20191119/1-191119221614913.jpg',0,0,0,1,0,1,'小编',366,0,'',0,'','','',0.00,0.00,0,1,0,'',1,100,'cn',1,0,1,0,0,0,1573737792,1574405006);
/*!40000 ALTER TABLE `hw_course` ENABLE KEYS */;

#
# Structure for table "hw_course_chapter"
#

DROP TABLE IF EXISTS `hw_course_chapter`;
CREATE TABLE `hw_course_chapter` (
  `id` int(11) NOT NULL AUTO_INCREMENT,
  `cou_id` varchar(255) NOT NULL DEFAULT '' COMMENT '课程ID',
  `title` varchar(255) NOT NULL DEFAULT '' COMMENT '章节名称',
  `order` int(10) NOT NULL DEFAULT '100' COMMENT '排序',
  `add_time` int(11) NOT NULL DEFAULT '0' COMMENT '添加时间',
  `update_time` int(11) NOT NULL DEFAULT '0',
  PRIMARY KEY (`id`)
) ENGINE=MyISAM AUTO_INCREMENT=25 DEFAULT CHARSET=utf8 COMMENT='课程章节';

#
# Data for table "hw_course_chapter"
#

/*!40000 ALTER TABLE `hw_course_chapter` DISABLE KEYS */;
INSERT INTO `hw_course_chapter` VALUES (1,'1','奥术大师大',100,1573202909,1573202909),(2,'1','打撒hi打撒hi',1,1573203996,1573203996),(8,'155','第一章：基础',1,1573640167,1573640167),(9,'155','第二章：数据结构',2,1573660677,1575438878),(10,'155','第三章：传送指令',3,1573660692,1575438880),(11,'155','第四章：位逻辑指令',4,1573660785,1575438881),(12,'155','第五章：定时器和计数器',5,1573660795,1575438883),(13,'155','第六章：转换指令',6,1573660805,1575438884),(14,'155','第七章：四则混合运算',7,1573661261,1575438889),(15,'155','第八章：比较指令',8,1573661526,1575438890),(16,'155','第九章：移位循环指令',9,1573661579,1575438891),(17,'155','第十章：顺控指令',10,1573661613,1575438894),(20,'169','第一章',100,1573738148,1573738148),(21,'162','第一节',100,1575562038,1575562038),(22,'161','第一节',100,1575565699,1575565699),(23,'156','第一节',100,1575567353,1575567353),(24,'156','第二节',100,1575567360,1575567360);
/*!40000 ALTER TABLE `hw_course_chapter` ENABLE KEYS */;

#
# Structure for table "hw_custom_file"
#

DROP TABLE IF EXISTS `hw_custom_file`;
CREATE TABLE `hw_custom_file` (
  `file_id` mediumint(8) unsigned NOT NULL AUTO_INCREMENT COMMENT '自增ID',
  `aid` mediumint(8) unsigned NOT NULL DEFAULT '0' COMMENT '产品ID',
  `title` varchar(200) DEFAULT '' COMMENT '产品标题',
  `file_url` varchar(255) DEFAULT '' COMMENT '文件存储路径',
  `extract_code` varchar(20) DEFAULT '' COMMENT '文件提取码',
  `file_size` varchar(255) DEFAULT '' COMMENT '文件大小',
  `file_ext` varchar(50) DEFAULT '' COMMENT '文件后缀名',
  `file_name` varchar(200) DEFAULT '' COMMENT '文件名',
  `file_mime` varchar(200) DEFAULT '' COMMENT '文件类型',
  `uhash` varchar(200) DEFAULT '' COMMENT '自定义的一种加密方式，用于文件下载权限验证',
  `md5file` varchar(200) DEFAULT '' COMMENT 'md5_file加密，可以检测上传/下载的文件包是否损坏',
  `is_remote` tinyint(1) DEFAULT '0' COMMENT '是否远程',
  `sort_order` smallint(5) DEFAULT '0' COMMENT '排序',
  `add_time` int(10) unsigned DEFAULT '0' COMMENT '上传时间',
  PRIMARY KEY (`file_id`),
  KEY `arcid` (`aid`) USING BTREE
) ENGINE=MyISAM AUTO_INCREMENT=18 DEFAULT CHARSET=utf8 COMMENT='下载附件表';

#
# Data for table "hw_custom_file"
#

/*!40000 ALTER TABLE `hw_custom_file` DISABLE KEYS */;
INSERT INTO `hw_custom_file` VALUES (1,197,'','/uploads/video/20191113/201911131859187705.jpg','','216','.jpg','201911131859187705.jpg','image/jpeg','1f0025f9e61edb3c835acc8ebab08a60','393ee8b371905a8e5c2f4ccddc1a7921',0,0,0),(2,198,'','/uploads/video/20191113/201911131900001770.mp4','','727','.mp4','201911131900001770.mp4','video/mp4','0b9bb33a636d45f61d20eccc10169134','62c37dd9cd8184a8d4e4d826ef893077',0,0,0),(3,199,'','/uploads/video/20191113/201911131907051062.mp4','','727','.mp4','201911131907051062.mp4','video/mp4','0b9bb33a636d45f61d20eccc10169134','62c37dd9cd8184a8d4e4d826ef893077',0,0,0),(4,200,'','/uploads/video/20191113/201911131907286627.html','','40','.html','201911131907286627.html','text/html','1ed662172b9ada2d497b617cc35aaba8','1ed662172b9ada2d497b617cc35aaba8',0,0,0),(5,203,'','/uploads/video/20191113/201911132318496702.zip','','280282','.zip','201911132318496702.zip','application/x-zip-compressed','cf7efade75239b0b16eaf2ea3a8d73c3','ec5f4e8d0238600802f1b12db701f8d2',0,0,0),(6,204,'','/uploads/video/20191113/201911132008485200.mp4','','727','.mp4','201911132008485200.mp4','video/mp4','0b9bb33a636d45f61d20eccc10169134','62c37dd9cd8184a8d4e4d826ef893077',0,0,0),(7,209,'','/uploads/video/20191113/201911132140421199.rar','','21807','.rar','201911132140421199.rar','','349d6c51371396a3307c770d696328be','c1da5e6662baa70ea235c3dae614f55f',0,0,0),(8,210,'','/uploads/video/20191119/2019111917335650.zip','','1970052','.zip','2019111917335650.zip','application/x-zip-compressed','500fec4bad10f564aa959d8a45b68902','3446a46441a93ec1fb0ac2765ff46505',0,0,0),(9,211,'','/uploads/video/20191113/201911132304481946.zip','','296415','.zip','201911132304481946.zip','application/x-zip-compressed','3e7502dab84feb588e41401324a4c801','0b9b7797a8754c461998854b882a8dd4',0,0,0),(10,212,'','/uploads/video/20191113/201911132329304994.zip','','6172','.zip','201911132329304994.zip','application/x-zip-compressed','38c754753047e0ec3e1c129b4a360c43','4879841d0c425a9431d5ec877b8a24d9',0,0,0),(11,213,'','/uploads/video/20191113/201911132331058135.exe','','237054','.exe','201911132331058135.exe','application/x-msdownload','fba356d3ebe55e300eee92ce5f3f59bb','d481cda2625d9dd2731a00f482484d86',0,0,0),(12,214,'','/uploads/video/20191113/201911132333447647.txt','','0','.txt','201911132333447647.txt','text/plain','692e5b9e7f74809a1dd60052da682926','692e5b9e7f74809a1dd60052da682926',0,0,0),(13,215,'','/uploads/video/20191114/201911140019561277.zip','','278322','.zip','201911140019561277.zip','application/x-zip-compressed','e8644cf4cd5cfce7eaf6369dea73d5a2','35c98c120135ce7a9b041bb2b000c83a',0,0,0),(14,249,'','/uploads/video/20191206/2019120611423223.rar','','43991','.rar','2019120611423223.rar','','0aa4de0e6b53399adabde48d1c59d3f7','7c26449957f49ab4d7d2f1cb2b24ffd2',0,0,0),(15,250,'','/uploads/video/20191120/201911201416326.rar','','308','.rar','201911201416326.rar','','3d7fb772cc629e373f2951cf73dc168f','9bb8b300e89fbbbe5878f686b1562dd4',0,0,0),(16,251,'','/uploads/video/20191121/2019112103555084.exe','','3828','.exe','2019112103555084.exe','application/x-msdownload','35e8b403f0afbaa5a87cd09494b35e1e','2fe60ffe6d85565003a3e2186b1cda34',0,0,0),(17,261,'','/uploads/video/20191206/2019120611443344.apk','','23790','.apk','2019120611443344.apk','application/vnd.android.package-archive','fde43034c3a931f75650c254996814f7','ccc4758f4000b35d55d59d2b79402fc8',0,0,0);
/*!40000 ALTER TABLE `hw_custom_file` ENABLE KEYS */;

#
# Structure for table "hw_download_attr_field"
#

DROP TABLE IF EXISTS `hw_download_attr_field`;
CREATE TABLE `hw_download_attr_field` (
  `field_id` int(10) unsigned NOT NULL AUTO_INCREMENT COMMENT '自增ID',
  `field_name` varchar(32) DEFAULT '' COMMENT '字段名称',
  `field_title` varchar(32) DEFAULT '' COMMENT '字段标题',
  `field_use` tinyint(1) DEFAULT '0' COMMENT '字段是否使用，0未使用，1为使用',
  `sort_order` smallint(5) DEFAULT '0' COMMENT '排序',
  `lang` varchar(50) DEFAULT 'cn' COMMENT '语言标识',
  `add_time` int(11) unsigned DEFAULT '0' COMMENT '上传时间',
  `update_time` int(11) DEFAULT '0' COMMENT '更新时间',
  PRIMARY KEY (`field_id`)
) ENGINE=MyISAM AUTO_INCREMENT=3 DEFAULT CHARSET=utf8 COMMENT='上传文件属性表';

#
# Data for table "hw_download_attr_field"
#

/*!40000 ALTER TABLE `hw_download_attr_field` DISABLE KEYS */;
INSERT INTO `hw_download_attr_field` VALUES (1,'extract_code','提取码',1,1,'cn',1561001807,1561024954),(2,'server_name','服务器名称',1,2,'cn',1561001807,1561078673);
/*!40000 ALTER TABLE `hw_download_attr_field` ENABLE KEYS */;

#
# Structure for table "hw_download_content"
#

DROP TABLE IF EXISTS `hw_download_content`;
CREATE TABLE `hw_download_content` (
  `id` int(10) NOT NULL AUTO_INCREMENT,
  `aid` int(10) DEFAULT '0' COMMENT '文档ID',
  `content` longtext COMMENT '内容详情',
  `add_time` int(11) DEFAULT '0' COMMENT '新增时间',
  `update_time` int(11) DEFAULT '0' COMMENT '更新时间',
  `amount` decimal(10,2) NOT NULL DEFAULT '0.00' COMMENT '收费金额',
  `hours` int(10) NOT NULL COMMENT '课时数量',
  `chapter` varchar(200) NOT NULL DEFAULT '' COMMENT '章节',
  `videorating` enum('入门','初级','中级','高级') NOT NULL DEFAULT '初级' COMMENT '视频等级',
  `lecturer` varchar(200) NOT NULL DEFAULT '' COMMENT '讲师',
  `Instructors` longtext COMMENT '讲师介绍',
  `is_free` enum('免费','收费') DEFAULT '免费' COMMENT '观看限制',
  PRIMARY KEY (`id`),
  KEY `news_id` (`aid`) USING BTREE
) ENGINE=MyISAM AUTO_INCREMENT=62 DEFAULT CHARSET=utf8 COMMENT='下载附加表';

#
# Data for table "hw_download_content"
#

/*!40000 ALTER TABLE `hw_download_content` DISABLE KEYS */;
INSERT INTO `hw_download_content` VALUES (1,1,'',1573636566,1573636566,0.10,10,'','初级','胡 敏','','收费'),(2,2,'',1573635962,1573635962,102.00,15,'','高级','胡 敏','','收费'),(4,4,'',1573700371,1573700371,0.00,10,'','初级','','','收费'),(43,151,'',1573701719,1573701719,0.00,1,'','初级','','','收费'),(44,152,'',1573701742,1573701742,0.00,0,'','初级','','','收费'),(46,154,'',1573699212,1573699212,0.00,0,'','初级','','','收费'),(47,155,'&lt;h4 class=&quot;h40 lh40 f18 colblue&quot; style=&quot;margin: 0px; padding: 0px; height: 40px; font-size: 18px; line-height: 40px; color: rgb(27, 169, 233); font-family: &amp;quot;microsoft yahei&amp;quot;; white-space: normal; background-color: rgb(255, 255, 255);&quot;&gt;&amp;nbsp;&amp;nbsp;&amp;nbsp;&amp;nbsp;学习后，您将会做什么？&lt;/h4&gt;&lt;ul class=&quot;lh25 f14 list-paddingleft-2&quot; style=&quot;list-style-type: none;&quot;&gt;&lt;li&gt;&lt;p style=&quot;margin-top: 0px; margin-bottom: 0px; padding: 0px;&quot;&gt;学习完后要求能够完成PLC的各种扩展应用的控制，如可以实现PLC与变频器，智能仪表的通信、PLC之间的组网通信。&lt;/p&gt;&lt;p style=&quot;margin-top: 0px; margin-bottom: 0px; padding: 0px;&quot;&gt;掌握PLC与变频器、仪表、上位机、PLC等之间的通信。&lt;/p&gt;&lt;/li&gt;&lt;/ul&gt;&lt;h4 class=&quot;h40 lh40 f18 colblue mt10&quot; style=&quot;margin: 10px 0px 0px; padding: 0px; height: 40px; font-size: 18px; line-height: 40px; color: rgb(27, 169, 233); font-family: &amp;quot;microsoft yahei&amp;quot;; white-space: normal; background-color: rgb(255, 255, 255);&quot;&gt;&amp;nbsp;&amp;nbsp;&amp;nbsp;&amp;nbsp;适用人群&lt;/h4&gt;&lt;ul class=&quot;lh25 f14 list-paddingleft-2&quot; style=&quot;list-style-type: none;&quot;&gt;&lt;li&gt;&lt;p style=&quot;margin-top: 0px; margin-bottom: 0px; padding: 0px;&quot;&gt;1.电气设计人员&lt;/p&gt;&lt;p style=&quot;margin-top: 0px; margin-bottom: 0px; padding: 0px;&quot;&gt;2.具有S7-200SMART基础的学员&lt;/p&gt;&lt;p style=&quot;margin-top: 0px; margin-bottom: 0px; padding: 0px;&quot;&gt;3.自动化/电子相关专业师生&lt;/p&gt;&lt;p style=&quot;margin-top: 0px; margin-bottom: 0px; padding: 0px;&quot;&gt;4.有一定的电工基础知识&lt;/p&gt;&lt;p style=&quot;margin-top: 0px; margin-bottom: 0px; padding: 0px;&quot;&gt;5.有一定的网络基础&lt;/p&gt;&lt;p style=&quot;margin-top: 0px; margin-bottom: 0px; padding: 0px;&quot;&gt;6.有一定的S7-200SMART的应用基础&lt;/p&gt;&lt;p style=&quot;margin-top: 0px; margin-bottom: 0px; padding: 0px;&quot;&gt;&lt;br style=&quot;margin: 0px; padding: 0px;&quot;/&gt;&lt;/p&gt;&lt;/li&gt;&lt;/ul&gt;&lt;h4 class=&quot;h40 lh40 f18 colblue mt10&quot; style=&quot;margin: 10px 0px 0px; padding: 0px; height: 40px; font-size: 18px; line-height: 40px; color: rgb(27, 169, 233); font-family: &amp;quot;microsoft yahei&amp;quot;; white-space: normal; background-color: rgb(255, 255, 255);&quot;&gt;&amp;nbsp;&amp;nbsp;&amp;nbsp;&amp;nbsp;课程特色？&lt;/h4&gt;&lt;ul class=&quot;lh25 f14 list-paddingleft-2&quot; style=&quot;list-style-type: none;&quot;&gt;&lt;li&gt;&lt;p style=&quot;margin-top: 0px; margin-bottom: 0px; padding: 0px;&quot;&gt;视频介绍 实例演示&lt;/p&gt;&lt;/li&gt;&lt;li&gt;&lt;p style=&quot;margin-top: 0px; margin-bottom: 0px; padding: 0px;&quot;&gt;指令分为基本的指令应用，如“位逻辑指令，定时器何计数器指令”等，当在设计程序时，基本的位逻辑指令无法满足或比较麻烦时，此时使用功能指令就可很方便的实现，另外我们也可自己通过使用“位逻辑指令及相应的功能指令”搭建成一些特定的功能块进行使用，该功能块可做成对应的库指令方便后续使用。所以在本课程中主要为大家讲解各功能指令的使用、库指令的创建及使用、子程序、中断程序、间接寻址的使用等。&lt;/p&gt;&lt;/li&gt;&lt;/ul&gt;&lt;p&gt;&amp;nbsp;&amp;nbsp;&amp;nbsp;&amp;nbsp;&lt;br/&gt;&lt;/p&gt;',1575433300,1575433300,120.00,17,'','初级','胡 敏','&lt;p&gt;&lt;img style=&quot;max-width:100%!important;height:auto;&quot; src=&quot;/uploads/ueditor/20191113/1-1911131Q514359.jpg&quot; title=&quot;1-1911131Q514359.jpg&quot; alt=&quot;1-1911131Q514359.jpg&quot;/&gt;&lt;/p&gt;','收费'),(48,156,'',1573665555,1573665555,0.00,0,'','中级','','','收费'),(49,157,'',1573664607,1573664607,0.00,0,'','高级','','','收费'),(50,158,'',1573662278,1573662278,0.00,0,'','高级','','','收费'),(52,160,'',1573714566,1573714566,0.00,0,'','初级','','','收费'),(53,161,'',1573666029,1573666029,0.00,0,'','中级','胡 敏','&lt;p&gt;&lt;img src=&quot;http://www.gkbplc.com/uploads/ueditor/20191113/1-1911131Q514359.jpg&quot; title=&quot;1-1911131Q514359.jpg&quot; alt=&quot;1-1911131Q514359.jpg&quot; style=&quot;white-space: normal; height: auto; max-width: 100%;&quot;/&gt;&lt;/p&gt;','收费'),(54,162,'',1575561055,1575561055,0.00,0,'','中级','胡 敏','&lt;p&gt;&lt;img src=&quot;http://www.gkbplc.com/uploads/ueditor/20191113/1-1911131Q514359.jpg&quot; title=&quot;1-1911131Q514359.jpg&quot; alt=&quot;1-1911131Q514359.jpg&quot; style=&quot;max-width:100%!important;height:auto;white-space: normal; height: auto; max-width: 100%;&quot;/&gt;&lt;/p&gt;','收费'),(55,163,'',1573665983,1573665983,0.00,0,'','高级','胡  敏','&lt;p&gt;&lt;img src=&quot;http://www.gkbplc.com/uploads/ueditor/20191113/1-1911131Q514359.jpg&quot; title=&quot;1-1911131Q514359.jpg&quot; alt=&quot;1-1911131Q514359.jpg&quot; style=&quot;white-space: normal; height: auto; max-width: 100%;&quot;/&gt;&lt;/p&gt;','收费'),(56,164,'',1573701752,1573701752,0.00,0,'','初级','','','收费'),(57,165,'',1573701762,1573701762,0.00,0,'','初级','','','收费'),(58,166,'',1573700566,1573700566,0.00,0,'','初级','','','收费'),(59,167,'',1573701068,1573701068,0.00,0,'','初级','','','收费'),(61,169,'',1574172984,1574172984,0.00,0,'','中级','王诚','&lt;p&gt;&lt;img style=&quot;max-width:100%!important;height:auto;&quot; src=&quot;/uploads/ueditor/20191114/1-191114212K51A.jpg&quot; title=&quot;1-191114212K51A.jpg&quot; alt=&quot;1-191114212K51A.jpg&quot;/&gt;&lt;/p&gt;','收费');
/*!40000 ALTER TABLE `hw_download_content` ENABLE KEYS */;

#
# Structure for table "hw_download_file"
#

DROP TABLE IF EXISTS `hw_download_file`;
CREATE TABLE `hw_download_file` (
  `file_id` mediumint(8) unsigned NOT NULL AUTO_INCREMENT COMMENT '自增ID',
  `aid` mediumint(8) unsigned NOT NULL DEFAULT '0' COMMENT '产品ID',
  `title` varchar(200) DEFAULT '' COMMENT '产品标题',
  `file_url` varchar(255) DEFAULT '' COMMENT '文件存储路径',
  `extract_code` varchar(20) DEFAULT '' COMMENT '文件提取码',
  `file_size` varchar(255) DEFAULT '' COMMENT '文件大小',
  `file_ext` varchar(50) DEFAULT '' COMMENT '文件后缀名',
  `file_name` varchar(200) DEFAULT '' COMMENT '文件名',
  `file_mime` varchar(200) DEFAULT '' COMMENT '文件类型',
  `uhash` varchar(200) DEFAULT '' COMMENT '自定义的一种加密方式，用于文件下载权限验证',
  `md5file` varchar(200) DEFAULT '' COMMENT 'md5_file加密，可以检测上传/下载的文件包是否损坏',
  `is_remote` tinyint(1) DEFAULT '0' COMMENT '是否远程',
  `sort_order` smallint(5) DEFAULT '0' COMMENT '排序',
  `add_time` int(10) unsigned DEFAULT '0' COMMENT '上传时间',
  PRIMARY KEY (`file_id`),
  KEY `arcid` (`aid`) USING BTREE
) ENGINE=MyISAM AUTO_INCREMENT=228 DEFAULT CHARSET=utf8 COMMENT='下载附件表';

#
# Data for table "hw_download_file"
#

/*!40000 ALTER TABLE `hw_download_file` DISABLE KEYS */;
INSERT INTO `hw_download_file` VALUES (123,8,'从小白到超越中级','/uploads/video/20191108/201911081707171847.mp4','','853763','.mp4','201911081707171847.mp4','video/mp4','ccf0d7abf8b1865748f7c763f602e1d0','0f5a0037a1e3be73a84e360cd1afdc9a',0,1,1573364837),(124,192,'233223','/uploads/video/20191111/201911111118112271.mp4','','727','.mp4','201911111118112271.mp4','video/mp4','0b9bb33a636d45f61d20eccc10169134','62c37dd9cd8184a8d4e4d826ef893077',0,1,1573442292),(125,191,'范德萨的发生舒服的','/uploads/video/20191111/201911111118182497.mp4','','727','.mp4','201911111118182497.mp4','video/mp4','0b9bb33a636d45f61d20eccc10169134','62c37dd9cd8184a8d4e4d826ef893077',0,1,1573442300),(126,194,'学员心声1','/uploads/video/20191108/201911081707171847.mp4','','853763','.mp4','201911121343496910.mp4','video/mp4','0b9bb33a636d45f61d20eccc10169134','62c37dd9cd8184a8d4e4d826ef893077',0,1,1573537431),(127,195,'学员心声2','/uploads/video/20191112/201911121345056107.mp4','','727','.mp4','201911121345056107.mp4','video/mp4','0b9bb33a636d45f61d20eccc10169134','62c37dd9cd8184a8d4e4d826ef893077',0,1,1573537506),(136,205,'第三节：编程软件安装','/uploads/video/20191113/201911132019038376.mp4','','35741','.mp4','201911132019038376.mp4','video/mp4','2f3e379856d1e53d629a495a73a09175','1199923ea1c7bb65159af4fb3e40d048',0,1,1573648182),(139,207,'第五节：工作原理','/uploads/video/20191113/201911132046363679.mp4','','109208','.mp4','201911132046363679.mp4','video/mp4','f318ba263dc7124439399dbd0b2612be','a24b5d3bf8d60e2adf35c374884450d4',0,1,1573649264),(165,200,'第一节：PLC基础','/uploads/video/20191113/201911131928145062.mp4','','657045','.mp4','201911131928145062.mp4','video/mp4','014b9e8326ea79fa6950ae0967cf1785','b09dd5914ac0f6d30db1f0f8ced46e7b',0,1,1573731272),(170,234,'第一节','/uploads/video/20191114/201911142130057733.mp4','','159346','.mp4','201911142130057733.mp4','video/mp4','d5a5a5a4aa3f040bfec5274a1c0229f2','e05d58dcbae902773d1abe1887f3005e',0,1,1573738576),(172,236,'第三节','/uploads/video/20191114/201911142138352823.mp4','','113809','.mp4','201911142138352823.mp4','video/mp4','f66d7c1a8d7868bf8dc5fe1e077e601d','a355394dbe6d9eb00e7d7a9906a82eec',0,1,1573738762),(174,238,'第四节','/uploads/video/20191114/201911142142324070.mp4','','143321','.mp4','201911142142324070.mp4','video/mp4','cb7bec48922097c610522485b6afc989','a71dc87d776a4b753fad9530cbe2c739',0,1,1573739040),(175,239,'第五节','/uploads/video/20191114/201911142145183539.mp4','','111453','.mp4','201911142145183539.mp4','video/mp4','ecbe6e251a33055ea2e903b337c7bc6b','6051200c84081bc4ab78621b0ca2bce3',0,1,1573739168),(177,241,'第七节','/uploads/video/20191114/201911142147466324.mp4','','69983','.mp4','201911142147466324.mp4','video/mp4','16c6304d9c14d01e1de52fb3c902d299','8cf4947fa37ab3a054ae65de795ca32b',0,1,1573739297),(180,243,'第九节','/uploads/video/20191114/201911142155288597.mp4','','91604','.mp4','201911142155288597.mp4','video/mp4','04745713c154559f699098c67965a890','730079b228ea6d678b0acfb7bbfb2272',0,1,1573739791),(184,242,'第八节','/uploads/video/20191114/201911142204006132.mp4','','72586','.mp4','201911142204006132.mp4','video/mp4','682a09df4a55abadb001686f9aafaadf','10986aa3a5225b88479f573711dbb54e',0,1,1573740312),(185,235,'第二节','/uploads/video/20191114/201911142232364273.mp4','','47047','.mp4','201911142232364273.mp4','video/mp4','357d79d0a10ca5fb3b36410c087448f7','f8d9cef394a53fc97fd843a4b7ee99c7',0,1,1573742022),(186,240,'第六节','/uploads/video/20191114/201911142146261702.mp4','','105182','.mp4','201911142146261702.mp4','video/mp4','a9b501808fde735525857bdb7b3fa45e','76d363e0b86c89a1238682c97b4149d7',0,1,1573742633),(192,218,'数据存储结构','/uploads/video/20191114/201911141147272139.mp4','','93387','.mp4','201911141147272139.mp4','video/mp4','4041fe947cd3d98cf10807ed5a863818','64545a701ee7f62f3a2bee3cb2e8d1d2',0,1,1575341119),(193,206,'第四节：编程软件应用','/uploads/video/20191114/201911141155014625.mp4','','499818','.mp4','201911141155014625.mp4','video/mp4','9ecaf471aab5d337d7343988d8df9529','edad83f5ffeaa6c8913c19c57e398415',0,1,1575341152),(194,219,'MOV 传送指令','/uploads/video/20191114/201911141148438050.mp4','','216291','.mp4','201911141148438050.mp4','video/mp4','2c045ba5a8aaf79bb486b5c054051216','2f0e32a89e18fa478bd88a9f48ee7ee6',0,1,1575341184),(195,220,'第一节：位逻辑','/uploads/video/20191114/201911141237085505.mp4','','395423','.mp4','201911141237085505.mp4','video/mp4','ff657c0adb18c41b44a287076434dc69','3817c4b8714dd9d61d5e7e3ebfa2e381',0,1,1575341248),(197,226,'转换指令','/uploads/video/20191114/201911141513205880.mp4','','129915','.mp4','201911141513205880.mp4','video/mp4','2371eb5b322d8f137812f15d5bbca6c8','081fc6b8d6afd70366abfe0d42920a5f',0,1,1575341297),(202,227,'整数浮点数运算','/uploads/video/20191114/201911141621575876.mp4','','266842','.mp4','201911141621575876.mp4','video/mp4','66a0b9cb69ec0e05d365d6dc480680eb','df92067df59d67574874b18ec003e289',0,1,1575341442),(208,233,'第一节：顺控指令','/uploads/video/20191114/201911142306203245.mp4','','366794','.mp4','201911142306203245.mp4','video/mp4','70241fdeaa3fe6c237a4a3bd6ab60ceb','7685ed058e2491024e260cc304579466',0,1,1575341612),(209,231,'比较指令','/uploads/video/20191114/201911141719105656.mp4','','220561','.mp4','201911141719105656.mp4','video/mp4','b17aaa9bed9ed6e7a26f5ccaeae6f4e7','6d69101ee5728159883d9b1217ee83d5',0,1,1575341626),(210,222,'第三节：变频器','/uploads/video/20191114/201911141334292320.mp4','','470855','.mp4','201911141334292320.mp4','video/mp4','79802c2709fafc3d6c522d9cf3bd2359','6de9025be10c34a8190576aa4b6a9617',0,1,1575341644),(211,224,'第一节：定时器','/uploads/video/20191114/201911141407144765.mp4','','287104','.mp4','201911141407144765.mp4','video/mp4','85c4fd04638c17189158e29ec2bcaa34','312cc941a80f44fd6ea318d3ccf2472a',0,1,1575341682),(212,225,'第二节：计数器','/uploads/video/20191114/201911141432199936.mp4','','277231','.mp4','201911141432199936.mp4','video/mp4','192ae44d85fb8a4180e31f881e68f645','5e2e81ca8811b49b09aee204a4ff4235',0,1,1575341690),(213,230,'第二节：移位循环指令','/uploads/video/20191114/201911141649083034.mp4','','98970','.mp4','201911141649083034.mp4','video/mp4','f27654fcbd5be99d1a20420ea6722cf3','385bcd5efcedfd4447af3bbeec945559',0,1,1575341749),(214,221,'第二节：变频器','/uploads/video/20191114/201911141254357590.mp4','','151123','.mp4','201911141254357590.mp4','video/mp4','78d846f10ed61de167418bc32d12c669','10de308e0a24e188b1e07e8fe39fd7b7',0,1,1575341772),(215,228,'第一节：移位寄存器','/uploads/video/20191114/201911141628296327.mp4','','228232','.mp4','201911141628296327.mp4','video/mp4','8126345315b78c5a39ca6d72036dc0db','7aa8df1531361e317a0291b067238b0d',0,1,1575341806),(216,201,'第二节：PLC接线','/uploads/video/20191113/201911132100042600.mp4','','1307218','.mp4','201911132100042600.mp4','video/mp4','1ac7ef134a35a591a447e79e611637fc','e3ffc20e30839ae02bdac294a7824a7d',0,1,1575433431),(223,252,'子程序调用','/uploads/video/20191206/2019120600265887.mp4','','1647162','.mp4','2019120600265887.mp4','video/mp4','71cddb78fd9bd47d8d6a26b2fed8e080','79428a57e072c9ee1abc0f368f0aabb7',0,1,1575565555),(225,253,'smart-200 中断','/uploads/video/20191206/2019120601092389.mp4','','709655','.mp4','2019120601092389.mp4','video/mp4','14c78697cf42b626a491e31324719dc6','8b60af466bbe8000d45c5616905924b3',0,1,1575566393),(227,254,'编码器','/uploads/video/20191206/2019120601365061.mp4','','3146638','.mp4','2019120601365061.mp4','video/mp4','8d85c6363db05916268a41b5ec502472','312e48dde13d036f1ec29e717cce5ab5',0,1,1575568883);
/*!40000 ALTER TABLE `hw_download_file` ENABLE KEYS */;

#
# Structure for table "hw_field_type"
#

DROP TABLE IF EXISTS `hw_field_type`;
CREATE TABLE `hw_field_type` (
  `name` varchar(32) NOT NULL DEFAULT '' COMMENT '字段类型',
  `title` varchar(64) NOT NULL DEFAULT '' COMMENT '中文类型名',
  `ifoption` tinyint(1) NOT NULL DEFAULT '0' COMMENT '是否需要设置选项',
  `sort_order` int(10) NOT NULL DEFAULT '0' COMMENT '排序',
  `add_time` int(11) NOT NULL DEFAULT '0' COMMENT '新增时间',
  `update_time` int(11) NOT NULL DEFAULT '0' COMMENT '更新时间',
  PRIMARY KEY (`name`),
  UNIQUE KEY `name` (`name`)
) ENGINE=MyISAM DEFAULT CHARSET=utf8 COMMENT='字段类型表';

#
# Data for table "hw_field_type"
#

/*!40000 ALTER TABLE `hw_field_type` DISABLE KEYS */;
INSERT INTO `hw_field_type` VALUES ('checkbox','多选项',1,5,1532485708,1532485708),('datetime','日期和时间',0,12,1532485708,1532485708),('decimal','金额类型',0,9,1532485708,1532485708),('float','小数类型',0,8,1532485708,1532485708),('htmltext','HTML文本',0,3,1532485708,1532485708),('img','单张图',0,10,1532485708,1532485708),('imgs','多张图',0,11,1532485708,1532485708),('int','整数类型',0,7,1532485708,1532485708),('multitext','多行文本',0,2,1532485708,1532485708),('radio','单选项',1,4,1532485708,1532485708),('region','区域类型',1,6,1532485708,1532485708),('select','下拉框',1,6,1532485708,1532485708),('switch','开关',0,13,1532485708,1532485708),('text','单行文本',0,1,1532485708,1532485708);
/*!40000 ALTER TABLE `hw_field_type` ENABLE KEYS */;

#
# Structure for table "hw_guestbook"
#

DROP TABLE IF EXISTS `hw_guestbook`;
CREATE TABLE `hw_guestbook` (
  `aid` int(11) NOT NULL AUTO_INCREMENT,
  `typeid` int(11) DEFAULT '0' COMMENT '栏目ID',
  `channel` smallint(5) DEFAULT '0' COMMENT '模型ID',
  `md5data` varchar(50) DEFAULT '' COMMENT '数据序列化之后的MD5加密，提交内容的唯一性',
  `ip` varchar(255) DEFAULT '' COMMENT 'ip地址',
  `lang` varchar(50) DEFAULT 'cn' COMMENT '语言标识',
  `add_time` int(11) DEFAULT '0' COMMENT '新增时间',
  `update_time` int(11) DEFAULT '0' COMMENT '更新时间',
  PRIMARY KEY (`aid`)
) ENGINE=MyISAM AUTO_INCREMENT=4 DEFAULT CHARSET=utf8 COMMENT='留言主表';

#
# Data for table "hw_guestbook"
#

/*!40000 ALTER TABLE `hw_guestbook` DISABLE KEYS */;
/*!40000 ALTER TABLE `hw_guestbook` ENABLE KEYS */;

#
# Structure for table "hw_guestbook_attr"
#

DROP TABLE IF EXISTS `hw_guestbook_attr`;
CREATE TABLE `hw_guestbook_attr` (
  `guest_attr_id` int(11) unsigned NOT NULL AUTO_INCREMENT COMMENT '留言表单id自增',
  `aid` mediumint(8) unsigned NOT NULL DEFAULT '0' COMMENT '留言id',
  `attr_id` int(11) unsigned NOT NULL DEFAULT '0' COMMENT '表单id',
  `attr_value` text COMMENT '表单值',
  `lang` varchar(50) DEFAULT 'cn' COMMENT '语言标识',
  `add_time` int(11) DEFAULT '0' COMMENT '新增时间',
  `update_time` int(11) DEFAULT '0' COMMENT '更新时间',
  PRIMARY KEY (`guest_attr_id`),
  KEY `attr_id` (`attr_id`) USING BTREE,
  KEY `guest_id` (`aid`) USING BTREE
) ENGINE=MyISAM AUTO_INCREMENT=19 DEFAULT CHARSET=utf8 COMMENT='留言表单属性值';

#
# Data for table "hw_guestbook_attr"
#

/*!40000 ALTER TABLE `hw_guestbook_attr` DISABLE KEYS */;
/*!40000 ALTER TABLE `hw_guestbook_attr` ENABLE KEYS */;

#
# Structure for table "hw_guestbook_attribute"
#

DROP TABLE IF EXISTS `hw_guestbook_attribute`;
CREATE TABLE `hw_guestbook_attribute` (
  `attr_id` int(11) unsigned NOT NULL AUTO_INCREMENT COMMENT '表单id',
  `attr_name` varchar(60) DEFAULT '' COMMENT '表单名称',
  `typeid` int(11) unsigned DEFAULT '0' COMMENT '栏目ID',
  `attr_input_type` tinyint(1) unsigned DEFAULT '0' COMMENT ' 0=文本框，1=下拉框，2=多行文本框',
  `attr_values` text COMMENT '可选值列表',
  `sort_order` int(11) unsigned DEFAULT '0' COMMENT '表单排序',
  `lang` varchar(50) DEFAULT 'cn' COMMENT '语言标识',
  `is_del` tinyint(1) DEFAULT '0' COMMENT '是否已删除，0=否，1=是',
  `add_time` int(11) DEFAULT '0' COMMENT '新增时间',
  `update_time` int(11) DEFAULT '0' COMMENT '更新时间',
  PRIMARY KEY (`attr_id`),
  KEY `guest_id` (`typeid`) USING BTREE
) ENGINE=MyISAM AUTO_INCREMENT=24 DEFAULT CHARSET=utf8 COMMENT='留言表单属性';

#
# Data for table "hw_guestbook_attribute"
#

/*!40000 ALTER TABLE `hw_guestbook_attribute` DISABLE KEYS */;
INSERT INTO `hw_guestbook_attribute` VALUES (1,'姓名',30,0,'',100,'cn',0,1526616441,1526616441),(2,'手机号码',30,0,'',100,'cn',0,1526616453,1526616453),(3,'需求选择',30,1,'意见反馈\r\n功能建议',100,'cn',0,1526616497,1563761879),(4,'申请职位',6,0,'',100,'cn',0,1526634369,1563530463),(5,'姓名',6,0,'',100,'cn',0,1526634383,1563530470),(6,'性别',6,1,'男\r\n女',100,'cn',0,1526634393,1563534491),(7,'年龄',6,0,'个人\r\n团队',100,'cn',1,1526875483,1565078206),(9,'Name',34,0,'',100,'en',0,1526616441,1545272376),(10,'Telephone',34,0,'',100,'en',0,1526616453,1545272410),(11,'Object of negotiation',34,1,'Old king next door\r\nFront desk beauty\r\nAunt sweep',100,'en',0,1526616497,1545272446),(12,'Name',53,0,'',100,'en',0,1526634369,1545267932),(13,'Tel',53,0,'',100,'en',0,1526634383,1545267998),(14,'Remarks',53,2,'',100,'en',0,1526634393,1545268014),(15,'Pattern',53,1,'personal\r\nteam',100,'en',1,1526875483,1565078206),(16,'手机',6,0,'',100,'cn',0,1563533188,1563533188),(17,'手机',53,0,'',100,'en',0,1563533188,1563533188),(18,'学历',6,1,'中专\r\n大专\r\n本科\r\n硕士\r\n博士',100,'cn',1,1563533246,1565078206),(19,'学历',53,1,'中专\r\n大专\r\n本科\r\n硕士\r\n博士',100,'en',1,1563533246,1565078206),(20,'工作经验',6,2,'',100,'cn',0,1563533261,1563533261),(21,'工作经验',53,2,'',100,'en',0,1563533261,1563533261),(22,'自我评价',6,2,'',100,'cn',1,1563533269,1565078206),(23,'自我评价',53,2,'',100,'en',1,1563533269,1565078206);
/*!40000 ALTER TABLE `hw_guestbook_attribute` ENABLE KEYS */;

#
# Structure for table "hw_hooks"
#

DROP TABLE IF EXISTS `hw_hooks`;
CREATE TABLE `hw_hooks` (
  `id` int(10) unsigned NOT NULL AUTO_INCREMENT COMMENT '主键',
  `name` varchar(50) NOT NULL DEFAULT '' COMMENT '钩子名称',
  `description` text COMMENT '描述',
  `module` varchar(50) DEFAULT '' COMMENT '钩子挂载的插件',
  `status` tinyint(1) unsigned DEFAULT '1' COMMENT '状态：0=无效，1=有效',
  `add_time` int(10) DEFAULT NULL,
  `update_time` int(10) unsigned DEFAULT '0' COMMENT '更新时间',
  PRIMARY KEY (`id`),
  KEY `name` (`name`) USING BTREE
) ENGINE=MyISAM DEFAULT CHARSET=utf8 COMMENT='插件钩子表';

#
# Data for table "hw_hooks"
#

/*!40000 ALTER TABLE `hw_hooks` DISABLE KEYS */;
/*!40000 ALTER TABLE `hw_hooks` ENABLE KEYS */;

#
# Structure for table "hw_images_content"
#

DROP TABLE IF EXISTS `hw_images_content`;
CREATE TABLE `hw_images_content` (
  `id` int(10) NOT NULL AUTO_INCREMENT,
  `aid` int(10) DEFAULT '0' COMMENT '文档ID',
  `content` longtext COMMENT '内容详情',
  `add_time` int(11) DEFAULT '0' COMMENT '新增时间',
  `update_time` int(11) DEFAULT '0' COMMENT '更新时间',
  PRIMARY KEY (`id`),
  KEY `news_id` (`aid`) USING BTREE
) ENGINE=MyISAM AUTO_INCREMENT=26 DEFAULT CHARSET=utf8 COMMENT='图集附加表';

#
# Data for table "hw_images_content"
#

/*!40000 ALTER TABLE `hw_images_content` DISABLE KEYS */;
INSERT INTO `hw_images_content` VALUES (10,50,'',1545268466,1545268466),(11,51,'',1545268514,1545268514),(12,52,'',1545268563,1545268563),(13,57,'',1545270783,1545270783),(14,58,'',1545270816,1545270816),(16,130,'&lt;p&gt;阿大叔大婶多撒阿打算的撒的个梵蒂冈梵蒂冈地方打撒大萨达阿萨德as&lt;/p&gt;',1573091480,1573091480),(17,131,'&lt;p&gt;adsadsadsadsadsadsfgdgdfgggggggggggggggggasddssadsda&lt;/p&gt;',1573089993,1573089993),(18,132,'&lt;p&gt;大萨达撒广东省的非官方的公司打个梵蒂冈梵蒂冈电饭锅电饭锅 个梵蒂冈地方刚发的给对方&lt;/p&gt;',1573091451,1573091451),(19,12,'&lt;p&gt;你你&lt;/p&gt;',1573630501,1573630501),(20,196,'',1573660529,1573660529),(21,223,'',1573712444,1573712444),(22,229,'',1573720864,1573720864),(23,246,'',1573788498,1573788498),(24,247,'',1573788514,1573788514),(25,248,'',1573788532,1573788532);
/*!40000 ALTER TABLE `hw_images_content` ENABLE KEYS */;

#
# Structure for table "hw_images_upload"
#

DROP TABLE IF EXISTS `hw_images_upload`;
CREATE TABLE `hw_images_upload` (
  `img_id` mediumint(8) unsigned NOT NULL AUTO_INCREMENT COMMENT '自增ID',
  `aid` mediumint(8) unsigned NOT NULL DEFAULT '0' COMMENT '图集ID',
  `title` varchar(200) DEFAULT '' COMMENT '产品标题',
  `image_url` varchar(255) DEFAULT '' COMMENT '文件存储路径',
  `intro` varchar(2000) DEFAULT '' COMMENT '图集描述',
  `width` int(11) DEFAULT '0' COMMENT '图片宽度',
  `height` int(11) DEFAULT '0' COMMENT '图片高度',
  `filesize` mediumint(8) unsigned DEFAULT '0' COMMENT '文件大小',
  `mime` varchar(50) DEFAULT '' COMMENT '图片类型',
  `sort_order` smallint(5) DEFAULT '0' COMMENT '排序',
  `add_time` int(10) unsigned DEFAULT '0' COMMENT '上传时间',
  PRIMARY KEY (`img_id`),
  KEY `arcid` (`aid`) USING BTREE
) ENGINE=MyISAM AUTO_INCREMENT=78 DEFAULT CHARSET=utf8 COMMENT='图集图片表';

#
# Data for table "hw_images_upload"
#

/*!40000 ALTER TABLE `hw_images_upload` DISABLE KEYS */;
INSERT INTO `hw_images_upload` VALUES (24,50,'Customer Case I','/uploads/allimg/20181220/9d1ad4b6be1ecc79929e3e55cb671a14.jpg','',1000,782,0,'image/jpeg',1,1545268466),(25,51,'Customer Case II','/uploads/allimg/20181220/e33caf1e51fcefac340c351769a9928c.jpg','',1000,782,0,'image/jpeg',1,1545268514),(26,52,'Customer Case III','/uploads/allimg/20181220/5ae19f75c0465f48f00719a0f15d2f02.jpg','',1000,782,0,'image/jpeg',1,1545268563),(27,57,'Atlas under News Model','/uploads/allimg/20181220/b1a53d661f80d231d794ba8e7f9154ba.jpg','',560,560,0,'image/jpeg',1,1545270783),(28,57,'Atlas under News Model','/uploads/allimg/20181220/a85e92ce6e2561d5c93a4cf62b7a8201.jpg','',400,400,0,'image/jpeg',2,1545270783),(29,58,'Atlas II under News Model','/uploads/allimg/20181220/c76f2be2ebee26b8d8b2ebcc015280ef.jpg','',560,560,0,'image/jpeg',1,1545270816),(75,131,'t2','/uploads/allimg/20191107/1-19110FZSR54.jpg','adsdsa',180,240,14124,'image/jpeg',1,1573089993),(76,132,'t3','/uploads/allimg/20191107/1-19110F95034421.jpg','',180,240,14208,'image/jpeg',1,1573091451),(77,130,'t1','/uploads/allimg/20191107/1-19110FZI53a.jpg','',180,240,14564,'image/jpeg',1,1573091480);
/*!40000 ALTER TABLE `hw_images_upload` ENABLE KEYS */;

#
# Structure for table "hw_language"
#

DROP TABLE IF EXISTS `hw_language`;
CREATE TABLE `hw_language` (
  `id` int(10) NOT NULL AUTO_INCREMENT COMMENT '信息ID，自增',
  `title` varchar(100) NOT NULL DEFAULT '' COMMENT '语言名称',
  `mark` varchar(50) NOT NULL DEFAULT '' COMMENT '语言标识（唯一）',
  `url` varchar(200) NOT NULL DEFAULT '' COMMENT '单独域名(外部链接)',
  `target` tinyint(1) NOT NULL DEFAULT '0' COMMENT '新窗口打开，0=否，1=是',
  `is_home_default` tinyint(1) DEFAULT '0' COMMENT '默认前台语言，1=是，0=否',
  `is_admin_default` tinyint(1) DEFAULT '0' COMMENT '默认后台语言，1=是，0=否',
  `syn_pack_id` int(10) DEFAULT '0' COMMENT '最后一次同步官方语言包ID',
  `status` tinyint(1) NOT NULL DEFAULT '0' COMMENT '语言状态，0=关闭，1=开启',
  `sort_order` int(10) DEFAULT '0' COMMENT '排序号',
  `add_time` int(11) DEFAULT '0' COMMENT '新增时间',
  `update_time` int(11) DEFAULT '0' COMMENT '更新时间',
  PRIMARY KEY (`id`)
) ENGINE=MyISAM AUTO_INCREMENT=3 DEFAULT CHARSET=utf8 COMMENT='多语言主表';

#
# Data for table "hw_language"
#

/*!40000 ALTER TABLE `hw_language` DISABLE KEYS */;
INSERT INTO `hw_language` VALUES (1,'简体中文','cn','',0,1,1,24,1,100,1541583096,1543890743),(2,'English','en','',0,0,0,24,1,100,1545267531,1545267534);
/*!40000 ALTER TABLE `hw_language` ENABLE KEYS */;

#
# Structure for table "hw_language_attr"
#

DROP TABLE IF EXISTS `hw_language_attr`;
CREATE TABLE `hw_language_attr` (
  `id` int(10) NOT NULL AUTO_INCREMENT COMMENT '信息ID，自增',
  `attr_name` varchar(200) NOT NULL DEFAULT '' COMMENT '来自ey_weapp_language_attr表的attr_name',
  `attr_value` text NOT NULL COMMENT '变量值',
  `attr_group` varchar(50) DEFAULT '' COMMENT '分组，以表名划分（不含表前缀）',
  `lang` varchar(50) NOT NULL DEFAULT '' COMMENT '所属语言',
  `add_time` int(11) DEFAULT '0' COMMENT '新增时间',
  `update_time` int(11) DEFAULT '0' COMMENT '更新时间',
  PRIMARY KEY (`id`),
  KEY `attr_value` (`attr_name`,`lang`)
) ENGINE=MyISAM AUTO_INCREMENT=319 DEFAULT CHARSET=utf8 COMMENT='多语言模板变量关联绑定表';

#
# Data for table "hw_language_attr"
#

/*!40000 ALTER TABLE `hw_language_attr` DISABLE KEYS */;
INSERT INTO `hw_language_attr` VALUES (1,'tid1','1','arctype','cn',1545267517,1545267517),(2,'tid2','2','arctype','cn',1545267517,1545267517),(3,'tid3','3','arctype','cn',1545267517,1545267517),(4,'tid4','4','arctype','cn',1545267517,1545267517),(5,'tid5','5','arctype','cn',1545267517,1545267517),(6,'tid6','6','arctype','cn',1545267517,1545267517),(7,'tid8','8','arctype','cn',1545267517,1545267517),(8,'tid9','9','arctype','cn',1545267517,1545267517),(9,'tid10','10','arctype','cn',1545267517,1545267517),(10,'tid11','11','arctype','cn',1545267517,1545267517),(11,'tid12','12','arctype','cn',1545267517,1545267517),(12,'tid13','13','arctype','cn',1545267517,1545267517),(13,'tid20','20','arctype','cn',1545267517,1545267517),(14,'tid21','21','arctype','cn',1545267517,1545267517),(15,'tid22','22','arctype','cn',1545267517,1545267517),(16,'tid23','23','arctype','cn',1545267517,1545267517),(17,'tid24','24','arctype','cn',1545267517,1545267517),(18,'tid25','25','arctype','cn',1545267517,1545267517),(19,'tid26','26','arctype','cn',1545267517,1545267517),(20,'tid27','27','arctype','cn',1545267517,1545267517),(21,'tid28','28','arctype','cn',1545267517,1545267517),(22,'tid29','29','arctype','cn',1545267517,1545267517),(23,'tid30','30','arctype','cn',1545267517,1545267517),(24,'attr_1','1','guestbook_attribute','cn',1545267518,1545267518),(25,'attr_2','2','guestbook_attribute','cn',1545267518,1545267518),(26,'attr_3','3','guestbook_attribute','cn',1545267518,1545267518),(27,'attr_4','4','guestbook_attribute','cn',1545267518,1545267518),(28,'attr_5','5','guestbook_attribute','cn',1545267518,1545267518),(29,'attr_6','6','guestbook_attribute','cn',1545267518,1545267518),(30,'attr_7','7','guestbook_attribute','cn',1545267518,1545267518),(31,'attr_1','1','product_attribute','cn',1545267518,1545267518),(32,'attr_2','2','product_attribute','cn',1545267518,1545267518),(33,'attr_3','3','product_attribute','cn',1545267518,1545267518),(34,'attr_4','4','product_attribute','cn',1545267518,1545267518),(35,'attr_5','5','product_attribute','cn',1545267518,1545267518),(36,'attr_6','6','product_attribute','cn',1545267518,1545267518),(37,'attr_7','7','product_attribute','cn',1545267518,1545267518),(38,'attr_8','8','product_attribute','cn',1545267518,1545267518),(42,'tid1','31','arctype','en',1545267531,1545267531),(43,'tid8','32','arctype','en',1545267531,1545267531),(44,'tid9','33','arctype','en',1545267531,1545267531),(45,'tid30','34','arctype','en',1545267531,1545267531),(46,'tid2','35','arctype','en',1545267531,1545267531),(47,'tid10','36','arctype','en',1545267531,1545267531),(48,'tid11','37','arctype','en',1545267531,1545267531),(49,'tid12','38','arctype','en',1545267531,1545267531),(50,'tid13','39','arctype','en',1545267531,1545267531),(51,'tid23','40','arctype','en',1545267531,1545267531),(52,'tid3','41','arctype','en',1545267531,1545267531),(53,'tid20','42','arctype','en',1545267531,1545267531),(54,'tid24','43','arctype','en',1545267531,1545267531),(55,'tid25','44','arctype','en',1545267531,1545267531),(56,'tid21','45','arctype','en',1545267531,1545267531),(57,'tid26','46','arctype','en',1545267531,1545267531),(58,'tid22','47','arctype','en',1545267531,1545267531),(59,'tid27','48','arctype','en',1545267531,1545267531),(60,'tid28','49','arctype','en',1545267531,1545267531),(61,'tid29','50','arctype','en',1545267531,1545267531),(62,'tid4','51','arctype','en',1545267531,1545267531),(63,'tid5','52','arctype','en',1545267531,1545267531),(64,'tid6','53','arctype','en',1545267531,1545267531),(65,'attr_1','11','product_attribute','en',1545267531,1545267531),(66,'attr_2','12','product_attribute','en',1545267531,1545267531),(67,'attr_3','13','product_attribute','en',1545267531,1545267531),(68,'attr_4','14','product_attribute','en',1545267531,1545267531),(69,'attr_5','15','product_attribute','en',1545267531,1545267531),(70,'attr_6','16','product_attribute','en',1545267531,1545267531),(71,'attr_7','17','product_attribute','en',1545267531,1545267531),(72,'attr_8','18','product_attribute','en',1545267531,1545267531),(73,'attr_1','9','guestbook_attribute','en',1545267531,1545267531),(74,'attr_2','10','guestbook_attribute','en',1545267531,1545267531),(75,'attr_3','11','guestbook_attribute','en',1545267531,1545267531),(76,'attr_4','12','guestbook_attribute','en',1545267531,1545267531),(77,'attr_5','13','guestbook_attribute','en',1545267531,1545267531),(78,'attr_6','14','guestbook_attribute','en',1545267531,1545267531),(79,'attr_7','15','guestbook_attribute','en',1545267531,1545267531),(85,'attr_16','16','guestbook_attribute','cn',1563533188,1563533188),(86,'attr_16','17','guestbook_attribute','en',1563533188,1563533188),(87,'attr_18','18','guestbook_attribute','cn',1563533246,1563533246),(88,'attr_18','19','guestbook_attribute','en',1563533246,1563533246),(89,'attr_20','20','guestbook_attribute','cn',1563533261,1563533261),(90,'attr_20','21','guestbook_attribute','en',1563533261,1563533261),(91,'attr_22','22','guestbook_attribute','cn',1563533269,1563533269),(92,'attr_22','23','guestbook_attribute','en',1563533269,1563533269),(93,'tid54','54','arctype','cn',1563761937,1563761937),(94,'tid54','55','arctype','en',1563761937,1563761937),(97,'ad7','7','ad','cn',1563764323,1563764323),(98,'ad7','8','ad','en',1563764323,1563764323),(99,'ad9','9','ad','cn',1563764323,1563764323),(100,'ad9','10','ad','en',1563764323,1563764323),(101,'ad11','11','ad','cn',1563764411,1563764411),(102,'ad11','12','ad','en',1563764411,1563764411),(103,'attr_19','19','product_attribute','cn',1564539436,1564539436),(104,'attr_19','20','product_attribute','en',1564539436,1564539436),(105,'attr_21','21','product_attribute','cn',1564539503,1564539503),(106,'attr_21','22','product_attribute','en',1564539503,1564539503),(107,'attr_23','23','product_attribute','cn',1564539517,1564539517),(108,'attr_23','24','product_attribute','en',1564539517,1564539517),(109,'attr_25','25','product_attribute','cn',1564539530,1564539530),(110,'attr_25','26','product_attribute','en',1564539530,1564539530),(111,'attr_27','27','product_attribute','cn',1564539541,1564539541),(112,'attr_27','28','product_attribute','en',1564539541,1564539541),(113,'tid56','56','arctype','cn',1564625026,1564625026),(114,'tid56','57','arctype','en',1564625026,1564625026),(115,'tid58','58','arctype','cn',1564632567,1564632567),(116,'tid58','59','arctype','en',1564632567,1564632567),(117,'tid60','60','arctype','cn',1564632676,1564632676),(118,'tid60','61','arctype','en',1564632676,1564632676),(119,'tid62','62','arctype','cn',1564632717,1564632717),(120,'tid62','63','arctype','en',1564632717,1564632717),(121,'tid64','64','arctype','cn',1565083870,1565083870),(122,'tid64','65','arctype','en',1565083870,1565083870),(123,'tid66','66','arctype','cn',1565083875,1565083875),(124,'tid66','67','arctype','en',1565083875,1565083875),(127,'ad13','13','ad','cn',1565225126,1565225126),(128,'ad13','14','ad','en',1565225126,1565225126),(129,'tid68','68','arctype','cn',1572420394,1572420394),(130,'tid68','69','arctype','en',1572420394,1572420394),(131,'tid70','70','arctype','cn',1572420422,1572420422),(132,'tid70','71','arctype','en',1572420422,1572420422),(133,'tid72','72','arctype','cn',1572420447,1572420447),(134,'tid72','73','arctype','en',1572420447,1572420447),(135,'tid74','74','arctype','cn',1572420579,1572420579),(136,'tid74','75','arctype','en',1572420579,1572420579),(137,'tid76','76','arctype','cn',1572420602,1572420602),(138,'tid76','77','arctype','en',1572420602,1572420602),(139,'tid78','78','arctype','cn',1572420733,1572420733),(140,'tid78','79','arctype','en',1572420733,1572420733),(141,'ad15','15','ad','cn',1572421859,1572421859),(142,'ad15','16','ad','en',1572421859,1572421859),(143,'ad17','17','ad','cn',1572421895,1572421895),(144,'ad17','18','ad','en',1572421895,1572421895),(145,'tid80','80','arctype','cn',1572426763,1572426763),(146,'tid80','81','arctype','en',1572426763,1572426763),(147,'tid82','82','arctype','cn',1572426790,1572426790),(148,'tid82','83','arctype','en',1572426790,1572426790),(149,'tid84','84','arctype','cn',1572426812,1572426812),(150,'tid84','85','arctype','en',1572426812,1572426812),(151,'tid86','86','arctype','cn',1572426844,1572426844),(152,'tid86','87','arctype','en',1572426844,1572426844),(153,'tid88','88','arctype','cn',1572426869,1572426869),(154,'tid88','89','arctype','en',1572426869,1572426869),(155,'tid90','90','arctype','cn',1572426898,1572426898),(156,'tid90','91','arctype','en',1572426898,1572426898),(157,'tid92','92','arctype','cn',1572426919,1572426919),(158,'tid92','93','arctype','en',1572426919,1572426919),(159,'tid94','94','arctype','cn',1572427013,1572427013),(160,'tid94','95','arctype','en',1572427013,1572427013),(161,'tid96','96','arctype','cn',1572427049,1572427049),(162,'tid96','97','arctype','en',1572427049,1572427049),(163,'tid98','98','arctype','cn',1572427084,1572427084),(164,'tid98','99','arctype','en',1572427084,1572427084),(165,'tid100','100','arctype','cn',1572427162,1572427162),(166,'tid100','101','arctype','en',1572427162,1572427162),(167,'tid102','102','arctype','cn',1572427185,1572427185),(168,'tid102','103','arctype','en',1572427185,1572427185),(169,'tid104','104','arctype','cn',1572427211,1572427211),(170,'tid104','105','arctype','en',1572427211,1572427211),(171,'tid107','107','arctype','cn',1572427294,1572427294),(172,'tid107','108','arctype','en',1572427294,1572427294),(173,'tid109','109','arctype','cn',1572427312,1572427312),(174,'tid109','110','arctype','en',1572427312,1572427312),(175,'tid111','111','arctype','cn',1572427330,1572427330),(176,'tid111','112','arctype','en',1572427330,1572427330),(177,'tid113','113','arctype','cn',1572427361,1572427361),(178,'tid113','114','arctype','en',1572427361,1572427361),(179,'tid115','115','arctype','cn',1572427384,1572427384),(180,'tid115','116','arctype','en',1572427384,1572427384),(181,'tid117','117','arctype','cn',1572427404,1572427404),(182,'tid117','118','arctype','en',1572427404,1572427404),(183,'tid119','119','arctype','cn',1572427423,1572427423),(184,'tid119','120','arctype','en',1572427423,1572427423),(185,'tid121','121','arctype','cn',1572510245,1572510245),(186,'tid121','122','arctype','en',1572510245,1572510245),(187,'tid123','123','arctype','cn',1572510284,1572510284),(188,'tid123','124','arctype','en',1572510284,1572510284),(189,'tid125','125','arctype','cn',1572510291,1572510291),(190,'tid125','126','arctype','en',1572510291,1572510291),(191,'tid127','127','arctype','cn',1572512132,1572512132),(192,'tid127','128','arctype','en',1572512132,1572512132),(193,'tid129','129','arctype','cn',1572853698,1572853698),(194,'tid129','130','arctype','en',1572853698,1572853698),(195,'tid131','131','arctype','cn',1572853726,1572853726),(196,'tid131','132','arctype','en',1572853726,1572853726),(197,'tid133','133','arctype','cn',1572853750,1572853750),(198,'tid133','134','arctype','en',1572853750,1572853750),(199,'tid135','135','arctype','cn',1572853757,1572853757),(200,'tid135','136','arctype','en',1572853757,1572853757),(201,'tid137','137','arctype','cn',1572853767,1572853767),(202,'tid137','138','arctype','en',1572853767,1572853767),(203,'tid139','139','arctype','cn',1572853774,1572853774),(204,'tid139','140','arctype','en',1572853774,1572853774),(205,'tid141','141','arctype','cn',1572853781,1572853781),(206,'tid141','142','arctype','en',1572853781,1572853781),(207,'tid143','143','arctype','cn',1572853790,1572853790),(208,'tid143','144','arctype','en',1572853790,1572853790),(209,'tid145','145','arctype','cn',1572854178,1572854178),(210,'tid145','146','arctype','en',1572854178,1572854178),(211,'tid147','147','arctype','cn',1572854362,1572854362),(212,'tid147','148','arctype','en',1572854362,1572854362),(213,'tid149','149','arctype','cn',1572861416,1572861416),(214,'tid149','150','arctype','en',1572861416,1572861416),(215,'tid151','151','arctype','cn',1572861428,1572861428),(216,'tid151','152','arctype','en',1572861428,1572861428),(217,'tid153','153','arctype','cn',1572861443,1572861443),(218,'tid153','154','arctype','en',1572861443,1572861443),(219,'adp7','7','ad_position','cn',1572861738,1572861738),(220,'adp7','8','ad_position','en',1572861738,1572861738),(221,'ad19','19','ad','cn',1572861841,1572861841),(222,'ad19','20','ad','en',1572861841,1572861841),(223,'ad21','21','ad','cn',1572861841,1572861841),(224,'ad21','22','ad','en',1572861841,1572861841),(225,'ad23','23','ad','cn',1572861841,1572861841),(226,'ad23','24','ad','en',1572861841,1572861841),(227,'adp9','9','ad_position','cn',1572862615,1572862615),(228,'adp9','10','ad_position','en',1572862615,1572862615),(229,'ad25','25','ad','cn',1572862615,1572862615),(230,'ad25','26','ad','en',1572862615,1572862615),(231,'ad27','27','ad','cn',1572862615,1572862615),(232,'ad27','28','ad','en',1572862615,1572862615),(233,'ad29','29','ad','cn',1572862615,1572862615),(234,'ad29','30','ad','en',1572862615,1572862615),(235,'ad31','31','ad','cn',1572862615,1572862615),(236,'ad31','32','ad','en',1572862615,1572862615),(237,'tid155','155','arctype','cn',1572863825,1572863825),(238,'tid155','156','arctype','en',1572863825,1572863825),(239,'adp11','11','ad_position','cn',1572918644,1572918644),(240,'adp11','12','ad_position','en',1572918644,1572918644),(241,'ad33','33','ad','cn',1572918644,1572918644),(242,'ad33','34','ad','en',1572918644,1572918644),(243,'tid157','157','arctype','cn',1572944810,1572944810),(244,'tid157','158','arctype','en',1572944810,1572944810),(245,'tid159','159','arctype','cn',1572946415,1572946415),(246,'tid159','160','arctype','en',1572946415,1572946415),(247,'tid161','161','arctype','cn',1572948847,1572948847),(248,'tid161','162','arctype','en',1572948847,1572948847),(249,'adp13','13','ad_position','cn',1573027083,1573027083),(250,'adp13','14','ad_position','en',1573027083,1573027083),(251,'ad35','35','ad','cn',1573027083,1573027083),(252,'ad35','36','ad','en',1573027083,1573027083),(253,'tid163','163','arctype','cn',1573092711,1573092711),(254,'tid163','164','arctype','en',1573092711,1573092711),(255,'tid165','165','arctype','cn',1573092775,1573092775),(256,'tid165','166','arctype','en',1573092775,1573092775),(257,'tid167','167','arctype','cn',1573092794,1573092794),(258,'tid167','168','arctype','en',1573092794,1573092794),(259,'tid169','169','arctype','cn',1573092930,1573092930),(260,'tid169','170','arctype','en',1573092930,1573092930),(261,'tid171','171','arctype','cn',1573093183,1573093183),(262,'tid171','172','arctype','en',1573093183,1573093183),(263,'tid173','173','arctype','cn',1573093262,1573093262),(264,'tid173','174','arctype','en',1573093262,1573093262),(265,'tid175','175','arctype','cn',1573093412,1573093412),(266,'tid175','176','arctype','en',1573093412,1573093412),(267,'tid177','177','arctype','cn',1573093421,1573093421),(268,'tid177','178','arctype','en',1573093421,1573093421),(269,'tid179','179','arctype','cn',1573093522,1573093522),(270,'tid179','180','arctype','en',1573093522,1573093522),(271,'tid181','181','arctype','cn',1573094571,1573094571),(272,'tid181','182','arctype','en',1573094571,1573094571),(273,'tid183','183','arctype','cn',1573537322,1573537322),(274,'tid183','184','arctype','en',1573537322,1573537322),(275,'tid185','185','arctype','cn',1573542337,1573542337),(276,'tid185','186','arctype','en',1573542337,1573542337),(277,'tid187','187','arctype','cn',1573637404,1573637404),(278,'tid187','188','arctype','en',1573637404,1573637404),(279,'tid189','189','arctype','cn',1573637908,1573637908),(280,'tid189','190','arctype','en',1573637908,1573637908),(281,'tid191','191','arctype','cn',1573638000,1573638000),(282,'tid191','192','arctype','en',1573638000,1573638000),(283,'tid193','193','arctype','cn',1573638246,1573638246),(284,'tid193','194','arctype','en',1573638246,1573638246),(285,'tid195','195','arctype','cn',1573638356,1573638356),(286,'tid195','196','arctype','en',1573638356,1573638356),(287,'tid197','197','arctype','cn',1573638416,1573638416),(288,'tid197','198','arctype','en',1573638416,1573638416),(289,'tid199','199','arctype','cn',1573638435,1573638435),(290,'tid199','200','arctype','en',1573638435,1573638435),(291,'tid201','201','arctype','cn',1573638456,1573638456),(292,'tid201','202','arctype','en',1573638456,1573638456),(293,'tid203','203','arctype','cn',1573638563,1573638563),(294,'tid203','204','arctype','en',1573638563,1573638563),(295,'tid205','205','arctype','cn',1573638608,1573638608),(296,'tid205','206','arctype','en',1573638608,1573638608),(297,'tid207','207','arctype','cn',1573638629,1573638629),(298,'tid207','208','arctype','en',1573638629,1573638629),(299,'tid209','209','arctype','cn',1573638653,1573638653),(300,'tid209','210','arctype','en',1573638653,1573638653),(301,'tid211','211','arctype','cn',1573638889,1573638889),(302,'tid211','212','arctype','en',1573638889,1573638889),(303,'tid213','213','arctype','cn',1573638925,1573638925),(304,'tid213','214','arctype','en',1573638925,1573638925),(305,'tid215','215','arctype','cn',1573638944,1573638944),(306,'tid215','216','arctype','en',1573638944,1573638944),(307,'tid217','217','arctype','cn',1573638962,1573638962),(308,'tid217','218','arctype','en',1573638962,1573638962),(309,'tid219','219','arctype','cn',1573645446,1573645446),(310,'tid219','220','arctype','en',1573645446,1573645446),(311,'tid221','221','arctype','cn',1573645487,1573645487),(312,'tid221','222','arctype','en',1573645487,1573645487),(313,'tid223','223','arctype','cn',1573702902,1573702902),(314,'tid223','224','arctype','en',1573702902,1573702902),(315,'tid225','225','arctype','cn',1575602946,1575602946),(316,'tid225','226','arctype','en',1575602946,1575602946),(317,'tid228','228','arctype','cn',1575603296,1575603296),(318,'tid228','229','arctype','en',1575603296,1575603296);
/*!40000 ALTER TABLE `hw_language_attr` ENABLE KEYS */;

#
# Structure for table "hw_language_attribute"
#

DROP TABLE IF EXISTS `hw_language_attribute`;
CREATE TABLE `hw_language_attribute` (
  `attr_id` int(10) NOT NULL AUTO_INCREMENT COMMENT '信息ID，自增',
  `attr_title` varchar(200) NOT NULL DEFAULT '' COMMENT '变量标题',
  `attr_name` varchar(200) NOT NULL DEFAULT '' COMMENT '变量名称',
  `attr_group` varchar(50) DEFAULT '' COMMENT '分组，以表名划分（不含表前缀）',
  `is_del` tinyint(1) DEFAULT '0' COMMENT '伪删除，0=否，1=是',
  `add_time` int(11) DEFAULT '0' COMMENT '新增时间',
  `update_time` int(11) DEFAULT '0' COMMENT '更新时间',
  PRIMARY KEY (`attr_id`)
) ENGINE=MyISAM AUTO_INCREMENT=162 DEFAULT CHARSET=utf8 COMMENT='多语言模板变量表';

#
# Data for table "hw_language_attribute"
#

/*!40000 ALTER TABLE `hw_language_attribute` DISABLE KEYS */;
INSERT INTO `hw_language_attribute` VALUES (1,'关于我们','tid1','arctype',1,1545267517,1572509476),(2,'新闻动态','tid2','arctype',1,1545267517,1572509486),(3,'产品中心','tid3','arctype',1,1545267517,1572854822),(4,'技术支持','tid4','arctype',1,1545267517,1572854822),(5,'资料下载','tid5','arctype',1,1545267517,1572509488),(6,'在线应聘','tid6','arctype',1,1545267517,1572509489),(7,'公司简介','tid8','arctype',1,1545267517,1572509476),(8,'公司荣誉','tid9','arctype',0,1545267517,1545267517),(9,'公司动态','tid10','arctype',1,1545267517,1572509486),(10,'行业资讯','tid11','arctype',1,1545267517,1572509486),(11,'媒体报道','tid12','arctype',1,1545267517,1572509486),(12,'合作客户','tid13','arctype',1,1545267517,1572418963),(13,'手机数码','tid20','arctype',1,1545267517,1572428369),(14,'电脑产品','tid21','arctype',1,1545267517,1572428375),(15,'周边配件','tid22','arctype',1,1545267517,1572428363),(16,'人才招聘','tid23','arctype',1,1545267517,1572509489),(17,'智能手机','tid24','arctype',1,1545267517,1572428369),(18,'畅玩手机','tid25','arctype',1,1545267517,1572428369),(19,'笔记本电脑','tid26','arctype',1,1545267517,1572428375),(20,'耳机','tid27','arctype',1,1545267517,1572428363),(21,'音箱','tid28','arctype',1,1545267517,1572428363),(22,'充电宝','tid29','arctype',1,1545267517,1572428363),(23,'在线留言','tid30','arctype',1,1545267517,1572509468),(24,'姓名','attr_1','guestbook_attribute',0,1545267518,1545267518),(25,'手机号码','attr_2','guestbook_attribute',0,1545267518,1545267518),(26,'需求选择','attr_3','guestbook_attribute',0,1545267518,1572418963),(27,'申请职位','attr_4','guestbook_attribute',0,1545267518,1572418963),(28,'姓名','attr_5','guestbook_attribute',0,1545267518,1572418963),(29,'性别','attr_6','guestbook_attribute',0,1545267518,1572418963),(30,'年龄','attr_7','guestbook_attribute',1,1545267518,1572418963),(31,'用户界面','attr_1','product_attribute',0,1545267518,1545267518),(32,'操作系统','attr_2','product_attribute',0,1545267518,1545267518),(33,'键盘类型','attr_3','product_attribute',0,1545267518,1545267518),(34,' 产品型号','attr_4','product_attribute',0,1545267518,1572418963),(35,'屏幕大小','attr_5','product_attribute',0,1545267518,1545267518),(36,'整机净重','attr_6','product_attribute',0,1545267518,1572418963),(37,'产品型号','attr_7','product_attribute',0,1545267518,1572418963),(38,'支持蓝牙','attr_8','product_attribute',0,1545267518,1545267518),(43,'手机','attr_16','guestbook_attribute',0,1563533188,1563533188),(44,'学历','attr_18','guestbook_attribute',0,1563533246,1563533246),(45,'工作经验','attr_20','guestbook_attribute',0,1563533261,1563533261),(46,'自我评价','attr_22','guestbook_attribute',0,1563533269,1563533269),(47,'联系我们','tid54','arctype',1,1563761937,1572509491),(49,'','ad7','ad',0,1563764323,1563764323),(50,'','ad9','ad',0,1563764323,1563764323),(51,'','ad11','ad',0,1563764411,1563764411),(52,'商品名称','attr_19','product_attribute',0,1564539436,1572418963),(53,'商品毛重','attr_21','product_attribute',0,1564539503,1572418963),(54,'商品产地','attr_23','product_attribute',0,1564539517,1572418963),(55,'多卡支持','attr_25','product_attribute',0,1564539530,1572418963),(56,'机身内存','attr_27','product_attribute',0,1564539541,1572418963),(57,'国内媒体','tid56','arctype',1,1564625026,1565083902),(58,'软文选写','tid58','arctype',1,1564632567,1565083896),(59,'国外媒体','tid60','arctype',1,1564632676,1565083908),(60,'岛内媒体','tid62','arctype',1,1564632717,1565083886),(61,'系统方案','tid64','arctype',1,1565083870,1572509481),(62,'应用方案','tid66','arctype',1,1565083875,1572509481),(64,'','ad13','ad',0,1565225126,1565225126),(65,'品质管理','tid68','arctype',1,1572420394,1572509476),(66,'环境安全','tid70','arctype',1,1572420422,1572509476),(67,'专利成果','tid72','arctype',1,1572420447,1572854822),(68,'领导寄语','tid74','arctype',1,1572420579,1572509476),(69,'公司里程碑','tid76','arctype',1,1572420602,1572509476),(70,'企业文化','tid78','arctype',1,1572420733,1572509479),(71,'5G时代','ad15','ad',0,1572421859,1572421859),(72,'5G时代','ad17','ad',0,1572421895,1572421895),(73,'华芯生活','tid80','arctype',1,1572426763,1572509479),(74,'福利措施','tid82','arctype',1,1572426790,1572509479),(75,'社会责任','tid84','arctype',1,1572426812,1572509479),(76,'经营目标','tid86','arctype',1,1572426844,1572509479),(77,'愿景与使命','tid88','arctype',1,1572426869,1572509479),(78,'海威华芯大学','tid90','arctype',1,1572426898,1572509479),(79,'党章宣扬','tid92','arctype',1,1572426919,1572509479),(80,'GaAs技术','tid94','arctype',1,1572427013,1572509481),(81,'GaN技术','tid96','arctype',1,1572427049,1572509481),(82,'HBT及光电技术','tid98','arctype',1,1572427084,1572509481),(83,'HBT及光电工艺','tid100','arctype',1,1572427162,1572509484),(84,'GaAs工艺','tid102','arctype',1,1572427185,1572509484),(85,'GaN工艺','tid104','arctype',1,1572427211,1572509484),(86,'企业新闻','tid106','arctype',1,1572427260,1572429226),(87,'企业新闻','tid107','arctype',1,1572427294,1572509486),(88,'行业资讯','tid109','arctype',1,1572427312,1572509486),(89,'媒体报道','tid111','arctype',1,1572427330,1572509486),(90,'职位招聘','tid113','arctype',1,1572427361,1572509489),(91,'人才发展','tid115','arctype',1,1572427384,1572509489),(92,'加入我们','tid117','arctype',1,1572427404,1572509489),(93,'联系我们','tid119','arctype',1,1572427423,1572509489),(94,'课程中心','tid121','arctype',0,1572510245,1572510245),(95,'sdsda','tid123','arctype',1,1572510284,1572511440),(96,'爱的速递所','tid125','arctype',1,1572510291,1572511440),(97,'视频','tid127','arctype',1,1572512132,1572861400),(98,'免费课程','tid129','arctype',0,1572853698,1572853698),(99,'下载中心','tid131','arctype',0,1572853726,1572853726),(100,'培训案例','tid133','arctype',0,1572853750,1572853750),(101,'产品中心','tid135','arctype',0,1572853757,1572853757),(102,'项目案例','tid137','arctype',0,1572853767,1572853767),(103,'加盟中心','tid139','arctype',0,1572853774,1572853774),(104,'购买中心','tid141','arctype',0,1572853781,1572853781),(105,'在线直播','tid143','arctype',0,1572853790,1572853790),(106,'dfsdfsdsf','tid145','arctype',1,1572854178,1572861400),(107,'ds','tid147','arctype',1,1572854362,1572854608),(108,'电工','tid149','arctype',0,1572861416,1572861416),(109,'PLC','tid151','arctype',0,1572861428,1572861428),(110,'变频器','tid153','arctype',0,1572861443,1572861443),(111,'首页轮播图','adp7','ad_position',0,1572861738,1572861738),(112,'','ad19','ad',0,1572861841,1572861841),(113,'','ad21','ad',0,1572861841,1572861841),(114,'','ad23','ad',0,1572861841,1572861841),(115,'首页中部广告位','adp9','ad_position',0,1572862615,1572862615),(116,'http://vstation.io/','ad25','ad',0,1572862615,1572862615),(117,'http://vstation.io/','ad27','ad',0,1572862615,1572862615),(118,'http://vstation.io/','ad29','ad',0,1572862615,1572862615),(119,'http://vstation.io/','ad31','ad',0,1572862615,1572862615),(120,'工控帮团队','tid155','arctype',0,1572863825,1572863825),(121,'登陆注册页面广告','adp11','ad_position',0,1572918644,1572918644),(122,'登陆注册页面','ad33','ad',0,1572918644,1572918644),(123,'伺服','tid157','arctype',0,1572944810,1572944810),(124,'西门子PLC','tid159','arctype',1,1572946415,1573638207),(125,'三菱PLC','tid161','arctype',1,1572948847,1573638524),(126,'首页顶部图片','adp13','ad_position',0,1573027083,1573027083),(127,'新校区','ad35','ad',0,1573027083,1573027083),(128,'111','tid163','arctype',1,1573092711,1573092899),(129,'张三','tid165','arctype',1,1573092775,1573092899),(130,'分段瑟瑟发抖','tid167','arctype',1,1573092794,1573092909),(131,'精品课程','tid169','arctype',0,1573092930,1573092930),(132,'其他','tid171','arctype',0,1573093183,1573093183),(133,'关于工控','tid173','arctype',0,1573093262,1573093262),(134,'公司简介','tid175','arctype',0,1573093412,1573093412),(135,'联系我们','tid177','arctype',0,1573093421,1573093421),(136,'产品中心','tid179','arctype',0,1573093522,1573093522),(137,'dfsfds','tid181','arctype',1,1573094571,1573094582),(138,'学员心声','tid183','arctype',0,1573537322,1573537322),(139,'热门导师','tid185','arctype',0,1573542337,1573542337),(140,'CAD制图软件','tid187','arctype',0,1573637404,1573637404),(141,'西门子smart200','tid189','arctype',1,1573637908,1573637978),(142,'西门子smart200','tid191','arctype',1,1573638000,1573638102),(143,'西门子smart200','tid193','arctype',0,1573638246,1573638246),(144,'西门子1200','tid195','arctype',0,1573638356,1573638356),(145,'西门子300','tid197','arctype',0,1573638416,1573638416),(146,'西门子1500','tid199','arctype',0,1573638435,1573638435),(147,'西门子400','tid201','arctype',0,1573638456,1573638456),(148,'三菱PLC ','tid203','arctype',1,1573638563,1573638872),(149,'三菱fx3u','tid205','arctype',1,1573638608,1573638872),(150,'三菱fx5u','tid207','arctype',1,1573638629,1573638872),(151,'三菱PLCQ系列 ','tid209','arctype',1,1573638653,1573638872),(152,'三菱PLC ','tid211','arctype',0,1573638889,1573638889),(153,'三菱PLCFX3U','tid213','arctype',0,1573638925,1573638925),(154,'三菱PLCFX5U','tid215','arctype',0,1573638944,1573638944),(155,'三菱PLCQ系列 ','tid217','arctype',0,1573638962,1573638962),(156,'手机组态软件','tid219','arctype',0,1573645446,1573645446),(157,'触摸屏','tid221','arctype',0,1573645487,1573645487),(158,'案例课程','tid223','arctype',0,1573702902,1573702902),(159,'会员权限','tid225','arctype',1,1575602946,1575603037),(160,'会员权限','tid227','arctype',0,1575603274,1575603274),(161,'会员权限','tid228','arctype',0,1575603296,1575603296);
/*!40000 ALTER TABLE `hw_language_attribute` ENABLE KEYS */;

#
# Structure for table "hw_language_mark"
#

DROP TABLE IF EXISTS `hw_language_mark`;
CREATE TABLE `hw_language_mark` (
  `id` int(10) NOT NULL AUTO_INCREMENT COMMENT '自增ID',
  `title` varchar(50) NOT NULL DEFAULT '' COMMENT '国家语言名称',
  `cn_title` varchar(50) NOT NULL DEFAULT '' COMMENT '中文名称',
  `mark` varchar(50) DEFAULT '' COMMENT '多语言标识',
  `pinyin` varchar(100) DEFAULT '' COMMENT '拼音',
  `sort_order` int(10) NOT NULL DEFAULT '0' COMMENT '排序号',
  `add_time` int(11) DEFAULT '0' COMMENT '新增时间',
  `update_time` int(11) DEFAULT '0' COMMENT '更新时间',
  PRIMARY KEY (`id`)
) ENGINE=MyISAM AUTO_INCREMENT=57 DEFAULT CHARSET=utf8 COMMENT='国家语言表';

#
# Data for table "hw_language_mark"
#

/*!40000 ALTER TABLE `hw_language_mark` DISABLE KEYS */;
INSERT INTO `hw_language_mark` VALUES (1,'简体中文','简体中文','cn','zhongwenjianti',100,0,1541583096),(2,'Vietnamese','越南语','vi','yuenanyu',100,0,1541583096),(3,'繁体中文','繁体中文','zh','zhongwenfanti',100,0,1541583096),(4,'English','英语','en','yingyu',100,0,1541583096),(5,'Indonesian','印尼语','id','yinniyu',100,0,1541583096),(6,'Urdu','乌尔都语','ur','wuerduyu',100,0,1541583096),(7,'Yiddish','意第绪语','yi','yidixuyu',100,0,1541583096),(8,'Italian','意大利语','it','yidaliyu',100,0,1541583096),(9,'Greek','希腊语','el','xilayu',100,0,1541583096),(10,'Spanish Basque','西班牙的巴斯克语','eu','xibanyadebasikeyu',100,0,1541583096),(11,'Spanish','西班牙语','es','xibanyayu',100,0,1541583096),(12,'Hungarian','匈牙利语','hu','xiongyaliyu',100,0,1541583096),(13,'Hebrew','希伯来语','iw','xibolaiyu',100,0,1541583096),(14,'Ukrainian','乌克兰语','uk','wukelanyu',100,0,1541583096),(15,'Welsh','威尔士语','cy','weiershiyu',100,0,1541583096),(16,'Thai','泰语','th','taiyu',100,0,1541583096),(17,'Turkish','土耳其语','tr','tuerqiyu',100,0,1541583096),(18,'Swahili','斯瓦希里语','sw','siwaxiliyu',100,0,1541583096),(19,'Japanese','日语','ja','riyu',100,0,1541583096),(20,'Swedish','瑞典语','sv','ruidianyu',100,0,1541583096),(21,'Serbian','塞尔维亚语','sr','saierweiyayu',100,0,1541583096),(22,'Slovak','斯洛伐克语','sk','siluofakeyu',100,0,1541583096),(23,'Slovenian','斯洛文尼亚语','sl','siluowenniyayu',100,0,1541583096),(24,'Portuguese','葡萄牙语','pt','putaoyayu',100,0,1541583096),(25,'Norwegian','挪威语','no','nuoweiyu',100,0,1541583096),(26,'Macedonian','马其顿语','mk','maqidunyu',100,0,1541583096),(27,'Malay','马来语','ms','malaiyu',100,0,1541583096),(28,'Maltese','马耳他语','mt','maertayu',100,0,1541583096),(29,'Romanian','罗马尼亚语','ro','luomaniyayu',100,0,1541583096),(30,'Lithuanian','立陶宛语','lt','litaowanyu',100,0,1541583096),(31,'Latvian','拉脱维亚语','lv','latuoweiyayu',100,0,1541583096),(32,'Latin','拉丁语','la','ladingyu',100,0,1541583096),(33,'Croatian','克罗地亚语','hr','keluodiyayu',100,0,1541583096),(34,'Czech','捷克语','cs','jiekeyu',100,0,1541583096),(35,'Catalan','加泰罗尼亚语','ca','jiatailuoniyayu',100,0,1541583096),(36,'Galician','加利西亚语','gl','jialixiyayu',100,0,1541583096),(37,'Dutch','荷兰语','nl','helanyu',100,0,1541583096),(38,'Korean','韩语','ko','hanyu',100,0,1541583096),(39,'Haitian Creole','海地克里奥尔语','ht','haidikeliaoeryu',100,0,1541583096),(40,'Finnish','芬兰语','fi','fenlanyu',100,0,1541583096),(41,'Filipino','菲律宾语','tl','feilvbinyu',100,0,1541583096),(42,'Russian','俄语','ru','eyu',100,0,1541583096),(43,'Boolean (Afrikaans)','布尔语(南非荷兰语)','af','bueryunanfeihelanyu',100,0,1541583096),(44,'French','法语','fr','fayu',100,0,1541583096),(45,'Danish','丹麦语','da','danmaiyu',100,0,1541583096),(46,'German','德语','de','deyu',100,0,1541583096),(47,'Azerbaijani','阿塞拜疆语','az','asaibaijiangyu',100,0,1541583096),(48,'Irish','爱尔兰语','ga','aierlanyu',100,0,1541583096),(49,'Estonian','爱沙尼亚语','et','aishaniyayu',100,0,1541583096),(50,'Belarusian','白俄罗斯语','be','baieluosiyu',100,0,1541583096),(51,'Bulgarian','保加利亚语','bg','baojialiyayu',100,0,1541583096),(52,'Icelandic','冰岛语','is','bingdaoyu',100,0,1541583096),(53,'Polish','波兰语','pl','bolanyu',100,0,1541583096),(54,'Persian','波斯语','fa','bosiyu',100,0,1541583096),(55,'Arabic','阿拉伯语','ar','alaboyu',100,0,1541583096),(56,'Albanian','阿尔巴尼亚语','sq','aerbaniyayu',100,0,1541583096);
/*!40000 ALTER TABLE `hw_language_mark` ENABLE KEYS */;

#
# Structure for table "hw_language_pack"
#

DROP TABLE IF EXISTS `hw_language_pack`;
CREATE TABLE `hw_language_pack` (
  `id` int(10) NOT NULL AUTO_INCREMENT COMMENT '自增ID',
  `name` varchar(50) NOT NULL DEFAULT '' COMMENT '变量名',
  `value` text NOT NULL COMMENT '变量值',
  `is_syn` tinyint(1) DEFAULT '0' COMMENT '同步官方语言包：0=否，1=是',
  `lang` varchar(50) DEFAULT 'cn' COMMENT '语言标识',
  `sort_order` int(10) DEFAULT '0' COMMENT '排序号',
  `add_time` int(11) DEFAULT '0' COMMENT '新增时间',
  `update_time` int(11) DEFAULT '0' COMMENT '更新时间',
  PRIMARY KEY (`id`)
) ENGINE=MyISAM AUTO_INCREMENT=51 DEFAULT CHARSET=utf8 COMMENT='模板语言包变量';

#
# Data for table "hw_language_pack"
#

/*!40000 ALTER TABLE `hw_language_pack` DISABLE KEYS */;
INSERT INTO `hw_language_pack` VALUES (1,'sys1','首页',1,'cn',100,1543890216,1543890216),(2,'sys2','上一页',1,'cn',100,1543890216,1543890216),(3,'sys3','下一页',1,'cn',100,1543890216,1543890216),(4,'sys4','末页',1,'cn',100,1543890216,1543890216),(5,'sys5','共<strong>%s</strong>页 <strong>%s</strong>条',1,'cn',100,1543890216,1543890216),(6,'sys6','全部',1,'cn',100,1543890216,1543890216),(7,'sys7','搜索',1,'cn',100,1543890216,1543890216),(8,'sys8','查看详情',1,'cn',100,1543890216,1543890216),(9,'sys9','网站首页',1,'cn',100,1543890216,1543890216),(10,'sys10','暂无',1,'cn',100,1543890216,1543890216),(11,'sys11','上一篇',1,'cn',100,1543890216,1543890216),(12,'sys12','下一篇',1,'cn',100,1543890216,1543890216),(13,'sys1','Home',1,'en',100,1545267534,1545267534),(14,'sys2','Previous',1,'en',100,1545267534,1545267534),(15,'sys3','Next',1,'en',100,1545267534,1545267534),(16,'sys4','Last',1,'en',100,1545267534,1545267534),(17,'sys5','Road <strong>%s</strong> page <strong>%s</strong> strip',1,'en',100,1545267534,1545267534),(18,'sys6','All',1,'en',100,1545267534,1545267534),(19,'sys7','Search',1,'en',100,1545267534,1545267534),(20,'sys8','View details',1,'en',100,1545267534,1545267534),(21,'sys9','Home',1,'en',100,1545267534,1545267534),(22,'sys10','No time',1,'en',100,1545267534,1545267534),(23,'sys11','Previous',1,'en',100,1545267534,1545267534),(24,'sys12','Next',1,'en',100,1545267534,1545267534),(25,'yybl1','网站首页',0,'cn',100,1545272835,1545272835),(26,'yybl1','Home',0,'en',100,1545272835,1545272835),(27,'yybl2','全部',0,'cn',100,1545272897,1545272897),(28,'yybl2','All',0,'en',100,1545272897,1545272897),(29,'yybl3','查看更多',0,'cn',100,1545272961,1545272961),(30,'yybl3','View more',0,'en',100,1545272961,1545272961),(31,'yybl4','联系热线',0,'cn',100,1545273023,1545273023),(32,'yybl4','Contact Hotline',0,'en',100,1545273023,1545273023),(33,'yybl5','你的位置',0,'cn',100,1545273158,1545273158),(34,'yybl5','Rosition',0,'en',100,1545273158,1545273158),(35,'yybl6','请输入关键词',0,'cn',100,1545273239,1545273239),(36,'yybl6','Please enter a keyword',0,'en',100,1545273239,1545273239),(37,'yybl7','为您推荐',0,'cn',100,1545273292,1545273292),(38,'yybl7','Recommend for you',0,'en',100,1545273292,1545273292),(39,'yybl8','热门推荐',0,'cn',100,1545273376,1545273376),(40,'yybl8','Popular recommendation',0,'en',100,1545273376,1545273376),(41,'yybl9','详细信息',0,'cn',100,1545273418,1545273418),(42,'yybl9','Details',0,'en',100,1545273418,1545273418),(43,'yybl10','下载包',0,'cn',100,1545273596,1545273596),(44,'yybl10','Download package',0,'en',100,1545273596,1545273596),(45,'yybl11','文件附件列表',0,'cn',100,1545273655,1545273655),(46,'yybl11','List of file attachments',0,'en',100,1545273655,1545273655),(47,'yybl12','结果',0,'cn',100,1545274437,1545274437),(48,'yybl12','Result',0,'en',100,1545274437,1545274437),(49,'yybl13','没有数据了',0,'cn',100,1545274472,1547516837),(50,'yybl13','No data.',0,'en',100,1545274472,1547516837);
/*!40000 ALTER TABLE `hw_language_pack` ENABLE KEYS */;

#
# Structure for table "hw_links"
#

DROP TABLE IF EXISTS `hw_links`;
CREATE TABLE `hw_links` (
  `id` int(11) NOT NULL AUTO_INCREMENT,
  `typeid` tinyint(1) DEFAULT '1' COMMENT '类型：1=文字链接，2=图片链接',
  `title` varchar(50) DEFAULT '' COMMENT '网站标题',
  `url` varchar(100) DEFAULT '' COMMENT '网站地址',
  `logo` varchar(255) DEFAULT '' COMMENT '网站LOGO',
  `sort_order` int(11) DEFAULT '0' COMMENT '排序号',
  `target` tinyint(1) DEFAULT '0' COMMENT '是否开启浏览器新窗口',
  `email` varchar(50) DEFAULT NULL,
  `intro` text COMMENT '网站简况',
  `status` tinyint(1) DEFAULT '1' COMMENT '状态(1=显示，0=屏蔽)',
  `lang` varchar(50) DEFAULT 'cn' COMMENT '语言标识',
  `delete_time` int(11) DEFAULT '0' COMMENT '软删除时间',
  `add_time` int(11) DEFAULT '0' COMMENT '新增时间',
  `update_time` int(11) DEFAULT '0' COMMENT '更新时间',
  PRIMARY KEY (`id`)
) ENGINE=MyISAM AUTO_INCREMENT=11 DEFAULT CHARSET=utf8 COMMENT='友情链接表';

#
# Data for table "hw_links"
#

/*!40000 ALTER TABLE `hw_links` DISABLE KEYS */;
INSERT INTO `hw_links` VALUES (1,2,'百度','http://www.baidu.com','/uploads/allimg/20191113/1-191113145414603.jpg',100,1,'','',1,'cn',0,1524975826,1573628056),(2,2,'腾讯','http://www.qq.com','/uploads/allimg/20191113/1-191113150331c6.jpg',100,1,'','',1,'cn',0,1524976095,1573628614),(3,2,'新浪','http://www.sina.com.cn','/uploads/allimg/20191113/1-191113150345433.jpg',100,1,'','',1,'cn',0,1532414285,1573628627),(4,2,'淘宝','http://www.taobao.com','/uploads/allimg/20191113/1-191113145R1Q8.jpg',100,1,'','',1,'cn',0,1532414529,1573628303),(5,2,'小米','http://www.weibo.com','/uploads/allimg/20191113/1-191113150510559.jpg',100,1,'','',1,'cn',0,1532414726,1573628713),(6,1,'baidu','http://www.baidu.com','',100,1,'','',1,'en',0,1524975826,1547473399),(7,1,'qq','http://www.qq.com','',100,1,'','',1,'en',0,1524976095,1547473391),(8,1,'sina','http://www.sina.com.cn','',100,1,'','',1,'en',0,1532414285,1547473376),(9,1,'taobao','http://www.taobao.com','',100,1,'','',1,'en',0,1532414529,1547473365),(10,1,'weibo','http://www.weibo.com','',100,1,'','',1,'en',0,1532414726,1547473355);
/*!40000 ALTER TABLE `hw_links` ENABLE KEYS */;

#
# Structure for table "hw_linshi"
#

DROP TABLE IF EXISTS `hw_linshi`;
CREATE TABLE `hw_linshi` (
  `id` int(11) NOT NULL AUTO_INCREMENT,
  `info` text NOT NULL COMMENT '数据',
  `time` varchar(255) NOT NULL DEFAULT '' COMMENT '实践',
  PRIMARY KEY (`id`)
) ENGINE=MyISAM AUTO_INCREMENT=482 DEFAULT CHARSET=utf8 COMMENT='临时数据表';

#
# Data for table "hw_linshi"
#

/*!40000 ALTER TABLE `hw_linshi` DISABLE KEYS */;
INSERT INTO `hw_linshi` VALUES (1,'','2019-11-13 10:30:33'),(2,'{\"return_code\":\"FAIL\",\"return_msg\":\"appid\\u548cmch_id\\u4e0d\\u5339\\u914d\"}','20191113103337'),(3,'{\"return_code\":\"FAIL\",\"return_msg\":\"appid\\u548cmch_id\\u4e0d\\u5339\\u914d\"}','20191113103515'),(4,'{\"return_code\":\"FAIL\",\"return_msg\":\"appid\\u548cmch_id\\u4e0d\\u5339\\u914d\"}','20191113103911'),(5,'{\"return_code\":\"FAIL\",\"return_msg\":\"appid\\u548cmch_id\\u4e0d\\u5339\\u914d\"}','20191113104021'),(6,'{\"return_code\":\"FAIL\",\"return_msg\":\"appid\\u548cmch_id\\u4e0d\\u5339\\u914d\"}','20191113104249'),(7,'{\"return_code\":\"FAIL\",\"return_msg\":\"appid\\u548cmch_id\\u4e0d\\u5339\\u914d\"}','20191113104333'),(8,'{\"return_code\":\"FAIL\",\"return_msg\":\"appid\\u548cmch_id\\u4e0d\\u5339\\u914d\"}','20191113104345'),(9,'{\"return_code\":\"FAIL\",\"return_msg\":\"appid\\u548cmch_id\\u4e0d\\u5339\\u914d\"}','20191113104631'),(10,'{\"return_code\":\"FAIL\",\"return_msg\":\"appid\\u548cmch_id\\u4e0d\\u5339\\u914d\"}','20191113104658'),(11,'{\"return_code\":\"FAIL\",\"return_msg\":\"appid\\u548cmch_id\\u4e0d\\u5339\\u914d\"}','20191113104745'),(12,'{\"return_code\":\"FAIL\",\"return_msg\":\"appid\\u548cmch_id\\u4e0d\\u5339\\u914d\"}','20191113104811'),(13,'{\"return_code\":\"FAIL\",\"return_msg\":\"appid\\u548cmch_id\\u4e0d\\u5339\\u914d\"}','20191113105153'),(14,'{\"return_code\":\"FAIL\",\"return_msg\":\"appid\\u548cmch_id\\u4e0d\\u5339\\u914d\"}','20191113105249'),(15,'{\"return_code\":\"FAIL\",\"return_msg\":\"appid\\u548cmch_id\\u4e0d\\u5339\\u914d\"}','20191113105337'),(16,'{\"return_code\":\"FAIL\",\"return_msg\":\"appid\\u548cmch_id\\u4e0d\\u5339\\u914d\"}','20191113105636'),(17,'{\"return_code\":\"FAIL\",\"return_msg\":\"appid\\u548cmch_id\\u4e0d\\u5339\\u914d\"}','20191113105854'),(18,'{\"return_code\":\"FAIL\",\"return_msg\":\"appid\\u548cmch_id\\u4e0d\\u5339\\u914d\"}','20191113105929'),(19,'{\"return_code\":\"FAIL\",\"return_msg\":\"appid\\u548cmch_id\\u4e0d\\u5339\\u914d\"}','20191113110002'),(20,'{\"return_code\":\"FAIL\",\"return_msg\":\"appid\\u548cmch_id\\u4e0d\\u5339\\u914d\"}','20191113110013'),(21,'{\"return_code\":\"FAIL\",\"return_msg\":\"appid\\u548cmch_id\\u4e0d\\u5339\\u914d\"}','20191113110102'),(22,'{\"return_code\":\"FAIL\",\"return_msg\":\"appid\\u548cmch_id\\u4e0d\\u5339\\u914d\"}','20191113110117'),(23,'{\"return_code\":\"FAIL\",\"return_msg\":\"appid\\u548cmch_id\\u4e0d\\u5339\\u914d\"}','20191113110125'),(24,'{\"return_code\":\"FAIL\",\"return_msg\":\"appid\\u548cmch_id\\u4e0d\\u5339\\u914d\"}','20191113113027'),(25,'{\"return_code\":\"FAIL\",\"return_msg\":\"appid\\u548cmch_id\\u4e0d\\u5339\\u914d\"}','20191113124007'),(26,'{\"return_code\":\"FAIL\",\"return_msg\":\"\\u7b7e\\u540d\\u9519\\u8bef\"}','2019-11-13 15:17:35'),(27,'{\"return_code\":\"FAIL\",\"return_msg\":\"\\u7b7e\\u540d\\u9519\\u8bef\"}','2019-11-13 15:17:38'),(28,'{\"m\":\"index\",\"c\":\"Pay\",\"a\":\"alipay_return\",\"transaction_type\":\"2\",\"is_ailpay_notify\":\"2\",\"charset\":\"UTF-8\",\"out_trade_no\":\"20191113157362944237\",\"method\":\"alipay.trade.page.pay.return\",\"total_amount\":\"0.01\",\"sign\":\"EQn30KSWiejcPiMiqacvCES3bKXzbznZYjYVEaZZ','2019-11-13 15:37:06'),(29,'{\"order_id\":7,\"order_code\":\"20191113157362944237\",\"users_id\":6,\"order_status\":0,\"payment_method\":0,\"pay_time\":0,\"pay_name\":\"\",\"wechat_pay_type\":\"\",\"pay_details\":null,\"express_order\":\"\",\"express_name\":\"\",\"express_code\":\"\",\"express_time\":0,\"consignee\":\"\",\"c','2019-11-13 15:37:06'),(30,'1','2019-11-13 15:37:07'),(31,'{\"m\":\"index\",\"c\":\"Pay\",\"a\":\"alipay_return\",\"transaction_type\":\"1\",\"is_ailpay_notify\":\"2\",\"charset\":\"UTF-8\",\"out_trade_no\":\"201911131546291573631189470\",\"method\":\"alipay.trade.page.pay.return\",\"total_amount\":\"0.01\",\"sign\":\"28\\/KAMv5afX9pnsQ\\/DcPQXf2HYIBcdK','2019-11-13 15:47:20'),(32,'{\"m\":\"index\",\"c\":\"Pay\",\"a\":\"alipay_return\",\"transaction_type\":\"1\",\"is_ailpay_notify\":\"2\",\"charset\":\"UTF-8\",\"out_trade_no\":\"201911131601351573632095169\",\"method\":\"alipay.trade.page.pay.return\",\"total_amount\":\"0.01\",\"sign\":\"iIqwnR6uRw4ea7bTLXvvxdQmNRkgN+iIC','2019-11-13 16:06:32'),(33,'{\"m\":\"index\",\"c\":\"Pay\",\"a\":\"alipay_return\",\"transaction_type\":\"2\",\"is_ailpay_notify\":\"2\",\"charset\":\"UTF-8\",\"out_trade_no\":\"20191113157363263448\",\"method\":\"alipay.trade.page.pay.return\",\"total_amount\":\"0.01\",\"sign\":\"clNBLnkV7IP4OISaxK8WT6kBPSFhUSuHBxetjDd4','2019-11-13 16:11:04'),(34,'{\"order_id\":8,\"order_code\":\"20191113157363263448\",\"users_id\":11,\"order_status\":0,\"payment_method\":0,\"pay_time\":0,\"pay_name\":\"\",\"wechat_pay_type\":\"\",\"pay_details\":null,\"express_order\":\"\",\"express_name\":\"\",\"express_code\":\"\",\"express_time\":0,\"consignee\":\"\",\"','2019-11-13 16:11:04'),(35,'1','2019-11-13 16:11:04'),(36,'{\"m\":\"index\",\"c\":\"Pay\",\"a\":\"alipay_return\",\"transaction_type\":\"2\",\"is_ailpay_notify\":\"2\",\"charset\":\"UTF-8\",\"out_trade_no\":\"20191113157364139145\",\"method\":\"alipay.trade.page.pay.return\",\"total_amount\":\"0.01\",\"sign\":\"YdolZgS7SSjEhj7SDENMMoQPj5BBECX9aiHI\\/+V','2019-11-13 18:36:56'),(37,'{\"order_id\":10,\"order_code\":\"20191113157364139145\",\"users_id\":15,\"order_status\":0,\"payment_method\":0,\"pay_time\":0,\"pay_name\":\"\",\"wechat_pay_type\":\"\",\"pay_details\":null,\"express_order\":\"\",\"express_name\":\"\",\"express_code\":\"\",\"express_time\":0,\"consignee\":\"\",','2019-11-13 18:36:56'),(38,'1','2019-11-13 18:36:56'),(39,'{\"m\":\"index\",\"c\":\"Pay\",\"a\":\"alipay_return\",\"transaction_type\":\"2\",\"is_ailpay_notify\":\"2\",\"charset\":\"UTF-8\",\"out_trade_no\":\"20191113157364711815\",\"method\":\"alipay.trade.page.pay.return\",\"total_amount\":\"0.01\",\"sign\":\"yc7cGmIpU4CgP3YiET7n9DzXVAB4NEdfFoYWU1CS','2019-11-13 20:12:21'),(40,'{\"order_id\":13,\"order_code\":\"20191113157364711815\",\"users_id\":1,\"order_status\":0,\"payment_method\":0,\"pay_time\":0,\"pay_name\":\"\",\"wechat_pay_type\":\"\",\"pay_details\":null,\"express_order\":\"\",\"express_name\":\"\",\"express_code\":\"\",\"express_time\":0,\"consignee\":\"\",\"','2019-11-13 20:12:21'),(41,'1','2019-11-13 20:12:21'),(42,'{\"return_code\":\"FAIL\",\"return_msg\":\"\\u7b7e\\u540d\\u9519\\u8bef\"}','2019-11-13 21:39:16'),(43,'{\"return_code\":\"SUCCESS\",\"return_msg\":\"OK\",\"appid\":\"wx8671e65d39f19fb2\",\"mch_id\":\"1561750481\",\"nonce_str\":\"FTyzu6pFUQ8KI7Ss\",\"sign\":\"476C57067F035BFDDCA540B5CD8F754E\",\"result_code\":\"SUCCESS\",\"prepay_id\":\"wx132141069926408fb87820441268937000\",\"trade_type\":','2019-11-13 21:41:12'),(44,'{\"return_code\":\"SUCCESS\",\"return_msg\":\"OK\",\"appid\":\"wx8671e65d39f19fb2\",\"mch_id\":\"1561750481\",\"nonce_str\":\"4i6lDPBWuy4oOhkt\",\"sign\":\"EC1C1D3869586FD9BF5D37F407B5A243\",\"result_code\":\"SUCCESS\",\"prepay_id\":\"wx141354163811019a65e9ca551389896100\",\"trade_type\":','2019-11-14 13:54:16'),(45,'','1_2019-11-14 14:01:06'),(46,'','2_2019-11-14 14:01:06'),(47,'','3_2019-11-14 14:01:06'),(48,'','1_2019-11-14 14:01:53'),(49,'','2_2019-11-14 14:01:53'),(50,'','3_2019-11-14 14:01:53'),(51,'','1_2019-11-14 14:01:54'),(52,'','2_2019-11-14 14:01:54'),(53,'','3_2019-11-14 14:01:55'),(54,'{\"return_code\":\"SUCCESS\",\"return_msg\":\"OK\",\"appid\":\"wx8671e65d39f19fb2\",\"mch_id\":\"1561750481\",\"nonce_str\":\"hSpxtT3QcWvv4Ktd\",\"sign\":\"22FCDF8E1953F692BBE83C114C7255F7\",\"result_code\":\"SUCCESS\",\"prepay_id\":\"wx14140323941132c6ba68724f1690889200\",\"trade_type\":','20191114140323'),(55,'','1_2019-11-14 14:03:42'),(56,'','2_2019-11-14 14:03:42'),(57,'','3_2019-11-14 14:03:42'),(58,'','4_2019-11-14 14:03:42'),(59,'','1_2019-11-14 14:03:58'),(60,'','2_2019-11-14 14:03:58'),(61,'','3_2019-11-14 14:03:58'),(62,'','4_2019-11-14 14:03:58'),(63,'','1_2019-11-14 14:04:14'),(64,'','2_2019-11-14 14:04:14'),(65,'','3_2019-11-14 14:04:14'),(66,'','4_2019-11-14 14:04:14'),(67,'','1_2019-11-14 14:04:44'),(68,'','2_2019-11-14 14:04:44'),(69,'','3_2019-11-14 14:04:44'),(70,'','4_2019-11-14 14:04:44'),(71,'{\"return_code\":\"SUCCESS\",\"return_msg\":\"OK\",\"appid\":\"wx8671e65d39f19fb2\",\"mch_id\":\"1561750481\",\"nonce_str\":\"0UCfM1qLhrwdPc7x\",\"sign\":\"8CFD5FF5B659394B73E2850A1A326235\",\"result_code\":\"SUCCESS\",\"prepay_id\":\"wx14140637681460368e325c071858112100\",\"trade_type\":','20191114140637'),(72,'','1_2019-11-14 14:06:48'),(73,'','1_2019-11-14 14:06:48'),(74,'','1_2019-11-14 14:06:48'),(75,'','2_2019-11-14 14:06:48'),(76,'','3_2019-11-14 14:06:48'),(77,'','4_2019-11-14 14:06:48'),(78,'','1_2019-11-14 14:07:04'),(79,'','1_2019-11-14 14:07:04'),(80,'','1_2019-11-14 14:07:04'),(81,'','2_2019-11-14 14:07:04'),(82,'','3_2019-11-14 14:07:04'),(83,'','4_2019-11-14 14:07:04'),(84,'','1_2019-11-14 14:07:20'),(85,'','1_2019-11-14 14:07:20'),(86,'','1_2019-11-14 14:07:20'),(87,'','2_2019-11-14 14:07:20'),(88,'','3_2019-11-14 14:07:20'),(89,'','4_2019-11-14 14:07:20'),(90,'','1_2019-11-14 14:07:45'),(91,'','1_2019-11-14 14:07:45'),(92,'','1_2019-11-14 14:07:45'),(93,'','2_2019-11-14 14:07:45'),(94,'','3_2019-11-14 14:07:45'),(95,'','4_2019-11-14 14:07:45'),(96,'','1_2019-11-14 14:07:51'),(97,'','1_2019-11-14 14:07:51'),(98,'','1_2019-11-14 14:07:51'),(99,'','2_2019-11-14 14:07:51'),(100,'','3_2019-11-14 14:07:51'),(101,'','4_2019-11-14 14:07:51'),(102,'{\"return_code\":\"SUCCESS\",\"return_msg\":\"OK\",\"appid\":\"wx8671e65d39f19fb2\",\"mch_id\":\"1561750481\",\"nonce_str\":\"3XlYpQQhVrqFqG6g\",\"sign\":\"D05DE0E3C88583A761A87F006A90F39C\",\"result_code\":\"FAIL\",\"err_code\":\"ORDERPAID\",\"err_code_des\":\"\\u8be5\\u8ba2\\u5355\\u5df2\\u65','20191114140847'),(103,'{\"return_code\":\"SUCCESS\",\"return_msg\":\"OK\",\"appid\":\"wx8671e65d39f19fb2\",\"mch_id\":\"1561750481\",\"nonce_str\":\"YEi8W7yD2VmgGMmL\",\"sign\":\"5224B14B6DE8705A44CF60A9CCEA935D\",\"result_code\":\"FAIL\",\"err_code\":\"ORDERPAID\",\"err_code_des\":\"\\u8be5\\u8ba2\\u5355\\u5df2\\u65','20191114140857'),(104,'{\"return_code\":\"SUCCESS\",\"return_msg\":\"OK\",\"appid\":\"wx8671e65d39f19fb2\",\"mch_id\":\"1561750481\",\"nonce_str\":\"QyirE0aGEWJ9hTNE\",\"sign\":\"64CB0088C88A0505B1066CA13EC53F4A\",\"result_code\":\"SUCCESS\",\"prepay_id\":\"wx141409110794944599606e611011850400\",\"trade_type\":','20191114140910'),(105,'','1_2019-11-14 14:10:26'),(106,'','1_2019-11-14 14:10:26'),(107,'','1_2019-11-14 14:10:26'),(108,'','2_2019-11-14 14:10:26'),(109,'','3_2019-11-14 14:10:26'),(110,'','4_2019-11-14 14:10:26'),(111,'','1_2019-11-14 14:10:51'),(112,'','1_2019-11-14 14:10:51'),(113,'','1_2019-11-14 14:10:51'),(114,'','2_2019-11-14 14:10:51'),(115,'','3_2019-11-14 14:10:51'),(116,'','4_2019-11-14 14:10:51'),(117,'{\"return_code\":\"SUCCESS\",\"return_msg\":\"OK\",\"appid\":\"wx8671e65d39f19fb2\",\"mch_id\":\"1561750481\",\"nonce_str\":\"u9MUp7PzuK1UiXHW\",\"sign\":\"50256414C00552510A863805E98CAC5A\",\"result_code\":\"SUCCESS\",\"prepay_id\":\"wx14141738666036c8e8329e711953622400\",\"trade_type\":','20191114141738'),(118,'','1_2019-11-14 14:17:45'),(119,'','1_2019-11-14 14:17:45'),(120,'','1_2019-11-14 14:17:45'),(121,'','2_2019-11-14 14:17:46'),(122,'','3_2019-11-14 14:17:46'),(123,'','3.5_2019-11-14 14:17:46'),(124,'','4_2019-11-14 14:17:46'),(125,'','1_2019-11-14 14:17:48'),(126,'','1_2019-11-14 14:17:48'),(127,'','1_2019-11-14 14:17:48'),(128,'','2_2019-11-14 14:17:48'),(129,'','3_2019-11-14 14:17:48'),(130,'','3.5_2019-11-14 14:17:48'),(131,'','4_2019-11-14 14:17:48'),(132,'','1_2019-11-14 14:18:04'),(133,'','1_2019-11-14 14:18:04'),(134,'','1_2019-11-14 14:18:04'),(135,'','2_2019-11-14 14:18:04'),(136,'','3_2019-11-14 14:18:04'),(137,'','3.5_2019-11-14 14:18:04'),(138,'','4_2019-11-14 14:18:04'),(139,'','1_2019-11-14 14:18:20'),(140,'','1_2019-11-14 14:18:20'),(141,'','1_2019-11-14 14:18:20'),(142,'','2_2019-11-14 14:18:20'),(143,'','3_2019-11-14 14:18:20'),(144,'','3.5_2019-11-14 14:18:20'),(145,'','4_2019-11-14 14:18:20'),(146,'','1_2019-11-14 14:18:50'),(147,'','1_2019-11-14 14:18:50'),(148,'','1_2019-11-14 14:18:50'),(149,'','2_2019-11-14 14:18:50'),(150,'','3_2019-11-14 14:18:50'),(151,'','3.5_2019-11-14 14:18:50'),(152,'','4_2019-11-14 14:18:50'),(153,'','1_2019-11-14 14:20:53'),(154,'','1_2019-11-14 14:20:53'),(155,'','1_2019-11-14 14:20:53'),(156,'','2_2019-11-14 14:20:53'),(157,'','3_2019-11-14 14:20:53'),(158,'','3.5_2019-11-14 14:20:53'),(159,'','4_2019-11-14 14:20:53'),(160,'','1_2019-11-14 14:21:25'),(161,'','1_2019-11-14 14:21:25'),(162,'','1_2019-11-14 14:21:25'),(163,'','2_2019-11-14 14:21:25'),(164,'','3_2019-11-14 14:21:25'),(165,'','1_2019-11-14 14:21:52'),(166,'','1_2019-11-14 14:21:52'),(167,'','1_2019-11-14 14:21:52'),(168,'','2_2019-11-14 14:21:52'),(169,'','1_2019-11-14 14:21:54'),(170,'','1_2019-11-14 14:21:54'),(171,'','1_2019-11-14 14:21:54'),(172,'','2_2019-11-14 14:21:54'),(173,'','1_2019-11-14 14:21:56'),(174,'','1_2019-11-14 14:21:56'),(175,'','1_2019-11-14 14:21:56'),(176,'','2_2019-11-14 14:21:56'),(177,'','1_2019-11-14 14:21:57'),(178,'','1_2019-11-14 14:21:57'),(179,'','1_2019-11-14 14:21:57'),(180,'','2_2019-11-14 14:21:57'),(181,'','1_2019-11-14 14:22:12'),(182,'','1_2019-11-14 14:22:12'),(183,'','1_2019-11-14 14:22:12'),(184,'','2_2019-11-14 14:22:12'),(185,'','1_2019-11-14 14:22:29'),(186,'','1_2019-11-14 14:22:30'),(187,'','1_2019-11-14 14:22:30'),(188,'','2_2019-11-14 14:22:30'),(189,'','3_2019-11-14 14:22:30'),(190,'{\"return_code\":\"SUCCESS\",\"return_msg\":\"OK\",\"appid\":\"wx8671e65d39f19fb2\",\"mch_id\":\"1561750481\",\"nonce_str\":\"aluwHE4MTfb7AD03\",\"sign\":\"512C27FBEBC9CCBFD8464453C6548DEE\",\"result_code\":\"SUCCESS\",\"prepay_id\":\"wx14142528434247312f3e6c6a1730375700\",\"trade_type\":','20191114142528'),(191,'','1_2019-11-14 14:25:40'),(192,'{\"appid\":\"wx8671e65d39f19fb2\",\"attach\":\"\\u5fae\\u4fe1\\u626b\\u7801\\u652f\\u4ed8\",\"bank_type\":\"CFT\",\"cash_fee\":\"1\",\"fee_type\":\"CNY\",\"is_subscribe\":\"N\",\"mch_id\":\"1561750481\",\"nonce_str\":\"1573712727\",\"openid\":\"oVnhC1mdokayq55MfpkFSfNbw8b0\",\"out_trade_no\":\"20191','1_2019-11-14 14:25:40'),(193,'{\"app_id\":\"wx8671e65d39f19fb2\",\"mch_id\":\"1561750481\",\"key\":\"Detxgtcdplc123456Detxgtcdplc1234\"}','2_2019-11-14 14:25:40'),(194,'\"BD90F8AE6E4D0EC72CB4B7F5E3AC7C65_BD90F8AE6E4D0EC72CB4B7F5E3AC7C65\"','3_2019-11-14 14:25:40'),(195,'\"SUCCESS\"','3.5_2019-11-14 14:25:40'),(196,'','4_2019-11-14 14:25:40'),(197,'','1_2019-11-14 14:25:56'),(198,'{\"appid\":\"wx8671e65d39f19fb2\",\"attach\":\"\\u5fae\\u4fe1\\u626b\\u7801\\u652f\\u4ed8\",\"bank_type\":\"CFT\",\"cash_fee\":\"1\",\"fee_type\":\"CNY\",\"is_subscribe\":\"N\",\"mch_id\":\"1561750481\",\"nonce_str\":\"1573712727\",\"openid\":\"oVnhC1mdokayq55MfpkFSfNbw8b0\",\"out_trade_no\":\"20191','1_2019-11-14 14:25:56'),(199,'{\"app_id\":\"wx8671e65d39f19fb2\",\"mch_id\":\"1561750481\",\"key\":\"Detxgtcdplc123456Detxgtcdplc1234\"}','2_2019-11-14 14:25:56'),(200,'\"BD90F8AE6E4D0EC72CB4B7F5E3AC7C65_BD90F8AE6E4D0EC72CB4B7F5E3AC7C65\"','3_2019-11-14 14:25:56'),(201,'\"SUCCESS\"','3.5_2019-11-14 14:25:56'),(202,'','4_2019-11-14 14:25:56'),(203,'{\"return_code\":\"FAIL\",\"return_msg\":\"\\u7f3a\\u5c11\\u53c2\\u6570\"}','20191114142611'),(204,'','1_2019-11-14 14:26:12'),(205,'{\"appid\":\"wx8671e65d39f19fb2\",\"attach\":\"\\u5fae\\u4fe1\\u626b\\u7801\\u652f\\u4ed8\",\"bank_type\":\"CFT\",\"cash_fee\":\"1\",\"fee_type\":\"CNY\",\"is_subscribe\":\"N\",\"mch_id\":\"1561750481\",\"nonce_str\":\"1573712727\",\"openid\":\"oVnhC1mdokayq55MfpkFSfNbw8b0\",\"out_trade_no\":\"20191114157371271889\",\"result_code\":\"SUCCESS\",\"return_code\":\"SUCCESS\",\"sign\":\"BD90F8AE6E4D0EC72CB4B7F5E3AC7C65\",\"time_end\":\"20191114142539\",\"total_fee\":\"1\",\"trade_type\":\"NATIVE\",\"transaction_id\":\"4200000455201911149022740321\"}','1_2019-11-14 14:26:12'),(206,'{\"app_id\":\"wx8671e65d39f19fb2\",\"mch_id\":\"1561750481\",\"key\":\"Detxgtcdplc123456Detxgtcdplc1234\"}','2_2019-11-14 14:26:12'),(207,'\"BD90F8AE6E4D0EC72CB4B7F5E3AC7C65_BD90F8AE6E4D0EC72CB4B7F5E3AC7C65\"','3_2019-11-14 14:26:12'),(208,'\"SUCCESS\"','3.5_2019-11-14 14:26:12'),(209,'','4_2019-11-14 14:26:12'),(210,'','1_2019-11-14 14:26:42'),(211,'{\"appid\":\"wx8671e65d39f19fb2\",\"attach\":\"\\u5fae\\u4fe1\\u626b\\u7801\\u652f\\u4ed8\",\"bank_type\":\"CFT\",\"cash_fee\":\"1\",\"fee_type\":\"CNY\",\"is_subscribe\":\"N\",\"mch_id\":\"1561750481\",\"nonce_str\":\"1573712727\",\"openid\":\"oVnhC1mdokayq55MfpkFSfNbw8b0\",\"out_trade_no\":\"20191114157371271889\",\"result_code\":\"SUCCESS\",\"return_code\":\"SUCCESS\",\"sign\":\"BD90F8AE6E4D0EC72CB4B7F5E3AC7C65\",\"time_end\":\"20191114142539\",\"total_fee\":\"1\",\"trade_type\":\"NATIVE\",\"transaction_id\":\"4200000455201911149022740321\"}','1_2019-11-14 14:26:42'),(212,'{\"app_id\":\"wx8671e65d39f19fb2\",\"mch_id\":\"1561750481\",\"key\":\"Detxgtcdplc123456Detxgtcdplc1234\"}','2_2019-11-14 14:26:42'),(213,'\"BD90F8AE6E4D0EC72CB4B7F5E3AC7C65_BD90F8AE6E4D0EC72CB4B7F5E3AC7C65\"','3_2019-11-14 14:26:42'),(214,'\"SUCCESS\"','3.5_2019-11-14 14:26:42'),(215,'','4_2019-11-14 14:26:42'),(216,'','1_2019-11-14 14:29:43'),(217,'{\"appid\":\"wx8671e65d39f19fb2\",\"attach\":\"\\u5fae\\u4fe1\\u626b\\u7801\\u652f\\u4ed8\",\"bank_type\":\"CFT\",\"cash_fee\":\"1\",\"fee_type\":\"CNY\",\"is_subscribe\":\"N\",\"mch_id\":\"1561750481\",\"nonce_str\":\"1573712727\",\"openid\":\"oVnhC1mdokayq55MfpkFSfNbw8b0\",\"out_trade_no\":\"20191114157371271889\",\"result_code\":\"SUCCESS\",\"return_code\":\"SUCCESS\",\"sign\":\"BD90F8AE6E4D0EC72CB4B7F5E3AC7C65\",\"time_end\":\"20191114142539\",\"total_fee\":\"1\",\"trade_type\":\"NATIVE\",\"transaction_id\":\"4200000455201911149022740321\"}','1_2019-11-14 14:29:43'),(218,'{\"app_id\":\"wx8671e65d39f19fb2\",\"mch_id\":\"1561750481\",\"key\":\"Detxgtcdplc123456Detxgtcdplc1234\"}','2_2019-11-14 14:29:43'),(219,'\"BD90F8AE6E4D0EC72CB4B7F5E3AC7C65_BD90F8AE6E4D0EC72CB4B7F5E3AC7C65\"','3_2019-11-14 14:29:43'),(220,'\"SUCCESS\"','3.5_2019-11-14 14:29:43'),(221,'','4_2019-11-14 14:29:43'),(222,'{\"return_code\":\"SUCCESS\",\"return_msg\":\"OK\",\"appid\":\"wx8671e65d39f19fb2\",\"mch_id\":\"1561750481\",\"nonce_str\":\"rHk4OTXuv2KWIJCL\",\"sign\":\"9143D17B3AAD7F6F09C746DDB7E705A8\",\"result_code\":\"SUCCESS\",\"prepay_id\":\"wx14143057214933c917007b651703200500\",\"trade_type\":\"NATIVE\",\"code_url\":\"weixin:\\/\\/wxpay\\/bizpayurl?pr=CzZpLvx\"}','20191114143056'),(223,'','1_2019-11-14 14:31:04'),(224,'{\"appid\":\"wx8671e65d39f19fb2\",\"attach\":\"\\u5fae\\u4fe1\\u626b\\u7801\\u652f\\u4ed8\",\"bank_type\":\"CFT\",\"cash_fee\":\"1\",\"fee_type\":\"CNY\",\"is_subscribe\":\"N\",\"mch_id\":\"1561750481\",\"nonce_str\":\"1573713056\",\"openid\":\"oVnhC1mdokayq55MfpkFSfNbw8b0\",\"out_trade_no\":\"20191114157371305069\",\"result_code\":\"SUCCESS\",\"return_code\":\"SUCCESS\",\"sign\":\"628EF5D12A089DAC749EEABEB4A40786\",\"time_end\":\"20191114143104\",\"total_fee\":\"1\",\"trade_type\":\"NATIVE\",\"transaction_id\":\"4200000469201911141614696052\"}','1_2019-11-14 14:31:04'),(225,'{\"app_id\":\"wx8671e65d39f19fb2\",\"mch_id\":\"1561750481\",\"key\":\"Detxgtcdplc123456Detxgtcdplc1234\"}','2_2019-11-14 14:31:04'),(226,'\"628EF5D12A089DAC749EEABEB4A40786_628EF5D12A089DAC749EEABEB4A40786\"','3_2019-11-14 14:31:04'),(227,'\"SUCCESS\"','3.5_2019-11-14 14:31:04'),(228,'','4_2019-11-14 14:31:04'),(229,'{\"order_id\":29,\"order_code\":\"20191114157371305069\",\"users_id\":1,\"order_status\":0,\"payment_method\":0,\"pay_time\":0,\"pay_name\":\"\",\"wechat_pay_type\":\"\",\"pay_details\":null,\"express_order\":\"\",\"express_name\":\"\",\"express_code\":\"\",\"express_time\":0,\"consignee\":\"\",\"confirm_time\":0,\"shipping_fee\":\"0.00\",\"order_total_amount\":\"0.01\",\"order_amount\":\"0.01\",\"order_total_num\":1,\"country\":0,\"province\":0,\"city\":0,\"district\":0,\"address\":\"\",\"mobile\":\"\",\"prom_type\":1,\"virtual_delivery\":null,\"admin_note\":null,\"user_note\":null,\"lang\":\"cn\",\"add_time\":1573713050,\"update_time\":0}','2019-11-14 14:31:04'),(230,'1','2019-11-14 14:31:04'),(231,'','1_2019-11-14 14:31:53'),(232,'{\"appid\":\"wx8671e65d39f19fb2\",\"attach\":\"\\u5fae\\u4fe1\\u626b\\u7801\\u652f\\u4ed8\",\"bank_type\":\"CFT\",\"cash_fee\":\"1\",\"fee_type\":\"CNY\",\"is_subscribe\":\"N\",\"mch_id\":\"1561750481\",\"nonce_str\":\"1573712257\",\"openid\":\"oVnhC1mdokayq55MfpkFSfNbw8b0\",\"out_trade_no\":\"20191114157371225348\",\"result_code\":\"SUCCESS\",\"return_code\":\"SUCCESS\",\"sign\":\"A5B7CB21A2D2DCE6E519368B31EC1CB1\",\"time_end\":\"20191114141747\",\"total_fee\":\"1\",\"trade_type\":\"NATIVE\",\"transaction_id\":\"4200000458201911147299656104\"}','1_2019-11-14 14:31:53'),(233,'{\"app_id\":\"wx8671e65d39f19fb2\",\"mch_id\":\"1561750481\",\"key\":\"Detxgtcdplc123456Detxgtcdplc1234\"}','2_2019-11-14 14:31:53'),(234,'\"A5B7CB21A2D2DCE6E519368B31EC1CB1_A5B7CB21A2D2DCE6E519368B31EC1CB1\"','3_2019-11-14 14:31:53'),(235,'\"SUCCESS\"','3.5_2019-11-14 14:31:53'),(236,'','4_2019-11-14 14:31:53'),(237,'{\"order_id\":26,\"order_code\":\"20191114157371225348\",\"users_id\":1,\"order_status\":0,\"payment_method\":0,\"pay_time\":0,\"pay_name\":\"\",\"wechat_pay_type\":\"\",\"pay_details\":null,\"express_order\":\"\",\"express_name\":\"\",\"express_code\":\"\",\"express_time\":0,\"consignee\":\"\",\"confirm_time\":0,\"shipping_fee\":\"0.00\",\"order_total_amount\":\"0.01\",\"order_amount\":\"0.01\",\"order_total_num\":1,\"country\":0,\"province\":0,\"city\":0,\"district\":0,\"address\":\"\",\"mobile\":\"\",\"prom_type\":1,\"virtual_delivery\":null,\"admin_note\":null,\"user_note\":null,\"lang\":\"cn\",\"add_time\":1573712253,\"update_time\":0}','2019-11-14 14:31:53'),(238,'1','2019-11-14 14:31:53'),(239,'{\"app_id\":\"wx8671e65d39f19fb2\",\"mch_id\":\"1561750481\",\"key\":\"Detxgtcdplc123456Detxgtcdplc1234\"}','2_2019-11-14 14:36:40'),(240,'{\"app_id\":\"wx8671e65d39f19fb2\",\"mch_id\":\"1561750481\",\"key\":\"Detxgtcdplc123456Detxgtcdplc1234\"}','2_2019-11-14 14:37:40'),(241,'{\"app_id\":\"wx8671e65d39f19fb2\",\"mch_id\":\"1561750481\",\"key\":\"Detxgtcdplc123456Detxgtcdplc1234\"}','2_2019-11-14 14:37:47'),(242,'{\"app_id\":\"wx8671e65d39f19fb2\",\"mch_id\":\"1561750481\",\"key\":\"Detxgtcdplc123456Detxgtcdplc1234\"}','2_2019-11-14 14:39:44'),(243,'{\"app_id\":\"wx8671e65d39f19fb2\",\"mch_id\":\"1561750481\",\"key\":\"Detxgtcdplc123456Detxgtcdplc1234\"}','2_2019-11-14 14:40:54'),(244,'{\"app_id\":\"wx8671e65d39f19fb2\",\"mch_id\":\"1561750481\",\"key\":\"Detxgtcdplc123456Detxgtcdplc1234\"}','2_2019-11-14 14:41:17'),(245,'<xml><return_code><![CDATA[FAIL]]></return_code><return_msg><![CDATA[签名失败]]></return_msg></xml>','end_2019-11-14 14:41:17'),(246,'{\"app_id\":\"wx8671e65d39f19fb2\",\"mch_id\":\"1561750481\",\"key\":\"Detxgtcdplc123456Detxgtcdplc1234\"}','2_2019-11-14 14:44:15'),(247,'<xml><return_code><![CDATA[FAIL]]></return_code><return_msg><![CDATA[签名失败]]></return_msg></xml>','end_2019-11-14 14:44:15'),(248,'{\"app_id\":\"wx8671e65d39f19fb2\",\"mch_id\":\"1561750481\",\"key\":\"Detxgtcdplc123456Detxgtcdplc1234\"}','2_2019-11-14 14:44:19'),(249,'<xml><return_code><![CDATA[FAIL]]></return_code><return_msg><![CDATA[签名失败]]></return_msg></xml>','end_2019-11-14 14:44:19'),(250,'{\"return_code\":\"SUCCESS\",\"return_msg\":\"OK\",\"appid\":\"wx8671e65d39f19fb2\",\"mch_id\":\"1561750481\",\"nonce_str\":\"Z2Y9DG1CrC85bW1c\",\"sign\":\"92023098DBBC65A27D105C429EFCA13F\",\"result_code\":\"SUCCESS\",\"prepay_id\":\"wx14144751647190c6460364ac1000721300\",\"trade_type\":\"NATIVE\",\"code_url\":\"weixin:\\/\\/wxpay\\/bizpayurl?pr=nebkwoC\"}','20191114144751'),(251,'{\"app_id\":\"wx8671e65d39f19fb2\",\"mch_id\":\"1561750481\",\"key\":\"Detxgtcdplc123456Detxgtcdplc1234\"}','2_2019-11-14 14:48:02'),(252,'1','2019-11-14 14:48:02'),(253,'<xml><return_code><![CDATA[SUCCESS]]></return_code><return_msg><![CDATA[OK]]></return_msg></xml>','end_2019-11-14 14:48:02'),(254,'{\"app_id\":\"wx8671e65d39f19fb2\",\"mch_id\":\"1561750481\",\"key\":\"Detxgtcdplc123456Detxgtcdplc1234\"}','2_2019-11-14 14:59:45'),(255,'<xml><return_code><![CDATA[FAIL]]></return_code><return_msg><![CDATA[签名失败]]></return_msg></xml>','end_2019-11-14 14:59:45'),(256,'{\"return_code\":\"SUCCESS\",\"return_msg\":\"OK\",\"appid\":\"wx8671e65d39f19fb2\",\"mch_id\":\"1561750481\",\"nonce_str\":\"vxpWygA3b1lEr7IW\",\"sign\":\"42B1BD3F82EE134D33CB9DA316DF3A15\",\"result_code\":\"FAIL\",\"err_code\":\"ORDERPAID\",\"err_code_des\":\"\\u8be5\\u8ba2\\u5355\\u5df2\\u652f\\u4ed8\"}','20191114150518'),(257,'{\"return_code\":\"SUCCESS\",\"return_msg\":\"OK\",\"appid\":\"wx8671e65d39f19fb2\",\"mch_id\":\"1561750481\",\"nonce_str\":\"P9brBFKig7pTSIiO\",\"sign\":\"C4AD66D2A031BE466ABE600D581FCE54\",\"result_code\":\"SUCCESS\",\"prepay_id\":\"wx14150736088057853d32f0191688891000\",\"trade_type\":\"NATIVE\",\"code_url\":\"weixin:\\/\\/wxpay\\/bizpayurl?pr=OyI6l6P\"}','20191114150735'),(258,'{\"app_id\":\"wx8671e65d39f19fb2\",\"mch_id\":\"1561750481\",\"key\":\"Detxgtcdplc123456Detxgtcdplc1234\"}','2_2019-11-14 15:07:47'),(259,'<xml><return_code><![CDATA[FAIL]]></return_code><return_msg><![CDATA[签名失败]]></return_msg></xml>','end_2019-11-14 15:07:47'),(260,'{\"app_id\":\"wx8671e65d39f19fb2\",\"mch_id\":\"1561750481\",\"key\":\"Detxgtcdplc123456Detxgtcdplc1234\"}','2_2019-11-14 15:07:52'),(261,'1','2019-11-14 15:07:52'),(262,'<xml><return_code><![CDATA[SUCCESS]]></return_code><return_msg><![CDATA[OK]]></return_msg></xml>','end_2019-11-14 15:07:52'),(263,'{\"return_code\":\"SUCCESS\",\"return_msg\":\"OK\",\"appid\":\"wx8671e65d39f19fb2\",\"mch_id\":\"1561750481\",\"nonce_str\":\"GFAfhxqOLxtM0XbZ\",\"sign\":\"ED97E49A9B9509AF770EE7FF9F5FB23F\",\"result_code\":\"FAIL\",\"err_code\":\"ORDERPAID\",\"err_code_des\":\"\\u8be5\\u8ba2\\u5355\\u5df2\\u652f\\u4ed8\"}','20191114151004'),(264,'{\"app_id\":\"wx8671e65d39f19fb2\",\"mch_id\":\"1561750481\",\"key\":\"Detxgtcdplc123456Detxgtcdplc1234\"}','2_2019-11-14 15:10:56'),(265,'<xml><return_code><![CDATA[FAIL]]></return_code><return_msg><![CDATA[签名失败]]></return_msg></xml>','end_2019-11-14 15:10:56'),(266,'{\"app_id\":\"wx8671e65d39f19fb2\",\"mch_id\":\"1561750481\",\"key\":\"Detxgtcdplc123456Detxgtcdplc1234\"}','2_2019-11-14 15:13:31'),(267,'<xml><return_code><![CDATA[FAIL]]></return_code><return_msg><![CDATA[签名失败]]></return_msg></xml>','end_2019-11-14 15:13:31'),(268,'{\"return_code\":\"SUCCESS\",\"return_msg\":\"OK\",\"appid\":\"wx8671e65d39f19fb2\",\"mch_id\":\"1561750481\",\"nonce_str\":\"xmvUsVuLr4N0Kdzk\",\"sign\":\"2C219759CE0339F54D06D9BC254C3346\",\"result_code\":\"SUCCESS\",\"prepay_id\":\"wx141518405261218870f5cb871149224400\",\"trade_type\":\"NATIVE\",\"code_url\":\"weixin:\\/\\/wxpay\\/bizpayurl?pr=3A7VVIH\"}','20191114151840'),(269,'{\"app_id\":\"wx8671e65d39f19fb2\",\"mch_id\":\"1561750481\",\"key\":\"Detxgtcdplc123456Detxgtcdplc1234\"}','2_2019-11-14 15:29:47'),(270,'<xml><return_code><![CDATA[FAIL]]></return_code><return_msg><![CDATA[签名失败]]></return_msg></xml>','end_2019-11-14 15:29:47'),(271,'{\"return_code\":\"SUCCESS\",\"return_msg\":\"OK\",\"appid\":\"wx8671e65d39f19fb2\",\"mch_id\":\"1561750481\",\"nonce_str\":\"O8De8eFpIKE4IaEW\",\"sign\":\"D561EAE39553D1DD4AB9F8E5DC5090CF\",\"result_code\":\"SUCCESS\",\"prepay_id\":\"wx141531523588059ce186d0c51601838800\",\"trade_type\":\"NATIVE\",\"code_url\":\"weixin:\\/\\/wxpay\\/bizpayurl?pr=J6FHV0m\"}','20191114153152'),(272,'{\"app_id\":\"wx8671e65d39f19fb2\",\"mch_id\":\"1561750481\",\"key\":\"Detxgtcdplc123456Detxgtcdplc1234\"}','2_2019-11-14 15:37:49'),(273,'<xml><return_code><![CDATA[FAIL]]></return_code><return_msg><![CDATA[签名失败]]></return_msg></xml>','end_2019-11-14 15:37:49'),(274,'{\"return_code\":\"SUCCESS\",\"return_msg\":\"OK\",\"appid\":\"wx8671e65d39f19fb2\",\"mch_id\":\"1561750481\",\"nonce_str\":\"Ta42hASDta3lfGBH\",\"sign\":\"5C80C6C8B87D2FE874A9998B394D65A0\",\"result_code\":\"SUCCESS\",\"prepay_id\":\"wx14153937779516ec9c3b56201660308400\",\"trade_type\":\"NATIVE\",\"code_url\":\"weixin:\\/\\/wxpay\\/bizpayurl?pr=vBZd7aj\"}','20191114153937'),(275,'{\"app_id\":\"wx8671e65d39f19fb2\",\"mch_id\":\"1561750481\",\"key\":\"Detxgtcdplc123456Detxgtcdplc1234\"}','2_2019-11-14 15:39:49'),(276,'<xml><return_code><![CDATA[FAIL]]></return_code><return_msg><![CDATA[签名失败]]></return_msg></xml>','end_2019-11-14 15:39:49'),(277,'{\"app_id\":\"wx8671e65d39f19fb2\",\"mch_id\":\"1561750481\",\"key\":\"Detxgtcdplc123456Detxgtcdplc1234\"}','2_2019-11-14 15:40:04'),(278,'<xml><return_code><![CDATA[FAIL]]></return_code><return_msg><![CDATA[签名失败]]></return_msg></xml>','end_2019-11-14 15:40:04'),(279,'{\"app_id\":\"wx8671e65d39f19fb2\",\"mch_id\":\"1561750481\",\"key\":\"Detxgtcdplc123456Detxgtcdplc1234\"}','2_2019-11-14 15:40:20'),(280,'<xml><return_code><![CDATA[FAIL]]></return_code><return_msg><![CDATA[签名失败]]></return_msg></xml>','end_2019-11-14 15:40:20'),(281,'{\"app_id\":\"wx8671e65d39f19fb2\",\"mch_id\":\"1561750481\",\"key\":\"Detxgtcdplc123456Detxgtcdplc1234\"}','2_2019-11-14 15:40:51'),(282,'<xml><return_code><![CDATA[SUCCESS]]></return_code><return_msg><![CDATA[OK]]></return_msg></xml>','end_2019-11-14 15:40:51'),(283,'{\"app_id\":\"wx8671e65d39f19fb2\",\"mch_id\":\"1561750481\",\"key\":\"Detxgtcdplc123456Detxgtcdplc1234\"}','2_2019-11-14 15:40:57'),(284,'<xml><return_code><![CDATA[FAIL]]></return_code><return_msg><![CDATA[签名失败]]></return_msg></xml>','end_2019-11-14 15:40:57'),(285,'{\"app_id\":\"wx8671e65d39f19fb2\",\"mch_id\":\"1561750481\",\"key\":\"Detxgtcdplc123456Detxgtcdplc1234\"}','2_2019-11-14 15:43:32'),(286,'<xml><return_code><![CDATA[FAIL]]></return_code><return_msg><![CDATA[签名失败]]></return_msg></xml>','end_2019-11-14 15:43:32'),(287,'{\"return_code\":\"SUCCESS\",\"return_msg\":\"OK\",\"appid\":\"wx8671e65d39f19fb2\",\"mch_id\":\"1561750481\",\"nonce_str\":\"QNxmXyqf1eFoHV6n\",\"sign\":\"A581F522B08641C7466BD9A58268EBB9\",\"result_code\":\"SUCCESS\",\"prepay_id\":\"wx1415544203415942f18bde441883419500\",\"trade_type\":\"NATIVE\",\"code_url\":\"weixin:\\/\\/wxpay\\/bizpayurl?pr=1ufrASt\"}','20191114155441'),(288,'{\"app_id\":\"wx8671e65d39f19fb2\",\"mch_id\":\"1561750481\",\"key\":\"Detxgtcdplc123456Detxgtcdplc1234\"}','2_2019-11-14 15:54:58'),(289,'1','2019-11-14 15:54:58'),(290,'<xml><return_code><![CDATA[SUCCESS]]></return_code><return_msg><![CDATA[OK]]></return_msg></xml>','end_2019-11-14 15:54:58'),(291,'{\"app_id\":\"wx8671e65d39f19fb2\",\"mch_id\":\"1561750481\",\"key\":\"Detxgtcdplc123456Detxgtcdplc1234\"}','2_2019-11-14 15:59:48'),(292,'<xml><return_code><![CDATA[FAIL]]></return_code><return_msg><![CDATA[签名失败]]></return_msg></xml>','end_2019-11-14 15:59:48'),(293,'{\"return_code\":\"SUCCESS\",\"return_msg\":\"OK\",\"appid\":\"wx8671e65d39f19fb2\",\"mch_id\":\"1561750481\",\"nonce_str\":\"4f4W6JmFmi64FJAl\",\"sign\":\"365A28E6E6D91E0D1D7C4F4EB6B1C4CC\",\"result_code\":\"SUCCESS\",\"prepay_id\":\"wx14162518185818d2765869101915892300\",\"trade_type\":\"NATIVE\",\"code_url\":\"weixin:\\/\\/wxpay\\/bizpayurl?pr=gdiI2aw\"}','20191114162517'),(294,'{\"app_id\":\"wx8671e65d39f19fb2\",\"mch_id\":\"1561750481\",\"key\":\"Detxgtcdplc123456Detxgtcdplc1234\"}','2_2019-11-14 16:25:26'),(295,'1','2019-11-14 16:25:26'),(296,'{\"app_id\":\"wx8671e65d39f19fb2\",\"mch_id\":\"1561750481\",\"key\":\"Detxgtcdplc123456Detxgtcdplc1234\"}','2_2019-11-14 16:37:50'),(297,'{\"app_id\":\"wx8671e65d39f19fb2\",\"mch_id\":\"1561750481\",\"key\":\"Detxgtcdplc123456Detxgtcdplc1234\"}','2_2019-11-14 16:40:58'),(298,'{\"app_id\":\"wx8671e65d39f19fb2\",\"mch_id\":\"1561750481\",\"key\":\"Detxgtcdplc123456Detxgtcdplc1234\"}','2_2019-11-14 16:43:34'),(299,'{\"app_id\":\"wx8671e65d39f19fb2\",\"mch_id\":\"1561750481\",\"key\":\"Detxgtcdplc123456Detxgtcdplc1234\"}','2_2019-11-14 16:59:49'),(300,'{\"return_code\":\"SUCCESS\",\"return_msg\":\"OK\",\"appid\":\"wx8671e65d39f19fb2\",\"mch_id\":\"1561750481\",\"nonce_str\":\"QBGpxn1gLah65rV4\",\"sign\":\"558554CAA5D770F5B76F7B9977DEA0AC\",\"result_code\":\"SUCCESS\",\"prepay_id\":\"wx14172639702507e4fe4c8c101938492000\",\"trade_type\":\"NATIVE\",\"code_url\":\"weixin:\\/\\/wxpay\\/bizpayurl?pr=UdIzCeV\"}','20191114172639'),(301,'{\"app_id\":\"wx8671e65d39f19fb2\",\"mch_id\":\"1561750481\",\"key\":\"Detxgtcdplc123456Detxgtcdplc1234\"}','2_2019-11-14 17:26:51'),(302,'1','2019-11-14 17:26:51'),(303,'{\"app_id\":\"wx8671e65d39f19fb2\",\"mch_id\":\"1561750481\",\"key\":\"Detxgtcdplc123456Detxgtcdplc1234\"}','2_2019-11-14 19:37:51'),(304,'{\"app_id\":\"wx8671e65d39f19fb2\",\"mch_id\":\"1561750481\",\"key\":\"Detxgtcdplc123456Detxgtcdplc1234\"}','2_2019-11-14 19:40:59'),(305,'{\"app_id\":\"wx8671e65d39f19fb2\",\"mch_id\":\"1561750481\",\"key\":\"Detxgtcdplc123456Detxgtcdplc1234\"}','2_2019-11-14 19:43:34'),(306,'{\"app_id\":\"wx8671e65d39f19fb2\",\"mch_id\":\"1561750481\",\"key\":\"Detxgtcdplc123456Detxgtcdplc1234\"}','2_2019-11-14 19:59:49'),(307,'{\"app_id\":\"wx8671e65d39f19fb2\",\"mch_id\":\"1561750481\",\"key\":\"Detxgtcdplc123456Detxgtcdplc1234\"}','2_2019-11-14 22:37:52'),(308,'{\"app_id\":\"wx8671e65d39f19fb2\",\"mch_id\":\"1561750481\",\"key\":\"Detxgtcdplc123456Detxgtcdplc1234\"}','2_2019-11-14 22:41:00'),(309,'{\"app_id\":\"wx8671e65d39f19fb2\",\"mch_id\":\"1561750481\",\"key\":\"Detxgtcdplc123456Detxgtcdplc1234\"}','2_2019-11-14 22:43:36'),(310,'{\"app_id\":\"wx8671e65d39f19fb2\",\"mch_id\":\"1561750481\",\"key\":\"Detxgtcdplc123456Detxgtcdplc1234\"}','2_2019-11-14 22:59:50'),(311,'{\"app_id\":\"wx8671e65d39f19fb2\",\"mch_id\":\"1561750481\",\"key\":\"Detxgtcdplc123456Detxgtcdplc1234\"}','2_2019-11-15 00:08:20'),(312,'{\"app_id\":\"wx8671e65d39f19fb2\",\"mch_id\":\"1561750481\",\"key\":\"Detxgtcdplc123456Detxgtcdplc1234\"}','2_2019-11-15 00:08:22'),(313,'{\"app_id\":\"wx8671e65d39f19fb2\",\"mch_id\":\"1561750481\",\"key\":\"Detxgtcdplc123456Detxgtcdplc1234\"}','2_2019-11-15 01:37:53'),(314,'{\"app_id\":\"wx8671e65d39f19fb2\",\"mch_id\":\"1561750481\",\"key\":\"Detxgtcdplc123456Detxgtcdplc1234\"}','2_2019-11-15 01:41:01'),(315,'{\"app_id\":\"wx8671e65d39f19fb2\",\"mch_id\":\"1561750481\",\"key\":\"Detxgtcdplc123456Detxgtcdplc1234\"}','2_2019-11-15 01:43:37'),(316,'{\"app_id\":\"wx8671e65d39f19fb2\",\"mch_id\":\"1561750481\",\"key\":\"Detxgtcdplc123456Detxgtcdplc1234\"}','2_2019-11-15 01:59:51'),(317,'{\"app_id\":\"wx8671e65d39f19fb2\",\"mch_id\":\"1561750481\",\"key\":\"Detxgtcdplc123456Detxgtcdplc1234\"}','2_2019-11-15 07:37:55'),(318,'{\"app_id\":\"wx8671e65d39f19fb2\",\"mch_id\":\"1561750481\",\"key\":\"Detxgtcdplc123456Detxgtcdplc1234\"}','2_2019-11-15 07:41:02'),(319,'{\"app_id\":\"wx8671e65d39f19fb2\",\"mch_id\":\"1561750481\",\"key\":\"Detxgtcdplc123456Detxgtcdplc1234\"}','2_2019-11-15 07:43:38'),(320,'{\"app_id\":\"wx8671e65d39f19fb2\",\"mch_id\":\"1561750481\",\"key\":\"Detxgtcdplc123456Detxgtcdplc1234\"}','2_2019-11-15 07:59:53'),(321,'{\"app_id\":\"wx8671e65d39f19fb2\",\"mch_id\":\"1561750481\",\"key\":\"Detxgtcdplc123456Detxgtcdplc1234\"}','2_2019-11-15 13:37:55'),(322,'{\"app_id\":\"wx8671e65d39f19fb2\",\"mch_id\":\"1561750481\",\"key\":\"Detxgtcdplc123456Detxgtcdplc1234\"}','2_2019-11-15 13:41:04'),(323,'{\"app_id\":\"wx8671e65d39f19fb2\",\"mch_id\":\"1561750481\",\"key\":\"Detxgtcdplc123456Detxgtcdplc1234\"}','2_2019-11-15 13:43:39'),(324,'{\"app_id\":\"wx8671e65d39f19fb2\",\"mch_id\":\"1561750481\",\"key\":\"Detxgtcdplc123456Detxgtcdplc1234\"}','2_2019-11-15 13:59:54'),(325,'{\"return_code\":\"SUCCESS\",\"return_msg\":\"OK\",\"appid\":\"wx8671e65d39f19fb2\",\"mch_id\":\"1561750481\",\"nonce_str\":\"Mbgc0kVg3gWw3j6Y\",\"sign\":\"9A19C55AC3A9B8E28156B95B34F95E3F\",\"result_code\":\"SUCCESS\",\"prepay_id\":\"wx1911414935852026628f09521416951700\",\"trade_type\":\"NATIVE\",\"code_url\":\"weixin:\\/\\/wxpay\\/bizpayurl?pr=bibaG36\"}','20191119114148'),(326,'{\"return_code\":\"SUCCESS\",\"return_msg\":\"OK\",\"appid\":\"wx8671e65d39f19fb2\",\"mch_id\":\"1561750481\",\"nonce_str\":\"1X2njz5Z7FHYQCP0\",\"sign\":\"789FEAEFD88D69E0D0B2DFF03DB64201\",\"result_code\":\"SUCCESS\",\"prepay_id\":\"wx191622232695743e56a2b8bc1756665300\",\"trade_type\":\"NATIVE\",\"code_url\":\"weixin:\\/\\/wxpay\\/bizpayurl?pr=ImWS6lj\"}','20191119162222'),(327,'{\"app_id\":\"wx8671e65d39f19fb2\",\"mch_id\":\"1561750481\",\"key\":\"Detxgtcdplc123456Detxgtcdplc1234\"}','2_2019-11-19 16:22:35'),(328,'{\"return_code\":\"FAIL\",\"return_msg\":\"invalid total_fee\"}','20191119162321'),(329,'{\"return_code\":\"SUCCESS\",\"return_msg\":\"OK\",\"appid\":\"wx8671e65d39f19fb2\",\"mch_id\":\"1561750481\",\"nonce_str\":\"nZd3rXV82KaipbUQ\",\"sign\":\"1FE9A7DF5E9DF84627694387559F0DE4\",\"result_code\":\"SUCCESS\",\"prepay_id\":\"wx192230327678331a283ee06e1488900000\",\"trade_type\":\"NATIVE\",\"code_url\":\"weixin:\\/\\/wxpay\\/bizpayurl?pr=Vb8gXnn\"}','20191119223032'),(330,'{\"return_code\":\"SUCCESS\",\"return_msg\":\"OK\",\"appid\":\"wx8671e65d39f19fb2\",\"mch_id\":\"1561750481\",\"nonce_str\":\"uCw7kl8T7M43s4s0\",\"sign\":\"5788A9354A6627B5D9CD3E63236FE6A7\",\"result_code\":\"SUCCESS\",\"prepay_id\":\"wx241805242244354148bdc9e41078750700\",\"trade_type\":\"NATIVE\",\"code_url\":\"weixin:\\/\\/wxpay\\/bizpayurl?pr=apickQA\"}','20191124180524'),(331,'{\"return_code\":\"SUCCESS\",\"return_msg\":\"OK\",\"appid\":\"wx8671e65d39f19fb2\",\"mch_id\":\"1561750481\",\"nonce_str\":\"OdyePbuTIa6gZqp5\",\"sign\":\"7A1B5337177E9256A245820EF66462FF\",\"result_code\":\"SUCCESS\",\"prepay_id\":\"wx241819515460481608ff805f1250922700\",\"trade_type\":\"NATIVE\",\"code_url\":\"weixin:\\/\\/wxpay\\/bizpayurl?pr=lnKTsxq\"}','20191124181951'),(332,'{\"app_id\":\"wx8671e65d39f19fb2\",\"mch_id\":\"1561750481\",\"key\":\"Detxgtcdplc123456Detxgtcdplc1234\"}','2_2019-11-24 18:20:03'),(333,'{\"m\":\"index\",\"c\":\"Pay\",\"a\":\"alipay_return\",\"transaction_type\":\"2\",\"is_ailpay_notify\":\"2\",\"charset\":\"UTF-8\",\"out_trade_no\":\"20191126157473168279\",\"method\":\"alipay.trade.wap.pay.return\",\"total_amount\":\"0.01\",\"sign\":\"WluFTtz7V2IFyVhZSWxoaOuoJMH97SptotXoMaKp2CJd\\/6mv28auqlugn9pwtsjQeh1+NaAUIE2XdCsg95EgPssyLLzkWr00R4UpHbFg3P6qnXiyMVq1sKeT0sg1CjP0QyeKlVeVVpP\\/Vc\\/Xnfw6OxpQ15YuVR1hK6LyJ\\/h8LnqwitwN2DSN\\/PPxJLkHzctAy0gQ+uQfYDq7nq9SDD\\/lbCd2Ms2k0iq3qLOCRw7nnmE78jetRWRJyxmvo+oyezvs+g9MXKE19jCgMRLqBc7YDhOiYYrQjb+ZvFxk++wXrj5xe9R6bZFun\\/jbk\\/UpWhmhUdCngNk5EV+jqObO1LVtSQ==\",\"trade_no\":\"2019112622001473251419615055\",\"auth_app_id\":\"2019111269055890\",\"version\":\"1.0\",\"app_id\":\"2019111269055890\",\"sign_type\":\"RSA2\",\"seller_id\":\"2088631760353972\",\"timestamp\":\"2019-11-26 09:49:40\"}','2019-11-26 09:49:42'),(334,'{\"order_id\":68,\"order_code\":\"20191126157473168279\",\"users_id\":27,\"order_status\":0,\"payment_method\":0,\"pay_time\":0,\"pay_name\":\"\",\"wechat_pay_type\":\"\",\"pay_details\":null,\"express_order\":\"\",\"express_name\":\"\",\"express_code\":\"\",\"express_time\":0,\"consignee\":\"\",\"confirm_time\":0,\"shipping_fee\":\"0.00\",\"order_total_amount\":\"0.01\",\"order_amount\":\"0.01\",\"order_total_num\":1,\"country\":0,\"province\":0,\"city\":0,\"district\":0,\"address\":\"\",\"mobile\":\"\",\"prom_type\":1,\"virtual_delivery\":null,\"admin_note\":null,\"user_note\":null,\"lang\":\"cn\",\"add_time\":1574731682,\"update_time\":0}','2019-11-26 09:49:42'),(335,'1','2019-11-26 09:49:42'),(336,'{\"return_code\":\"FAIL\",\"return_msg\":\"\\u5546\\u6237\\u53f7\\u8be5\\u4ea7\\u54c1\\u6743\\u9650\\u9884\\u5f00\\u901a\\u4e2d\\uff0c\\u8bf7\\u7b49\\u5f85\\u4ea7\\u54c1\\u5f00\\u901a\\u540e\\u91cd\\u8bd5\"}','20191128134012'),(337,'{\"return_code\":\"SUCCESS\",\"return_msg\":\"OK\",\"appid\":\"wx8671e65d39f19fb2\",\"mch_id\":\"1561750481\",\"nonce_str\":\"fkf1LuyETgmU6riD\",\"sign\":\"150E47A02719FF9AD63BDC931AA742CF\",\"result_code\":\"SUCCESS\",\"prepay_id\":\"wx30215235689184c6f215c6971647485800\",\"trade_type\":\"NATIVE\",\"code_url\":\"weixin:\\/\\/wxpay\\/bizpayurl?pr=TLfbIfH\"}','20191130215234'),(338,'{\"app_id\":\"wx8671e65d39f19fb2\",\"mch_id\":\"1561750481\",\"key\":\"Detxgtcdplc123456Detxgtcdplc1234\"}','2_2019-11-30 21:53:09'),(339,'{\"app_id\":\"wx8671e65d39f19fb2\",\"mch_id\":\"1561750481\",\"key\":\"Detxgtcdplc123456Detxgtcdplc1234\"}','2_2019-11-30 21:53:24'),(340,'{\"app_id\":\"wx8671e65d39f19fb2\",\"mch_id\":\"1561750481\",\"key\":\"Detxgtcdplc123456Detxgtcdplc1234\"}','2_2019-11-30 21:53:39'),(341,'{\"app_id\":\"wx8671e65d39f19fb2\",\"mch_id\":\"1561750481\",\"key\":\"Detxgtcdplc123456Detxgtcdplc1234\"}','2_2019-11-30 21:54:10'),(342,'{\"return_code\":\"SUCCESS\",\"return_msg\":\"OK\",\"appid\":\"wx8671e65d39f19fb2\",\"mch_id\":\"1561750481\",\"nonce_str\":\"Wj9D5gRtvHIyt1C0\",\"sign\":\"5418E553096DC49750C778EA2BE0F2F5\",\"result_code\":\"SUCCESS\",\"prepay_id\":\"wx302154540604604e1eeac2b91889949200\",\"trade_type\":\"NATIVE\",\"code_url\":\"weixin:\\/\\/wxpay\\/bizpayurl?pr=tRJc0nI\"}','20191130215453'),(343,'{\"app_id\":\"wx8671e65d39f19fb2\",\"mch_id\":\"1561750481\",\"key\":\"Detxgtcdplc123456Detxgtcdplc1234\"}','2_2019-11-30 21:57:11'),(344,'{\"return_code\":\"SUCCESS\",\"return_msg\":\"OK\",\"appid\":\"wx8671e65d39f19fb2\",\"mch_id\":\"1561750481\",\"nonce_str\":\"XdZg55kwI5qjqCoJ\",\"sign\":\"C3C5F6F44A47382601418F1C4B1E9919\",\"result_code\":\"SUCCESS\",\"prepay_id\":\"wx30215951234274d5afe4e9981357840000\",\"trade_type\":\"NATIVE\",\"code_url\":\"weixin:\\/\\/wxpay\\/bizpayurl?pr=mWxLvWl\"}','20191130215950'),(345,'{\"app_id\":\"wx8671e65d39f19fb2\",\"mch_id\":\"1561750481\",\"key\":\"Detxgtcdplc123456Detxgtcdplc1234\"}','2_2019-11-30 22:07:11'),(346,'{\"app_id\":\"wx8671e65d39f19fb2\",\"mch_id\":\"1561750481\",\"key\":\"Detxgtcdplc123456Detxgtcdplc1234\"}','2_2019-11-30 22:27:12'),(347,'{\"app_id\":\"wx8671e65d39f19fb2\",\"mch_id\":\"1561750481\",\"key\":\"Detxgtcdplc123456Detxgtcdplc1234\"}','2_2019-11-30 22:57:12'),(348,'{\"app_id\":\"wx8671e65d39f19fb2\",\"mch_id\":\"1561750481\",\"key\":\"Detxgtcdplc123456Detxgtcdplc1234\"}','2_2019-11-30 23:27:13'),(349,'{\"app_id\":\"wx8671e65d39f19fb2\",\"mch_id\":\"1561750481\",\"key\":\"Detxgtcdplc123456Detxgtcdplc1234\"}','2_2019-12-01 00:27:14'),(350,'{\"app_id\":\"wx8671e65d39f19fb2\",\"mch_id\":\"1561750481\",\"key\":\"Detxgtcdplc123456Detxgtcdplc1234\"}','2_2019-12-01 03:27:15'),(351,'{\"app_id\":\"wx8671e65d39f19fb2\",\"mch_id\":\"1561750481\",\"key\":\"Detxgtcdplc123456Detxgtcdplc1234\"}','2_2019-12-01 06:27:16'),(352,'{\"app_id\":\"wx8671e65d39f19fb2\",\"mch_id\":\"1561750481\",\"key\":\"Detxgtcdplc123456Detxgtcdplc1234\"}','2_2019-12-01 09:27:17'),(353,'{\"return_code\":\"SUCCESS\",\"return_msg\":\"OK\",\"appid\":\"wx8671e65d39f19fb2\",\"mch_id\":\"1561750481\",\"nonce_str\":\"kiqfR6iB7CJ1FcI2\",\"sign\":\"90AA47671A7BF0AACA7F6FFBBAB09838\",\"result_code\":\"SUCCESS\",\"prepay_id\":\"wx01135543013861461caac51f1301951500\",\"trade_type\":\"NATIVE\",\"code_url\":\"weixin:\\/\\/wxpay\\/bizpayurl?pr=Y04qJLN\"}','20191201135541'),(354,'{\"app_id\":\"wx8671e65d39f19fb2\",\"mch_id\":\"1561750481\",\"key\":\"Detxgtcdplc123456Detxgtcdplc1234\"}','2_2019-12-01 13:55:49'),(355,'{\"app_id\":\"wx8671e65d39f19fb2\",\"mch_id\":\"1561750481\",\"key\":\"Detxgtcdplc123456Detxgtcdplc1234\"}','2_2019-12-01 13:56:05'),(356,'{\"app_id\":\"wx8671e65d39f19fb2\",\"mch_id\":\"1561750481\",\"key\":\"Detxgtcdplc123456Detxgtcdplc1234\"}','2_2019-12-01 13:56:21'),(357,'{\"app_id\":\"wx8671e65d39f19fb2\",\"mch_id\":\"1561750481\",\"key\":\"Detxgtcdplc123456Detxgtcdplc1234\"}','2_2019-12-01 13:56:52'),(358,'{\"app_id\":\"wx8671e65d39f19fb2\",\"mch_id\":\"1561750481\",\"key\":\"Detxgtcdplc123456Detxgtcdplc1234\"}','2_2019-12-01 13:59:52'),(359,'{\"appid\":\"wx8671e65d39f19fb2\",\"attach\":\"\\u5fae\\u4fe1\\u626b\\u7801\\u652f\\u4ed8_1\",\"bank_type\":\"CFT\",\"cash_fee\":\"1\",\"fee_type\":\"CNY\",\"is_subscribe\":\"N\",\"mch_id\":\"1561750481\",\"nonce_str\":\"1575179740\",\"openid\":\"oVnhC1mdokayq55MfpkFSfNbw8b0\",\"out_trade_no\":\"201912011355371575179737847\",\"result_code\":\"SUCCESS\",\"return_code\":\"SUCCESS\",\"time_end\":\"20191201135549\",\"total_fee\":\"1\",\"trade_type\":\"NATIVE\",\"transaction_id\":\"4200000459201912013009919667\"}','2.5_2019-12-01 13:59:52'),(360,'\"SUCCESS\"','3.5_2019-12-01 13:59:52'),(361,'{\"return_code\":\"SUCCESS\",\"return_msg\":\"OK\",\"appid\":\"wx8671e65d39f19fb2\",\"mch_id\":\"1561750481\",\"nonce_str\":\"ZqmuMNy9lC1paNGP\",\"sign\":\"35B3A6CAFF8917DED7EC905576A8B4A6\",\"result_code\":\"SUCCESS\",\"prepay_id\":\"wx01140521825213dbbf58ced01741201000\",\"trade_type\":\"NATIVE\",\"code_url\":\"weixin:\\/\\/wxpay\\/bizpayurl?pr=NEJipP2\"}','20191201140520'),(362,'{\"app_id\":\"wx8671e65d39f19fb2\",\"mch_id\":\"1561750481\",\"key\":\"Detxgtcdplc123456Detxgtcdplc1234\"}','2_2019-12-01 14:05:29'),(363,'\"SUCCESS\"','3.5_2019-12-01 14:05:29'),(364,'{\"users_db\":{},\"users_money_db\":{},\"shop_order_db\":{},\"shop_order_details_db\":{},\"users_type_manage_db\":{}}','3.6_2019-12-01 14:05:29'),(365,'{\"app_id\":\"wx8671e65d39f19fb2\",\"mch_id\":\"1561750481\",\"key\":\"Detxgtcdplc123456Detxgtcdplc1234\"}','2_2019-12-01 14:05:44'),(366,'\"SUCCESS\"','3.5_2019-12-01 14:05:44'),(367,'{\"users_db\":{},\"users_money_db\":{},\"shop_order_db\":{},\"shop_order_details_db\":{},\"users_type_manage_db\":{}}','3.6_2019-12-01 14:05:44'),(368,'{\"app_id\":\"wx8671e65d39f19fb2\",\"mch_id\":\"1561750481\",\"key\":\"Detxgtcdplc123456Detxgtcdplc1234\"}','2_2019-12-01 14:06:00'),(369,'\"SUCCESS\"','3.5_2019-12-01 14:06:00'),(370,'{\"users_db\":{},\"users_money_db\":{},\"shop_order_db\":{},\"shop_order_details_db\":{},\"users_type_manage_db\":{}}','3.6_2019-12-01 14:06:00'),(371,'{\"app_id\":\"wx8671e65d39f19fb2\",\"mch_id\":\"1561750481\",\"key\":\"Detxgtcdplc123456Detxgtcdplc1234\"}','2_2019-12-01 14:06:30'),(372,'\"SUCCESS\"','3.5_2019-12-01 14:06:30'),(373,'{\"users_db\":{},\"users_money_db\":{},\"shop_order_db\":{},\"shop_order_details_db\":{},\"users_type_manage_db\":{}}','3.6_2019-12-01 14:06:30'),(374,'{\"app_id\":\"wx8671e65d39f19fb2\",\"mch_id\":\"1561750481\",\"key\":\"Detxgtcdplc123456Detxgtcdplc1234\"}','2_2019-12-01 14:09:01'),(375,'{\"app_id\":\"wx8671e65d39f19fb2\",\"mch_id\":\"1561750481\",\"key\":\"Detxgtcdplc123456Detxgtcdplc1234\"}','2_2019-12-01 14:09:30'),(376,'\"SUCCESS\"','3.5_2019-12-01 14:09:30'),(377,'{\"users_db\":{},\"users_money_db\":{},\"shop_order_db\":{},\"shop_order_details_db\":{},\"users_type_manage_db\":{}}','3.6_2019-12-01 14:09:30'),(378,'{\"app_id\":\"wx8671e65d39f19fb2\",\"mch_id\":\"1561750481\",\"key\":\"Detxgtcdplc123456Detxgtcdplc1234\"}','2_2019-12-01 14:09:54'),(379,'\"SUCCESS\"','3.5_2019-12-01 14:09:54'),(380,'{\"users_db\":{},\"users_money_db\":{},\"shop_order_db\":{},\"shop_order_details_db\":{},\"users_type_manage_db\":{}}','3.6_2019-12-01 14:09:54'),(381,'{\"app_id\":\"wx8671e65d39f19fb2\",\"mch_id\":\"1561750481\",\"key\":\"Detxgtcdplc123456Detxgtcdplc1234\"}','2_2019-12-01 14:10:13'),(382,'{\"app_id\":\"wx8671e65d39f19fb2\",\"mch_id\":\"1561750481\",\"key\":\"Detxgtcdplc123456Detxgtcdplc1234\"}','2_2019-12-01 14:11:06'),(383,'{\"app_id\":\"wx8671e65d39f19fb2\",\"mch_id\":\"1561750481\",\"key\":\"Detxgtcdplc123456Detxgtcdplc1234\"}','2_2019-12-01 14:12:16'),(384,'{\"app_id\":\"wx8671e65d39f19fb2\",\"mch_id\":\"1561750481\",\"key\":\"Detxgtcdplc123456Detxgtcdplc1234\"}','2_2019-12-01 14:14:13'),(385,'\"SUCCESS\"','3.5_2019-12-01 14:14:13'),(386,'{\"users_db\":{},\"users_money_db\":{},\"shop_order_db\":{},\"shop_order_details_db\":{},\"users_type_manage_db\":{}}','3.6_2019-12-01 14:14:13'),(387,'{\"app_id\":\"wx8671e65d39f19fb2\",\"mch_id\":\"1561750481\",\"key\":\"Detxgtcdplc123456Detxgtcdplc1234\"}','2_2019-12-01 14:14:22'),(388,'{\"app_id\":\"wx8671e65d39f19fb2\",\"mch_id\":\"1561750481\",\"key\":\"Detxgtcdplc123456Detxgtcdplc1234\"}','2_2019-12-01 14:15:21'),(389,'\"SUCCESS\"','3.5_2019-12-01 14:15:21'),(390,'{\"users_db\":{},\"users_money_db\":{},\"shop_order_db\":{},\"shop_order_details_db\":{},\"users_type_manage_db\":{}}','3.6_2019-12-01 14:15:21'),(391,'{\"app_id\":\"wx8671e65d39f19fb2\",\"mch_id\":\"1561750481\",\"key\":\"Detxgtcdplc123456Detxgtcdplc1234\"}','2_2019-12-01 14:15:34'),(392,'{\"app_id\":\"wx8671e65d39f19fb2\",\"mch_id\":\"1561750481\",\"key\":\"Detxgtcdplc123456Detxgtcdplc1234\"}','2_2019-12-01 14:15:50'),(393,'\"SUCCESS\"','3.5_2019-12-01 14:15:50'),(394,'{\"app_id\":\"wx8671e65d39f19fb2\",\"mch_id\":\"1561750481\",\"key\":\"Detxgtcdplc123456Detxgtcdplc1234\"}','2_2019-12-01 14:16:15'),(395,'\"SUCCESS\"','3.5_2019-12-01 14:16:15'),(396,'{\"users_db\":{},\"users_money_db\":{},\"shop_order_db\":{},\"shop_order_details_db\":{},\"users_type_manage_db\":{}}','3.6_2019-12-01 14:16:15'),(397,'{\"app_id\":\"wx8671e65d39f19fb2\",\"mch_id\":\"1561750481\",\"key\":\"Detxgtcdplc123456Detxgtcdplc1234\"}','2_2019-12-01 14:16:29'),(398,'\"SUCCESS\"','3.5_2019-12-01 14:16:29'),(399,'{\"users_db\":{},\"users_money_db\":{},\"shop_order_db\":{},\"shop_order_details_db\":{},\"users_type_manage_db\":{}}','3.6_2019-12-01 14:16:29'),(400,'{\"app_id\":\"wx8671e65d39f19fb2\",\"mch_id\":\"1561750481\",\"key\":\"Detxgtcdplc123456Detxgtcdplc1234\"}','2_2019-12-01 14:16:38'),(401,'\"SUCCESS\"','3.5_2019-12-01 14:16:38'),(402,'{\"users_db\":{},\"users_money_db\":{},\"shop_order_db\":{},\"shop_order_details_db\":{},\"users_type_manage_db\":{}}','3.6_2019-12-01 14:16:38'),(403,'{\"app_id\":\"wx8671e65d39f19fb2\",\"mch_id\":\"1561750481\",\"key\":\"Detxgtcdplc123456Detxgtcdplc1234\"}','2_2019-12-01 14:18:27'),(404,'\"SUCCESS\"','3.5_2019-12-01 14:18:27'),(405,'{\"users_db\":{},\"users_money_db\":{},\"shop_order_db\":{},\"shop_order_details_db\":{},\"users_type_manage_db\":{}}','3.6_2019-12-01 14:18:27'),(406,'{\"app_id\":\"wx8671e65d39f19fb2\",\"mch_id\":\"1561750481\",\"key\":\"Detxgtcdplc123456Detxgtcdplc1234\"}','2_2019-12-01 14:19:31'),(407,'{\"return_code\":\"SUCCESS\",\"return_msg\":\"OK\",\"appid\":\"wx8671e65d39f19fb2\",\"mch_id\":\"1561750481\",\"nonce_str\":\"O4heeWOcNyjpBiZ1\",\"sign\":\"6518EC6491A10018FA3F20EAB8E34F46\",\"result_code\":\"SUCCESS\",\"prepay_id\":\"wx011420567760614e3b9ca1a01087301900\",\"trade_type\":\"NATIVE\",\"code_url\":\"weixin:\\/\\/wxpay\\/bizpayurl?pr=JLfiBrF\"}','20191201142055'),(408,'{\"app_id\":\"wx8671e65d39f19fb2\",\"mch_id\":\"1561750481\",\"key\":\"Detxgtcdplc123456Detxgtcdplc1234\"}','2_2019-12-01 14:21:04'),(409,'{\"appid\":\"wx8671e65d39f19fb2\",\"attach\":\"\\u5fae\\u4fe1\\u626b\\u7801\\u652f\\u4ed8_1\",\"bank_type\":\"CFT\",\"cash_fee\":\"1\",\"fee_type\":\"CNY\",\"is_subscribe\":\"N\",\"mch_id\":\"1561750481\",\"nonce_str\":\"1575181254\",\"openid\":\"oVnhC1mdokayq55MfpkFSfNbw8b0\",\"out_trade_no\":\"201912011420441575181244385\",\"result_code\":\"SUCCESS\",\"return_code\":\"SUCCESS\",\"time_end\":\"20191201142105\",\"total_fee\":\"1\",\"trade_type\":\"NATIVE\",\"transaction_id\":\"4200000465201912010953030451\"}','3.5_2019-12-01 14:21:04'),(410,'\"1\"','4_2019-12-01 14:21:04'),(411,'{\"app_id\":\"wx8671e65d39f19fb2\",\"mch_id\":\"1561750481\",\"key\":\"Detxgtcdplc123456Detxgtcdplc1234\"}','2_2019-12-01 14:29:55'),(412,'{\"appid\":\"wx8671e65d39f19fb2\",\"attach\":\"\\u5fae\\u4fe1\\u626b\\u7801\\u652f\\u4ed8_1\",\"bank_type\":\"CFT\",\"cash_fee\":\"1\",\"fee_type\":\"CNY\",\"is_subscribe\":\"N\",\"mch_id\":\"1561750481\",\"nonce_str\":\"1575179740\",\"openid\":\"oVnhC1mdokayq55MfpkFSfNbw8b0\",\"out_trade_no\":\"201912011355371575179737847\",\"result_code\":\"SUCCESS\",\"return_code\":\"SUCCESS\",\"time_end\":\"20191201135549\",\"total_fee\":\"1\",\"trade_type\":\"NATIVE\",\"transaction_id\":\"4200000459201912013009919667\"}','1_2019-12-01 14:29:55'),(413,'null','2_2019-12-01 14:29:55'),(414,'{\"app_id\":\"wx8671e65d39f19fb2\",\"mch_id\":\"1561750481\",\"key\":\"Detxgtcdplc123456Detxgtcdplc1234\"}','2_2019-12-01 14:39:32'),(415,'{\"appid\":\"wx8671e65d39f19fb2\",\"attach\":\"\\u5fae\\u4fe1\\u626b\\u7801\\u652f\\u4ed8_1\",\"bank_type\":\"CFT\",\"cash_fee\":\"1\",\"fee_type\":\"CNY\",\"is_subscribe\":\"N\",\"mch_id\":\"1561750481\",\"nonce_str\":\"1575180320\",\"openid\":\"oVnhC1mdokayq55MfpkFSfNbw8b0\",\"out_trade_no\":\"201912011405171575180317566\",\"result_code\":\"SUCCESS\",\"return_code\":\"SUCCESS\",\"time_end\":\"20191201140528\",\"total_fee\":\"1\",\"trade_type\":\"NATIVE\",\"transaction_id\":\"4200000471201912019021659536\"}','1_2019-12-01 14:39:32'),(416,'null','2_2019-12-01 14:39:32'),(417,'{\"app_id\":\"wx8671e65d39f19fb2\",\"mch_id\":\"1561750481\",\"key\":\"Detxgtcdplc123456Detxgtcdplc1234\"}','2_2019-12-01 14:59:57'),(418,'{\"appid\":\"wx8671e65d39f19fb2\",\"attach\":\"\\u5fae\\u4fe1\\u626b\\u7801\\u652f\\u4ed8_1\",\"bank_type\":\"CFT\",\"cash_fee\":\"1\",\"fee_type\":\"CNY\",\"is_subscribe\":\"N\",\"mch_id\":\"1561750481\",\"nonce_str\":\"1575179740\",\"openid\":\"oVnhC1mdokayq55MfpkFSfNbw8b0\",\"out_trade_no\":\"201912011355371575179737847\",\"result_code\":\"SUCCESS\",\"return_code\":\"SUCCESS\",\"time_end\":\"20191201135549\",\"total_fee\":\"1\",\"trade_type\":\"NATIVE\",\"transaction_id\":\"4200000459201912013009919667\"}','1_2019-12-01 14:59:57'),(419,'null','2_2019-12-01 14:59:57'),(420,'{\"app_id\":\"wx8671e65d39f19fb2\",\"mch_id\":\"1561750481\",\"key\":\"Detxgtcdplc123456Detxgtcdplc1234\"}','2_2019-12-01 15:09:33'),(421,'{\"appid\":\"wx8671e65d39f19fb2\",\"attach\":\"\\u5fae\\u4fe1\\u626b\\u7801\\u652f\\u4ed8_1\",\"bank_type\":\"CFT\",\"cash_fee\":\"1\",\"fee_type\":\"CNY\",\"is_subscribe\":\"N\",\"mch_id\":\"1561750481\",\"nonce_str\":\"1575180320\",\"openid\":\"oVnhC1mdokayq55MfpkFSfNbw8b0\",\"out_trade_no\":\"201912011405171575180317566\",\"result_code\":\"SUCCESS\",\"return_code\":\"SUCCESS\",\"time_end\":\"20191201140528\",\"total_fee\":\"1\",\"trade_type\":\"NATIVE\",\"transaction_id\":\"4200000471201912019021659536\"}','1_2019-12-01 15:09:33'),(422,'null','2_2019-12-01 15:09:33'),(423,'{\"app_id\":\"wx8671e65d39f19fb2\",\"mch_id\":\"1561750481\",\"key\":\"Detxgtcdplc123456Detxgtcdplc1234\"}','2_2019-12-01 15:27:18'),(424,'{\"appid\":\"wx8671e65d39f19fb2\",\"attach\":\"\\u5fae\\u4fe1\\u626b\\u7801\\u652f\\u4ed8_1\",\"bank_type\":\"CFT\",\"cash_fee\":\"1000\",\"fee_type\":\"CNY\",\"is_subscribe\":\"N\",\"mch_id\":\"1561750481\",\"nonce_str\":\"1575121953\",\"openid\":\"oVnhC1heFuLKrmjsBdFMChEm0VQg\",\"out_trade_no\":\"201911302152171575121937560\",\"result_code\":\"SUCCESS\",\"return_code\":\"SUCCESS\",\"time_end\":\"20191130215308\",\"total_fee\":\"1000\",\"trade_type\":\"NATIVE\",\"transaction_id\":\"4200000454201911308985541200\"}','1_2019-12-01 15:27:18'),(425,'null','2_2019-12-01 15:27:18'),(426,'{\"app_id\":\"wx8671e65d39f19fb2\",\"mch_id\":\"1561750481\",\"key\":\"Detxgtcdplc123456Detxgtcdplc1234\"}','2_2019-12-01 15:29:59'),(427,'{\"appid\":\"wx8671e65d39f19fb2\",\"attach\":\"\\u5fae\\u4fe1\\u626b\\u7801\\u652f\\u4ed8_1\",\"bank_type\":\"CFT\",\"cash_fee\":\"1\",\"fee_type\":\"CNY\",\"is_subscribe\":\"N\",\"mch_id\":\"1561750481\",\"nonce_str\":\"1575179740\",\"openid\":\"oVnhC1mdokayq55MfpkFSfNbw8b0\",\"out_trade_no\":\"201912011355371575179737847\",\"result_code\":\"SUCCESS\",\"return_code\":\"SUCCESS\",\"time_end\":\"20191201135549\",\"total_fee\":\"1\",\"trade_type\":\"NATIVE\",\"transaction_id\":\"4200000459201912013009919667\"}','1_2019-12-01 15:29:59'),(428,'null','2_2019-12-01 15:29:59'),(429,'{\"app_id\":\"wx8671e65d39f19fb2\",\"mch_id\":\"1561750481\",\"key\":\"Detxgtcdplc123456Detxgtcdplc1234\"}','2_2019-12-01 15:39:34'),(430,'{\"appid\":\"wx8671e65d39f19fb2\",\"attach\":\"\\u5fae\\u4fe1\\u626b\\u7801\\u652f\\u4ed8_1\",\"bank_type\":\"CFT\",\"cash_fee\":\"1\",\"fee_type\":\"CNY\",\"is_subscribe\":\"N\",\"mch_id\":\"1561750481\",\"nonce_str\":\"1575180320\",\"openid\":\"oVnhC1mdokayq55MfpkFSfNbw8b0\",\"out_trade_no\":\"201912011405171575180317566\",\"result_code\":\"SUCCESS\",\"return_code\":\"SUCCESS\",\"time_end\":\"20191201140528\",\"total_fee\":\"1\",\"trade_type\":\"NATIVE\",\"transaction_id\":\"4200000471201912019021659536\"}','1_2019-12-01 15:39:34'),(431,'null','2_2019-12-01 15:39:34'),(432,'{\"app_id\":\"wx8671e65d39f19fb2\",\"mch_id\":\"1561750481\",\"key\":\"Detxgtcdplc123456Detxgtcdplc1234\"}','2_2019-12-01 16:30:00'),(433,'{\"appid\":\"wx8671e65d39f19fb2\",\"attach\":\"\\u5fae\\u4fe1\\u626b\\u7801\\u652f\\u4ed8_1\",\"bank_type\":\"CFT\",\"cash_fee\":\"1\",\"fee_type\":\"CNY\",\"is_subscribe\":\"N\",\"mch_id\":\"1561750481\",\"nonce_str\":\"1575179740\",\"openid\":\"oVnhC1mdokayq55MfpkFSfNbw8b0\",\"out_trade_no\":\"201912011355371575179737847\",\"result_code\":\"SUCCESS\",\"return_code\":\"SUCCESS\",\"time_end\":\"20191201135549\",\"total_fee\":\"1\",\"trade_type\":\"NATIVE\",\"transaction_id\":\"4200000459201912013009919667\"}','1_2019-12-01 16:30:00'),(434,'null','2_2019-12-01 16:30:00'),(435,'{\"app_id\":\"wx8671e65d39f19fb2\",\"mch_id\":\"1561750481\",\"key\":\"Detxgtcdplc123456Detxgtcdplc1234\"}','2_2019-12-01 16:39:35'),(436,'{\"appid\":\"wx8671e65d39f19fb2\",\"attach\":\"\\u5fae\\u4fe1\\u626b\\u7801\\u652f\\u4ed8_1\",\"bank_type\":\"CFT\",\"cash_fee\":\"1\",\"fee_type\":\"CNY\",\"is_subscribe\":\"N\",\"mch_id\":\"1561750481\",\"nonce_str\":\"1575180320\",\"openid\":\"oVnhC1mdokayq55MfpkFSfNbw8b0\",\"out_trade_no\":\"201912011405171575180317566\",\"result_code\":\"SUCCESS\",\"return_code\":\"SUCCESS\",\"time_end\":\"20191201140528\",\"total_fee\":\"1\",\"trade_type\":\"NATIVE\",\"transaction_id\":\"4200000471201912019021659536\"}','1_2019-12-01 16:39:35'),(437,'null','2_2019-12-01 16:39:35'),(438,'{\"app_id\":\"wx8671e65d39f19fb2\",\"mch_id\":\"1561750481\",\"key\":\"Detxgtcdplc123456Detxgtcdplc1234\"}','2_2019-12-01 19:30:01'),(439,'{\"appid\":\"wx8671e65d39f19fb2\",\"attach\":\"\\u5fae\\u4fe1\\u626b\\u7801\\u652f\\u4ed8_1\",\"bank_type\":\"CFT\",\"cash_fee\":\"1\",\"fee_type\":\"CNY\",\"is_subscribe\":\"N\",\"mch_id\":\"1561750481\",\"nonce_str\":\"1575179740\",\"openid\":\"oVnhC1mdokayq55MfpkFSfNbw8b0\",\"out_trade_no\":\"201912011355371575179737847\",\"result_code\":\"SUCCESS\",\"return_code\":\"SUCCESS\",\"time_end\":\"20191201135549\",\"total_fee\":\"1\",\"trade_type\":\"NATIVE\",\"transaction_id\":\"4200000459201912013009919667\"}','1_2019-12-01 19:30:01'),(440,'null','2_2019-12-01 19:30:01'),(441,'{\"app_id\":\"wx8671e65d39f19fb2\",\"mch_id\":\"1561750481\",\"key\":\"Detxgtcdplc123456Detxgtcdplc1234\"}','2_2019-12-01 19:39:36'),(442,'{\"appid\":\"wx8671e65d39f19fb2\",\"attach\":\"\\u5fae\\u4fe1\\u626b\\u7801\\u652f\\u4ed8_1\",\"bank_type\":\"CFT\",\"cash_fee\":\"1\",\"fee_type\":\"CNY\",\"is_subscribe\":\"N\",\"mch_id\":\"1561750481\",\"nonce_str\":\"1575180320\",\"openid\":\"oVnhC1mdokayq55MfpkFSfNbw8b0\",\"out_trade_no\":\"201912011405171575180317566\",\"result_code\":\"SUCCESS\",\"return_code\":\"SUCCESS\",\"time_end\":\"20191201140528\",\"total_fee\":\"1\",\"trade_type\":\"NATIVE\",\"transaction_id\":\"4200000471201912019021659536\"}','1_2019-12-01 19:39:36'),(443,'null','2_2019-12-01 19:39:36'),(444,'{\"app_id\":\"wx8671e65d39f19fb2\",\"mch_id\":\"1561750481\",\"key\":\"Detxgtcdplc123456Detxgtcdplc1234\"}','2_2019-12-01 21:27:19'),(445,'{\"appid\":\"wx8671e65d39f19fb2\",\"attach\":\"\\u5fae\\u4fe1\\u626b\\u7801\\u652f\\u4ed8_1\",\"bank_type\":\"CFT\",\"cash_fee\":\"1000\",\"fee_type\":\"CNY\",\"is_subscribe\":\"N\",\"mch_id\":\"1561750481\",\"nonce_str\":\"1575121953\",\"openid\":\"oVnhC1heFuLKrmjsBdFMChEm0VQg\",\"out_trade_no\":\"201911302152171575121937560\",\"result_code\":\"SUCCESS\",\"return_code\":\"SUCCESS\",\"time_end\":\"20191130215308\",\"total_fee\":\"1000\",\"trade_type\":\"NATIVE\",\"transaction_id\":\"4200000454201911308985541200\"}','1_2019-12-01 21:27:19'),(446,'null','2_2019-12-01 21:27:19'),(447,'{\"app_id\":\"wx8671e65d39f19fb2\",\"mch_id\":\"1561750481\",\"key\":\"Detxgtcdplc123456Detxgtcdplc1234\"}','2_2019-12-01 22:30:02'),(448,'{\"appid\":\"wx8671e65d39f19fb2\",\"attach\":\"\\u5fae\\u4fe1\\u626b\\u7801\\u652f\\u4ed8_1\",\"bank_type\":\"CFT\",\"cash_fee\":\"1\",\"fee_type\":\"CNY\",\"is_subscribe\":\"N\",\"mch_id\":\"1561750481\",\"nonce_str\":\"1575179740\",\"openid\":\"oVnhC1mdokayq55MfpkFSfNbw8b0\",\"out_trade_no\":\"201912011355371575179737847\",\"result_code\":\"SUCCESS\",\"return_code\":\"SUCCESS\",\"time_end\":\"20191201135549\",\"total_fee\":\"1\",\"trade_type\":\"NATIVE\",\"transaction_id\":\"4200000459201912013009919667\"}','1_2019-12-01 22:30:02'),(449,'null','2_2019-12-01 22:30:02'),(450,'{\"app_id\":\"wx8671e65d39f19fb2\",\"mch_id\":\"1561750481\",\"key\":\"Detxgtcdplc123456Detxgtcdplc1234\"}','2_2019-12-01 22:39:38'),(451,'{\"appid\":\"wx8671e65d39f19fb2\",\"attach\":\"\\u5fae\\u4fe1\\u626b\\u7801\\u652f\\u4ed8_1\",\"bank_type\":\"CFT\",\"cash_fee\":\"1\",\"fee_type\":\"CNY\",\"is_subscribe\":\"N\",\"mch_id\":\"1561750481\",\"nonce_str\":\"1575180320\",\"openid\":\"oVnhC1mdokayq55MfpkFSfNbw8b0\",\"out_trade_no\":\"201912011405171575180317566\",\"result_code\":\"SUCCESS\",\"return_code\":\"SUCCESS\",\"time_end\":\"20191201140528\",\"total_fee\":\"1\",\"trade_type\":\"NATIVE\",\"transaction_id\":\"4200000471201912019021659536\"}','1_2019-12-01 22:39:38'),(452,'null','2_2019-12-01 22:39:38'),(453,'{\"app_id\":\"wx8671e65d39f19fb2\",\"mch_id\":\"1561750481\",\"key\":\"Detxgtcdplc123456Detxgtcdplc1234\"}','2_2019-12-02 01:30:03'),(454,'{\"appid\":\"wx8671e65d39f19fb2\",\"attach\":\"\\u5fae\\u4fe1\\u626b\\u7801\\u652f\\u4ed8_1\",\"bank_type\":\"CFT\",\"cash_fee\":\"1\",\"fee_type\":\"CNY\",\"is_subscribe\":\"N\",\"mch_id\":\"1561750481\",\"nonce_str\":\"1575179740\",\"openid\":\"oVnhC1mdokayq55MfpkFSfNbw8b0\",\"out_trade_no\":\"201912011355371575179737847\",\"result_code\":\"SUCCESS\",\"return_code\":\"SUCCESS\",\"time_end\":\"20191201135549\",\"total_fee\":\"1\",\"trade_type\":\"NATIVE\",\"transaction_id\":\"4200000459201912013009919667\"}','1_2019-12-02 01:30:03'),(455,'null','2_2019-12-02 01:30:03'),(456,'{\"app_id\":\"wx8671e65d39f19fb2\",\"mch_id\":\"1561750481\",\"key\":\"Detxgtcdplc123456Detxgtcdplc1234\"}','2_2019-12-02 01:39:39'),(457,'{\"appid\":\"wx8671e65d39f19fb2\",\"attach\":\"\\u5fae\\u4fe1\\u626b\\u7801\\u652f\\u4ed8_1\",\"bank_type\":\"CFT\",\"cash_fee\":\"1\",\"fee_type\":\"CNY\",\"is_subscribe\":\"N\",\"mch_id\":\"1561750481\",\"nonce_str\":\"1575180320\",\"openid\":\"oVnhC1mdokayq55MfpkFSfNbw8b0\",\"out_trade_no\":\"201912011405171575180317566\",\"result_code\":\"SUCCESS\",\"return_code\":\"SUCCESS\",\"time_end\":\"20191201140528\",\"total_fee\":\"1\",\"trade_type\":\"NATIVE\",\"transaction_id\":\"4200000471201912019021659536\"}','1_2019-12-02 01:39:39'),(458,'null','2_2019-12-02 01:39:39'),(459,'{\"app_id\":\"wx8671e65d39f19fb2\",\"mch_id\":\"1561750481\",\"key\":\"Detxgtcdplc123456Detxgtcdplc1234\"}','2_2019-12-02 07:30:05'),(460,'{\"appid\":\"wx8671e65d39f19fb2\",\"attach\":\"\\u5fae\\u4fe1\\u626b\\u7801\\u652f\\u4ed8_1\",\"bank_type\":\"CFT\",\"cash_fee\":\"1\",\"fee_type\":\"CNY\",\"is_subscribe\":\"N\",\"mch_id\":\"1561750481\",\"nonce_str\":\"1575179740\",\"openid\":\"oVnhC1mdokayq55MfpkFSfNbw8b0\",\"out_trade_no\":\"201912011355371575179737847\",\"result_code\":\"SUCCESS\",\"return_code\":\"SUCCESS\",\"time_end\":\"20191201135549\",\"total_fee\":\"1\",\"trade_type\":\"NATIVE\",\"transaction_id\":\"4200000459201912013009919667\"}','1_2019-12-02 07:30:05'),(461,'null','2_2019-12-02 07:30:05'),(462,'{\"app_id\":\"wx8671e65d39f19fb2\",\"mch_id\":\"1561750481\",\"key\":\"Detxgtcdplc123456Detxgtcdplc1234\"}','2_2019-12-02 07:39:40'),(463,'{\"appid\":\"wx8671e65d39f19fb2\",\"attach\":\"\\u5fae\\u4fe1\\u626b\\u7801\\u652f\\u4ed8_1\",\"bank_type\":\"CFT\",\"cash_fee\":\"1\",\"fee_type\":\"CNY\",\"is_subscribe\":\"N\",\"mch_id\":\"1561750481\",\"nonce_str\":\"1575180320\",\"openid\":\"oVnhC1mdokayq55MfpkFSfNbw8b0\",\"out_trade_no\":\"201912011405171575180317566\",\"result_code\":\"SUCCESS\",\"return_code\":\"SUCCESS\",\"time_end\":\"20191201140528\",\"total_fee\":\"1\",\"trade_type\":\"NATIVE\",\"transaction_id\":\"4200000471201912019021659536\"}','1_2019-12-02 07:39:40'),(464,'null','2_2019-12-02 07:39:40'),(465,'{\"app_id\":\"wx8671e65d39f19fb2\",\"mch_id\":\"1561750481\",\"key\":\"Detxgtcdplc123456Detxgtcdplc1234\"}','2_2019-12-02 13:30:06'),(466,'{\"appid\":\"wx8671e65d39f19fb2\",\"attach\":\"\\u5fae\\u4fe1\\u626b\\u7801\\u652f\\u4ed8_1\",\"bank_type\":\"CFT\",\"cash_fee\":\"1\",\"fee_type\":\"CNY\",\"is_subscribe\":\"N\",\"mch_id\":\"1561750481\",\"nonce_str\":\"1575179740\",\"openid\":\"oVnhC1mdokayq55MfpkFSfNbw8b0\",\"out_trade_no\":\"201912011355371575179737847\",\"result_code\":\"SUCCESS\",\"return_code\":\"SUCCESS\",\"time_end\":\"20191201135549\",\"total_fee\":\"1\",\"trade_type\":\"NATIVE\",\"transaction_id\":\"4200000459201912013009919667\"}','1_2019-12-02 13:30:06'),(467,'null','2_2019-12-02 13:30:06'),(468,'{\"app_id\":\"wx8671e65d39f19fb2\",\"mch_id\":\"1561750481\",\"key\":\"Detxgtcdplc123456Detxgtcdplc1234\"}','2_2019-12-02 13:39:42'),(469,'{\"appid\":\"wx8671e65d39f19fb2\",\"attach\":\"\\u5fae\\u4fe1\\u626b\\u7801\\u652f\\u4ed8_1\",\"bank_type\":\"CFT\",\"cash_fee\":\"1\",\"fee_type\":\"CNY\",\"is_subscribe\":\"N\",\"mch_id\":\"1561750481\",\"nonce_str\":\"1575180320\",\"openid\":\"oVnhC1mdokayq55MfpkFSfNbw8b0\",\"out_trade_no\":\"201912011405171575180317566\",\"result_code\":\"SUCCESS\",\"return_code\":\"SUCCESS\",\"time_end\":\"20191201140528\",\"total_fee\":\"1\",\"trade_type\":\"NATIVE\",\"transaction_id\":\"4200000471201912019021659536\"}','1_2019-12-02 13:39:42'),(470,'null','2_2019-12-02 13:39:42'),(471,'{\"return_code\":\"SUCCESS\",\"return_msg\":\"OK\",\"appid\":\"wx8671e65d39f19fb2\",\"mch_id\":\"1561750481\",\"nonce_str\":\"gR7vpX3QQQ6kqeqO\",\"sign\":\"50CBE068D8C55F64806006CA1F622A87\",\"result_code\":\"SUCCESS\",\"prepay_id\":\"wx031345046329026dd181a0d71739042500\",\"trade_type\":\"NATIVE\",\"code_url\":\"weixin:\\/\\/wxpay\\/bizpayurl?pr=Nc1kOSy\"}','20191203134503'),(472,'{\"app_id\":\"wx8671e65d39f19fb2\",\"mch_id\":\"1561750481\",\"key\":\"Detxgtcdplc123456Detxgtcdplc1234\"}','2_2019-12-03 13:45:21'),(473,'{\"appid\":\"wx8671e65d39f19fb2\",\"attach\":\"\\u5fae\\u4fe1\\u626b\\u7801\\u652f\\u4ed8_1\",\"bank_type\":\"CFT\",\"cash_fee\":\"1000\",\"fee_type\":\"CNY\",\"is_subscribe\":\"N\",\"mch_id\":\"1561750481\",\"nonce_str\":\"1575351902\",\"openid\":\"oVnhC1rNTDcPt9OBHOKJp6L86vXQ\",\"out_trade_no\":\"201912031344551575351895230\",\"result_code\":\"SUCCESS\",\"return_code\":\"SUCCESS\",\"time_end\":\"20191203134521\",\"total_fee\":\"1000\",\"trade_type\":\"NATIVE\",\"transaction_id\":\"4200000457201912037789861974\"}','1_2019-12-03 13:45:21'),(474,'\"success\"','2_2019-12-03 13:45:21'),(475,'{\"return_code\":\"SUCCESS\",\"return_msg\":\"OK\",\"appid\":\"wx8671e65d39f19fb2\",\"mch_id\":\"1561750481\",\"nonce_str\":\"B4oPaKDtMkEM4H0j\",\"sign\":\"204E875446768FFE030D244AAFB92A7A\",\"result_code\":\"SUCCESS\",\"prepay_id\":\"wx060021333361344268b5e3241361807500\",\"trade_type\":\"NATIVE\",\"code_url\":\"weixin:\\/\\/wxpay\\/bizpayurl?pr=f4WCKUu\"}','20191206002132'),(476,'{\"app_id\":\"wx8671e65d39f19fb2\",\"mch_id\":\"1561750481\",\"key\":\"Detxgtcdplc123456Detxgtcdplc1234\"}','2_2019-12-06 00:21:49'),(477,'{\"appid\":\"wx8671e65d39f19fb2\",\"attach\":\"\\u5fae\\u4fe1\\u626b\\u7801\\u652f\\u4ed8_1\",\"bank_type\":\"OTHERS\",\"cash_fee\":\"1000\",\"fee_type\":\"CNY\",\"is_subscribe\":\"Y\",\"mch_id\":\"1561750481\",\"nonce_str\":\"1575562890\",\"openid\":\"oVnhC1uWv76yW3BEJAaeFYe03e8s\",\"out_trade_no\":\"201912060021271575562887629\",\"result_code\":\"SUCCESS\",\"return_code\":\"SUCCESS\",\"time_end\":\"20191206002149\",\"total_fee\":\"1000\",\"trade_type\":\"NATIVE\",\"transaction_id\":\"4200000463201912063400738510\"}','1_2019-12-06 00:21:49'),(478,'\"success\"','2_2019-12-06 00:21:49'),(479,'{\"return_code\":\"SUCCESS\",\"return_msg\":\"OK\",\"appid\":\"wx8671e65d39f19fb2\",\"mch_id\":\"1561750481\",\"nonce_str\":\"NKtPgrEtUmPUgcZb\",\"sign\":\"605A848C5B727A6F89E2F2BDCD0DE73A\",\"result_code\":\"SUCCESS\",\"prepay_id\":\"wx06111404597607ca7c43582f1555200100\",\"trade_type\":\"NATIVE\",\"code_url\":\"weixin:\\/\\/wxpay\\/bizpayurl?pr=GhJhDXZ\"}','20191206111403'),(480,'{\"return_code\":\"FAIL\",\"return_msg\":\"\\u5546\\u6237\\u53f7\\u8be5\\u4ea7\\u54c1\\u6743\\u9650\\u9884\\u5f00\\u901a\\u4e2d\\uff0c\\u8bf7\\u7b49\\u5f85\\u4ea7\\u54c1\\u5f00\\u901a\\u540e\\u91cd\\u8bd5\"}','2019-12-06 11:15:40'),(481,'{\"return_code\":\"FAIL\",\"return_msg\":\"\\u5546\\u6237\\u53f7\\u8be5\\u4ea7\\u54c1\\u6743\\u9650\\u9884\\u5f00\\u901a\\u4e2d\\uff0c\\u8bf7\\u7b49\\u5f85\\u4ea7\\u54c1\\u5f00\\u901a\\u540e\\u91cd\\u8bd5\"}','2019-12-06 11:15:50');
/*!40000 ALTER TABLE `hw_linshi` ENABLE KEYS */;

#
# Structure for table "hw_product_attr"
#

DROP TABLE IF EXISTS `hw_product_attr`;
CREATE TABLE `hw_product_attr` (
  `product_attr_id` int(10) unsigned NOT NULL AUTO_INCREMENT COMMENT '产品属性id自增',
  `aid` mediumint(8) unsigned NOT NULL DEFAULT '0' COMMENT '产品id',
  `attr_id` int(11) unsigned NOT NULL DEFAULT '0' COMMENT '属性id',
  `attr_value` text COMMENT '属性值',
  `attr_price` varchar(255) DEFAULT '' COMMENT '属性价格',
  `add_time` int(11) DEFAULT '0' COMMENT '新增时间',
  `update_time` int(11) DEFAULT '0' COMMENT '更新时间',
  PRIMARY KEY (`product_attr_id`),
  KEY `aid` (`aid`) USING BTREE,
  KEY `attr_id` (`attr_id`) USING BTREE
) ENGINE=MyISAM AUTO_INCREMENT=56 DEFAULT CHARSET=utf8 COMMENT='产品表单属性值';

#
# Data for table "hw_product_attr"
#

/*!40000 ALTER TABLE `hw_product_attr` DISABLE KEYS */;
INSERT INTO `hw_product_attr` VALUES (25,53,17,'AKG&amp;HUAWEI','',1545268991,1545268991),(26,53,18,'Support','',1545268991,1545268991),(27,54,15,'13.3','',1545270139,1545270139),(28,54,16,'3KG','',1545270139,1545270139),(29,55,12,'EMUI 4.1 + Android 6.0','',1545270361,1545270361),(30,55,11,'EMUI 4.1','',1545270361,1545270361),(31,55,13,'Virtual keyboard','',1545270361,1545270361),(32,55,14,'EDI-AL10','',1545270361,1545270361),(33,56,12,'iOS 9.0','',1545270634,1545270634),(34,56,11,'4.7 inch display screen','',1545270634,1545270634),(35,56,13,'Virtual keyboard','',1545270634,1545270634),(36,56,14,'6S','',1545270634,1545270634);
/*!40000 ALTER TABLE `hw_product_attr` ENABLE KEYS */;

#
# Structure for table "hw_product_attribute"
#

DROP TABLE IF EXISTS `hw_product_attribute`;
CREATE TABLE `hw_product_attribute` (
  `attr_id` int(11) unsigned NOT NULL AUTO_INCREMENT COMMENT '属性id',
  `attr_name` varchar(60) DEFAULT '' COMMENT '属性名称',
  `typeid` int(11) unsigned DEFAULT '0' COMMENT '栏目id',
  `attr_index` tinyint(1) unsigned DEFAULT '0' COMMENT '0不需要检索 1关键字检索 2范围检索',
  `attr_input_type` tinyint(1) unsigned DEFAULT '0' COMMENT ' 0=文本框，1=下拉框，2=多行文本框',
  `attr_values` text COMMENT '可选值列表',
  `sort_order` int(11) unsigned DEFAULT '0' COMMENT '属性排序',
  `lang` varchar(50) DEFAULT 'cn' COMMENT '语言标识',
  `is_del` tinyint(1) DEFAULT '0' COMMENT '是否已删除，0=否，1=是',
  `add_time` int(11) DEFAULT '0' COMMENT '新增时间',
  `update_time` int(11) DEFAULT '0' COMMENT '更新时间',
  PRIMARY KEY (`attr_id`),
  KEY `cat_id` (`typeid`) USING BTREE
) ENGINE=MyISAM AUTO_INCREMENT=29 DEFAULT CHARSET=utf8 COMMENT='产品表单属性表';

#
# Data for table "hw_product_attribute"
#

/*!40000 ALTER TABLE `hw_product_attribute` DISABLE KEYS */;
INSERT INTO `hw_product_attribute` VALUES (1,'用户界面',24,0,0,'',100,'cn',0,1526612774,1526612774),(2,'操作系统',24,0,0,'',10,'cn',0,1526612785,1526612785),(3,'键盘类型',24,0,0,'',100,'cn',0,1526613004,1526613004),(4,' 产品型号',24,0,0,'',100,'cn',0,1526613011,1571037753),(5,'屏幕大小',26,0,0,'',100,'cn',0,1526613252,1526613252),(6,'整机净重',26,0,0,'',100,'cn',0,1526613259,1565228885),(7,'产品型号',27,0,0,'',100,'cn',0,1526613668,1565229728),(8,'支持蓝牙',27,0,0,'',100,'cn',0,1526613732,1526613732),(11,'User Interface',43,0,0,'',100,'en',0,1526612774,1545274001),(12,'operating system',43,0,0,'',10,'en',0,1526612785,1545273990),(13,'Keyboard type',43,0,0,'',100,'en',0,1526613004,1545274014),(14,'model',43,0,0,'',100,'en',0,1526613011,1545274025),(15,'Screen size',46,0,0,'',100,'en',0,1526613252,1545270158),(16,'Weight',46,0,0,'',100,'en',0,1526613259,1545270171),(17,'Model',48,0,0,'',100,'en',0,1526613668,1545268934),(18,'Support Bluetooth',48,0,0,'',100,'en',0,1526613732,1545268951),(19,'商品名称',20,0,0,'',100,'cn',0,1564539436,1564539718),(20,'品牌：',42,0,0,'',100,'en',0,1564539436,1564539436),(21,'商品毛重',20,0,0,'',100,'cn',0,1564539503,1564539723),(22,'商品毛重：',42,0,0,'',100,'en',0,1564539503,1564539503),(23,'商品产地',20,0,0,'',100,'cn',0,1564539517,1564539727),(24,'商品产地：',42,0,0,'',100,'en',0,1564539517,1564539517),(25,'多卡支持',20,0,0,'',100,'cn',0,1564539530,1564539730),(26,'多卡支持：',42,0,0,'',100,'en',0,1564539530,1564539530),(27,'机身内存',20,0,1,'64GB\r\n128GB\r\n256GB',100,'cn',0,1564539541,1564539734),(28,'机身内存：',42,0,0,'',100,'en',0,1564539541,1564539541);
/*!40000 ALTER TABLE `hw_product_attribute` ENABLE KEYS */;

#
# Structure for table "hw_product_content"
#

DROP TABLE IF EXISTS `hw_product_content`;
CREATE TABLE `hw_product_content` (
  `id` int(10) NOT NULL AUTO_INCREMENT,
  `aid` int(10) DEFAULT '0' COMMENT '文档ID',
  `content` longtext COMMENT '内容详情',
  `add_time` int(11) DEFAULT '0' COMMENT '新增时间',
  `update_time` int(11) DEFAULT '0' COMMENT '更新时间',
  `fxrq` enum('2019年','2018年','2017年') DEFAULT '2019年' COMMENT '发行日期',
  `jiawei` enum('0-1000','1000-1699','1700-2799','2800-3500','3500-10000') DEFAULT '0-1000' COMMENT '价位区段',
  `yanse` enum('银色','绿色','黑色','灰色') DEFAULT '银色' COMMENT '机身颜色',
  PRIMARY KEY (`id`),
  KEY `news_id` (`aid`) USING BTREE
) ENGINE=MyISAM AUTO_INCREMENT=30 DEFAULT CHARSET=utf8 COMMENT='产品附加表';

#
# Data for table "hw_product_content"
#

/*!40000 ALTER TABLE `hw_product_content` DISABLE KEYS */;
INSERT INTO `hw_product_content` VALUES (6,53,'&lt;p&gt;Features: M3 Tablet Customized AKG Brand High Fidelity Headphones, Enjoy HiFi Sound Quality with M3 Tablet&lt;/p&gt;',1545270011,1545270011,'2018年','0-1000','银色'),(7,54,'&lt;p style=&quot;box-sizing: inherit; margin-top: 0px; margin-bottom: 0.8em; color: rgb(42, 51, 60); font-family: &amp;quot;Segoe UI&amp;quot;, &amp;quot;Lucida Grande&amp;quot;, Helvetica, Arial, &amp;quot;Microsoft YaHei&amp;quot;, FreeSans, Arimo, &amp;quot;Droid Sans&amp;quot;, &amp;quot;wenquanyi micro hei&amp;quot;, &amp;quot;Hiragino Sans GB&amp;quot;, &amp;quot;Hiragino Sans GB W3&amp;quot;, Roboto, Arial, sans-serif; white-space: normal; background-color: rgb(255, 255, 255);&quot;&gt;Light and thin all-metal fuselage / 256GB SSD / 8th generation Intel Core i5 processor / FHD full-fit screen / fingerprint unlock / Office activation does not support 7 days without reason to return the goods&lt;/p&gt;&lt;p style=&quot;box-sizing: inherit; margin-top: 0px; margin-bottom: 0.8em; color: rgb(42, 51, 60); font-family: &amp;quot;Segoe UI&amp;quot;, &amp;quot;Lucida Grande&amp;quot;, Helvetica, Arial, &amp;quot;Microsoft YaHei&amp;quot;, FreeSans, Arimo, &amp;quot;Droid Sans&amp;quot;, &amp;quot;wenquanyi micro hei&amp;quot;, &amp;quot;Hiragino Sans GB&amp;quot;, &amp;quot;Hiragino Sans GB W3&amp;quot;, Roboto, Arial, sans-serif; white-space: normal; background-color: rgb(255, 255, 255);&quot;&gt;&lt;img src=&quot;/uploads/ueditor/20181220/5c1af35580c9a.png&quot; title=&quot;4e5a31ff6bb3f88e03ae2d80353cdc67.jpg&quot; alt=&quot;4e5a31ff6bb3f88e03ae2d80353cdc67.jpg&quot; style=&quot;box-sizing: inherit; border-style: none; vertical-align: top; max-width: 100%; height: auto !important;&quot;/&gt;&lt;/p&gt;&lt;p&gt;&lt;br/&gt;&lt;/p&gt;',1545270139,1545270139,'2019年','1000-1699','绿色'),(8,55,'&lt;p&gt;Omnidirectional recording/pointing playback, directional hands-free, finger joint gesture, split screen multi-window, voice control, situational intelligence, single-handed operation, magazine lock screen, mobile phone retrieval, wireless WIFI printing, student mode, multi-screen interaction, sports health omnidirectional recording/pointing playback, directional hands-free, finger joint gesture, split screen multi-window, voice control, situational intelligence, single-handed operation, magazine lock Screen, mobile phone retrieval, wireless WIFI printing, student mode, multi-screen interaction, omnidirectional recording/pointing playback of sports health, directional hands-free, finger joint gesture, split screen multi-window, voice control, situational intelligence, single-handed operation, magazine lock screen, mobile phone retrieval, wireless WIFI printing, student mode, multi-screen interaction, sports health&lt;/p&gt;',1545270361,1545270361,'2017年','1700-2799','黑色'),(9,56,'&lt;p style=&quot;text-align: center;&quot;&gt;&lt;img src=&quot;/uploads/ueditor/20181220/ac06829b2cc1070d75c6d3ea8e6aa55e.jpg&quot; title=&quot;ac06829b2cc1070d75c6d3ea8e6aa55e.jpg&quot; alt=&quot;ac06829b2cc1070d75c6d3ea8e6aa55e.jpg&quot;/&gt;&lt;/p&gt;',1545270643,1545270643,'2019年','2800-3500','灰色'),(18,133,'&lt;p&gt;sadsafgdsssssssssdgfgfgfgfgfgfdfg&lt;/p&gt;',1573098118,1573098118,'2019年','0-1000','银色'),(19,134,'&lt;p&gt;大声说对方范德萨范德萨范德萨发送大V池昌旭V型&lt;/p&gt;',1573098153,1573098153,'2019年','0-1000','银色'),(20,135,'&lt;p&gt;撒梵蒂冈梵蒂冈股东会发光的规范化和各个环节高合金钢好几个好几个号结构化更换金龟换酒规划局规划局更换规划局规划局规划局或过过过过过过过过过过过过过过从GV很过分不和你GV那边VB女干部女包&lt;/p&gt;',1573105424,1573105424,'2019年','0-1000','银色'),(21,136,'&lt;p&gt;&lt;br/&gt;&lt;/p&gt;&lt;p&gt;&lt;br/&gt;&lt;/p&gt;&lt;p&gt;&amp;nbsp;&amp;nbsp;&amp;nbsp;&amp;nbsp;&amp;nbsp;&amp;nbsp;&amp;nbsp;&amp;nbsp;&amp;nbsp;&amp;nbsp;&amp;nbsp;&amp;nbsp;&amp;nbsp;&amp;nbsp;&amp;nbsp;&amp;nbsp;法规的规定法规刚发的分段非常的高兴丰富的各个地方哥梵蒂冈程序梵蒂冈下次鬼地方个电饭锅发给想个想工作血常规地方从V型小CVBS&lt;/p&gt;&lt;p&gt;&lt;br/&gt;&lt;/p&gt;&lt;p&gt;&amp;nbsp;&amp;nbsp;&amp;nbsp;&amp;nbsp;&amp;nbsp;&amp;nbsp;&amp;nbsp;&amp;nbsp;&amp;nbsp;&amp;nbsp;&amp;nbsp;&amp;nbsp;&amp;nbsp;&amp;nbsp;&amp;nbsp;&amp;nbsp;&amp;nbsp;&amp;nbsp;&amp;nbsp;&amp;nbsp;&amp;nbsp;&amp;nbsp;&amp;nbsp;&amp;nbsp;&amp;nbsp;&amp;nbsp;&amp;nbsp;&amp;nbsp;&amp;nbsp;&amp;nbsp;&amp;nbsp;&amp;nbsp;&amp;nbsp;&amp;nbsp;&lt;img style=&quot;height: 889px; max-width: 100% !important; width: 815px;&quot; src=&quot;/uploads/ueditor/20191107/1-19110G60A4347.jpg&quot; title=&quot;1-19110G60A4347.jpg&quot; alt=&quot;1-19110G60A4347.jpg&quot; width=&quot;815&quot; height=&quot;889&quot;/&gt;&lt;/p&gt;',1573114073,1573114073,'2019年','0-1000','银色'),(22,141,'&lt;p&gt;&amp;nbsp;&amp;nbsp;&amp;nbsp;&amp;nbsp;&amp;nbsp;&amp;nbsp;&amp;nbsp;&amp;nbsp;&amp;nbsp;&amp;nbsp;&amp;nbsp;&amp;nbsp;&amp;nbsp;&amp;nbsp;&amp;nbsp;&amp;nbsp;&amp;nbsp;&amp;nbsp;&amp;nbsp;&amp;nbsp;&amp;nbsp;&amp;nbsp;&amp;nbsp;&amp;nbsp;&amp;nbsp;&amp;nbsp;&amp;nbsp;&amp;nbsp;&amp;nbsp;&amp;nbsp;&amp;nbsp;&amp;nbsp;&amp;nbsp;&amp;nbsp;&amp;nbsp;&amp;nbsp;&amp;nbsp;&amp;nbsp;&amp;nbsp;&amp;nbsp;&amp;nbsp;&amp;nbsp;&amp;nbsp;&amp;nbsp;&amp;nbsp;&amp;nbsp;&amp;nbsp;&amp;nbsp;&amp;nbsp;&amp;nbsp;&amp;nbsp;&amp;nbsp;&amp;nbsp;&amp;nbsp;&amp;nbsp;&amp;nbsp;&amp;nbsp;&amp;nbsp;&amp;nbsp;&amp;nbsp;&amp;nbsp;&amp;nbsp;&amp;nbsp;&amp;nbsp;&amp;nbsp;&amp;nbsp;&amp;nbsp;&amp;nbsp;&amp;nbsp;&amp;nbsp;&amp;nbsp;&amp;nbsp;&amp;nbsp;&amp;nbsp;&amp;nbsp;&amp;nbsp;&amp;nbsp;&amp;nbsp;&amp;nbsp;&amp;nbsp;&amp;nbsp;&amp;nbsp;&amp;nbsp;&amp;nbsp;&amp;nbsp;&amp;nbsp;&amp;nbsp;&amp;nbsp;&amp;nbsp;&amp;nbsp;&amp;nbsp;&amp;nbsp;&amp;nbsp;&amp;nbsp;&amp;nbsp;&amp;nbsp;&amp;nbsp;&amp;nbsp;&amp;nbsp;&amp;nbsp;打撒大萨达施工方法刚才保存吧VBVC&lt;/p&gt;&lt;p&gt;&amp;nbsp;&amp;nbsp;&amp;nbsp;&amp;nbsp;&amp;nbsp;&amp;nbsp;&amp;nbsp;&amp;nbsp;&amp;nbsp;&amp;nbsp;&amp;nbsp;&amp;nbsp;&amp;nbsp;&amp;nbsp;&amp;nbsp;&amp;nbsp;&amp;nbsp; &amp;nbsp; &amp;nbsp; &amp;nbsp; &amp;nbsp; &amp;nbsp; &amp;nbsp; &amp;nbsp;&amp;nbsp;&amp;nbsp;&amp;nbsp;&amp;nbsp;&amp;nbsp;&amp;nbsp;&amp;nbsp;&amp;nbsp;&amp;nbsp;&amp;nbsp;&amp;nbsp;&amp;nbsp;&amp;nbsp;&amp;nbsp;&amp;nbsp;&amp;nbsp; &amp;nbsp; &amp;nbsp; &amp;nbsp; &amp;nbsp; &amp;nbsp; &amp;nbsp; &amp;nbsp; &amp;nbsp;&amp;nbsp;&amp;nbsp;&amp;nbsp;&amp;nbsp;&lt;img src=&quot;http://vstation.io/uploads/ueditor/20191107/1-19110G60R5139.jpg&quot; title=&quot;1-19110G60R5139.jpg&quot; alt=&quot;1-19110G60R5139.jpg&quot; style=&quot;white-space: normal;&quot;/&gt;&lt;/p&gt;',1573114127,1573114127,'2019年','0-1000','银色'),(24,5,'&lt;p&gt;风格都好贵丰东股份多个地方发过的大锅饭 发过的&lt;/p&gt;',1573203902,1573203902,'2019年','0-1000','银色'),(25,6,'&lt;p&gt;士大夫电风扇士大夫&lt;/p&gt;',1573203932,1573203932,'2019年','0-1000','银色'),(26,187,'&lt;p&gt;&lt;img src=&quot;http://www.gkbplc.com/uploads/ueditor/20191114/1-191114150414493.png&quot; title=&quot;1-191114150414493.png&quot; alt=&quot;1-191114150414493.png&quot; width=&quot;563&quot; height=&quot;421&quot; style=&quot;max-width:100%!important;height:auto;white-space: normal; width: 563px; height: 421px;&quot;/&gt;&lt;img src=&quot;/uploads/ueditor/20191114/1-191114150601450.png&quot; title=&quot;1-191114150601450.png&quot; alt=&quot;1-191114150601450.png&quot; width=&quot;563&quot; height=&quot;421&quot; style=&quot;max-width:100%!important;height:auto;white-space: normal; width: 563px; height: 421px;&quot;/&gt;&lt;img src=&quot;/uploads/ueditor/20191114/1-1911141506214J.jpg&quot; title=&quot;1-1911141506214J.jpg&quot; alt=&quot;1-1911141506214J.jpg&quot; width=&quot;563&quot; height=&quot;421&quot; style=&quot;max-width:100%!important;height:auto;white-space: normal; width: 563px; height: 421px;&quot;/&gt;&lt;img src=&quot;/uploads/ueditor/20191114/1-19111415063b07.png&quot; title=&quot;1-19111415063b07.png&quot; alt=&quot;1-19111415063b07.png&quot; width=&quot;563&quot; height=&quot;421&quot; style=&quot;max-width:100%!important;height:auto;white-space: normal; width: 563px; height: 421px;&quot;/&gt;&lt;img src=&quot;/uploads/ueditor/20191114/1-191114150AH19.jpg&quot; title=&quot;1-191114150AH19.jpg&quot; alt=&quot;1-191114150AH19.jpg&quot; width=&quot;563&quot; height=&quot;421&quot; style=&quot;max-width:100%!important;height:auto;white-space: normal; width: 563px; height: 421px;&quot;/&gt;&lt;img src=&quot;/uploads/ueditor/20191114/1-191114150G1614.jpg&quot; title=&quot;1-191114150G1614.jpg&quot; alt=&quot;1-191114150G1614.jpg&quot; width=&quot;563&quot; height=&quot;421&quot; style=&quot;max-width:100%!important;height:auto;white-space: normal; width: 563px; height: 421px;&quot;/&gt;&lt;img src=&quot;/uploads/ueditor/20191114/1-191114150HG52.jpg&quot; title=&quot;1-191114150HG52.jpg&quot; alt=&quot;1-191114150HG52.jpg&quot; width=&quot;563&quot; height=&quot;421&quot; style=&quot;max-width:100%!important;height:auto;white-space: normal; width: 563px; height: 421px;&quot;/&gt;&lt;img src=&quot;/uploads/ueditor/20191114/1-191114150J1641.jpg&quot; title=&quot;1-191114150J1641.jpg&quot; alt=&quot;1-191114150J1641.jpg&quot; width=&quot;563&quot; height=&quot;421&quot; style=&quot;max-width:100%!important;height:auto;white-space: normal; width: 563px; height: 421px;&quot;/&gt;&lt;img src=&quot;/uploads/ueditor/20191114/1-191114150P34T.jpg&quot; title=&quot;1-191114150P34T.jpg&quot; alt=&quot;1-191114150P34T.jpg&quot; width=&quot;563&quot; height=&quot;421&quot; style=&quot;max-width:100%!important;height:auto;white-space: normal; width: 563px; height: 421px;&quot;/&gt;&lt;img src=&quot;/uploads/ueditor/20191114/1-191114150Q9C0.png&quot; title=&quot;1-191114150Q9C0.png&quot; alt=&quot;1-191114150Q9C0.png&quot; width=&quot;563&quot; height=&quot;421&quot; style=&quot;max-width:100%!important;height:auto;white-space: normal; width: 563px; height: 421px;&quot;/&gt;&lt;img src=&quot;/uploads/ueditor/20191114/1-191114150T0b8.png&quot; title=&quot;1-191114150T0b8.png&quot; alt=&quot;1-191114150T0b8.png&quot; width=&quot;563&quot; height=&quot;421&quot; style=&quot;max-width:100%!important;height:auto;white-space: normal; width: 563px; height: 421px;&quot;/&gt;&lt;img src=&quot;/uploads/ueditor/20191114/1-191114150U4538.jpg&quot; title=&quot;1-191114150U4538.jpg&quot; alt=&quot;1-191114150U4538.jpg&quot; width=&quot;563&quot; height=&quot;421&quot; style=&quot;max-width:100%!important;height:auto;white-space: normal; width: 563px; height: 421px;&quot;/&gt;&lt;/p&gt;',1573715341,1573715341,'2019年','0-1000','银色'),(27,188,'',1573710916,1573710916,'2019年','0-1000','银色'),(28,189,'&lt;p&gt;dfgfgddfgfdg&lt;/p&gt;',1573710896,1573710896,'2019年','0-1000','银色'),(29,190,'',1573710879,1573710879,'2019年','0-1000','银色');
/*!40000 ALTER TABLE `hw_product_content` ENABLE KEYS */;

#
# Structure for table "hw_product_img"
#

DROP TABLE IF EXISTS `hw_product_img`;
CREATE TABLE `hw_product_img` (
  `img_id` mediumint(8) unsigned NOT NULL AUTO_INCREMENT COMMENT '自增ID',
  `aid` mediumint(8) unsigned NOT NULL DEFAULT '0' COMMENT '产品ID',
  `title` varchar(200) DEFAULT '' COMMENT '产品标题',
  `image_url` varchar(255) DEFAULT '' COMMENT '文件存储路径',
  `intro` varchar(2000) DEFAULT '' COMMENT '图集描述',
  `width` int(11) DEFAULT '0' COMMENT '图片宽度',
  `height` int(11) DEFAULT '0' COMMENT '图片高度',
  `filesize` varchar(255) DEFAULT '' COMMENT '文件大小',
  `mime` varchar(50) DEFAULT '' COMMENT '图片类型',
  `sort_order` smallint(5) DEFAULT '0' COMMENT '排序',
  `add_time` int(10) unsigned DEFAULT '0' COMMENT '上传时间',
  PRIMARY KEY (`img_id`),
  KEY `arcid` (`aid`) USING BTREE
) ENGINE=MyISAM AUTO_INCREMENT=186 DEFAULT CHARSET=utf8 COMMENT='产品图片表';

#
# Data for table "hw_product_img"
#

/*!40000 ALTER TABLE `hw_product_img` DISABLE KEYS */;
INSERT INTO `hw_product_img` VALUES (51,53,'Millet Bluetooth Necklace Headset','/uploads/allimg/20181220/d2464706d9e621164caa8d613f6e3ed7.jpg','',400,400,'0','image/jpeg',1,1545270011),(52,53,'Millet Bluetooth Necklace Headset','/uploads/allimg/20181220/e574d239dda300f806d5cb0c3d3f993e.jpg','',400,400,'0','image/jpeg',2,1545270011),(53,53,'Millet Bluetooth Necklace Headset','/uploads/allimg/20181220/076dc6f94445ca25c80f9bdd76fd51ca.jpg','',400,400,'0','image/jpeg',3,1545270011),(54,54,'Millet notebook Air 13.3','/uploads/allimg/20181220/da4e2737e982fd5655a8945e85a57773.jpg','',560,560,'0','image/jpeg',1,1545270139),(55,54,'Millet notebook Air 13.3','/uploads/allimg/20181220/28b9c72484b187acc2562553bf4e2751.jpg','',400,400,'0','image/jpeg',2,1545270139),(56,55,'HUAWEI NOTE 8','/uploads/allimg/20181220/a0f7262557ef417ad237ff268843ff7e.jpg','',400,400,'0','image/jpeg',1,1545270361),(61,56,'Apple iPhone 6s 16GB ','/uploads/allimg/20181220/658d0bdb72a0798baea2b255384e7c7a.jpg','',800,800,'0','image/jpeg',1,1545270643),(62,56,'Apple iPhone 6s 16GB ','/uploads/allimg/20181220/f4bba94ad9473b0ef23517613eed5bc8.jpg','',800,800,'0','image/jpeg',2,1545270643),(63,56,'Apple iPhone 6s 16GB ','/uploads/allimg/20181220/23004c3ebfc092aa34f94e28d849bc4f.jpg','',800,800,'0','image/jpeg',3,1545270643),(64,56,'Apple iPhone 6s 16GB ','/uploads/allimg/20181220/91d1360d886bfaedae98ab0b2a0e2adb.jpg','',800,800,'0','image/jpeg',4,1545270643),(184,190,'aaaa','/uploads/allimg/20191105/1-19110515512VY.jpg','',585,330,'31508','image/jpeg',1,1573710879),(185,190,'aaaa','/uploads/allimg/20191107/1-19110G14223B8.jpg','',585,330,'38049','image/jpeg',2,1573710879);
/*!40000 ALTER TABLE `hw_product_img` ENABLE KEYS */;

#
# Structure for table "hw_product_spec_data"
#

DROP TABLE IF EXISTS `hw_product_spec_data`;
CREATE TABLE `hw_product_spec_data` (
  `spec_id` int(10) unsigned NOT NULL AUTO_INCREMENT COMMENT '自增ID',
  `aid` int(10) DEFAULT '0' COMMENT '产品ID',
  `spec_mark_id` int(10) DEFAULT '0' COMMENT '规格标记ID',
  `spec_name` varchar(100) DEFAULT '' COMMENT '规格名称',
  `spec_value_id` int(10) DEFAULT '0' COMMENT '规格值ID',
  `spec_value` varchar(100) DEFAULT '' COMMENT '规格值',
  `spec_is_select` tinyint(1) DEFAULT '0' COMMENT '是否选中（0=否，1=是）',
  `lang` varchar(50) DEFAULT 'cn' COMMENT '语言标识',
  `add_time` int(11) DEFAULT '0' COMMENT '新增时间',
  `update_time` int(11) DEFAULT '0' COMMENT '更新时间',
  PRIMARY KEY (`spec_id`)
) ENGINE=MyISAM AUTO_INCREMENT=34 DEFAULT CHARSET=utf8 COMMENT='产品规格数据表';

#
# Data for table "hw_product_spec_data"
#

/*!40000 ALTER TABLE `hw_product_spec_data` DISABLE KEYS */;
INSERT INTO `hw_product_spec_data` VALUES (1,27,1,'产品颜色',1,'红',1,'cn',1571037785,1571037789),(2,27,1,'产品颜色',2,'蓝',1,'cn',1571037785,1571037790),(3,27,1,'产品颜色',3,'黄',1,'cn',1571037785,1571037792),(4,37,1,'产品颜色',1,'红',1,'cn',1571037916,1571037918),(5,37,1,'产品颜色',2,'蓝',1,'cn',1571037916,1571037919),(6,37,1,'产品颜色',3,'黄',1,'cn',1571037916,1571037920),(7,90,1,'产品颜色',1,'红',1,'cn',1571038017,1571038018),(8,90,1,'产品颜色',2,'蓝',1,'cn',1571038017,1571038019),(9,90,1,'产品颜色',3,'黄',1,'cn',1571038017,1571038020),(10,102,1,'产品颜色',1,'红',1,'cn',1571038068,1571038070),(11,102,1,'产品颜色',2,'蓝',1,'cn',1571038068,1571038071),(12,102,1,'产品颜色',3,'黄',1,'cn',1571038068,1571038072),(13,103,1,'产品颜色',1,'红',1,'cn',1571038093,1571038095),(14,103,1,'产品颜色',2,'蓝',1,'cn',1571038093,1571038097),(15,103,1,'产品颜色',3,'黄',1,'cn',1571038093,1571038098),(16,101,1,'产品颜色',1,'红',1,'cn',1571038124,1571038126),(17,101,1,'产品颜色',2,'蓝',1,'cn',1571038124,1571038127),(18,101,1,'产品颜色',3,'黄',1,'cn',1571038124,1571038129),(19,29,1,'产品颜色',1,'红',1,'cn',1571038143,1571038146),(20,29,1,'产品颜色',2,'蓝',1,'cn',1571038143,1571038147),(21,29,1,'产品颜色',3,'黄',1,'cn',1571038143,1571038148),(22,28,1,'产品颜色',1,'红',1,'cn',1571038168,1571038170),(23,28,1,'产品颜色',2,'蓝',1,'cn',1571038168,1571038171),(24,28,1,'产品颜色',3,'黄',1,'cn',1571038168,1571038172),(25,98,1,'产品颜色',1,'红',1,'cn',1571038214,1571038215),(26,98,1,'产品颜色',2,'蓝',1,'cn',1571038214,1571038216),(27,98,1,'产品颜色',3,'黄',1,'cn',1571038214,1571038217),(28,99,1,'产品颜色',1,'红',1,'cn',1571038241,1571038242),(29,99,1,'产品颜色',2,'蓝',1,'cn',1571038241,1571038244),(30,99,1,'产品颜色',3,'黄',1,'cn',1571038241,1571038243),(31,100,1,'产品颜色',1,'红',1,'cn',1571038261,1571038263),(32,100,1,'产品颜色',2,'蓝',1,'cn',1571038261,1571038264),(33,100,1,'产品颜色',3,'黄',1,'cn',1571038261,1571038264);
/*!40000 ALTER TABLE `hw_product_spec_data` ENABLE KEYS */;

#
# Structure for table "hw_product_spec_preset"
#

DROP TABLE IF EXISTS `hw_product_spec_preset`;
CREATE TABLE `hw_product_spec_preset` (
  `preset_id` int(10) unsigned NOT NULL AUTO_INCREMENT COMMENT '自增ID',
  `preset_mark_id` int(10) DEFAULT '0' COMMENT '预设参数标记ID',
  `preset_name` varchar(100) DEFAULT '' COMMENT '规格名称',
  `preset_value` varchar(100) DEFAULT '' COMMENT '规格值',
  `sort_order` int(10) DEFAULT '100' COMMENT '排序号',
  `lang` varchar(50) DEFAULT 'cn' COMMENT '语言标识',
  `add_time` int(11) DEFAULT '0' COMMENT '新增时间',
  `update_time` int(11) DEFAULT '0' COMMENT '更新时间',
  PRIMARY KEY (`preset_id`)
) ENGINE=MyISAM AUTO_INCREMENT=4 DEFAULT CHARSET=utf8 COMMENT='产品规格预设表';

#
# Data for table "hw_product_spec_preset"
#

/*!40000 ALTER TABLE `hw_product_spec_preset` DISABLE KEYS */;
INSERT INTO `hw_product_spec_preset` VALUES (1,1,'产品颜色','红',100,'cn',1565752372,1565752623),(2,1,'产品颜色','蓝',100,'cn',1565752372,1565752623),(3,1,'产品颜色','黄',100,'cn',1565752372,1565752623);
/*!40000 ALTER TABLE `hw_product_spec_preset` ENABLE KEYS */;

#
# Structure for table "hw_product_spec_value"
#

DROP TABLE IF EXISTS `hw_product_spec_value`;
CREATE TABLE `hw_product_spec_value` (
  `value_id` int(10) unsigned NOT NULL AUTO_INCREMENT COMMENT '自增ID',
  `aid` int(10) NOT NULL DEFAULT '0' COMMENT '产品ID',
  `spec_value_id` varchar(100) NOT NULL DEFAULT '' COMMENT '规格值ID',
  `spec_price` decimal(10,2) NOT NULL DEFAULT '0.00' COMMENT '规格价格',
  `spec_stock` int(10) NOT NULL DEFAULT '0' COMMENT '规格库存',
  `spec_sales_num` int(10) NOT NULL DEFAULT '0' COMMENT '销售量',
  `lang` varchar(50) DEFAULT 'cn' COMMENT '语言标识',
  `add_time` int(11) DEFAULT '0' COMMENT '新增时间',
  `update_time` int(11) DEFAULT '0' COMMENT '更新时间',
  PRIMARY KEY (`value_id`)
) ENGINE=MyISAM AUTO_INCREMENT=40 DEFAULT CHARSET=utf8 COMMENT='产品多规格组装表';

#
# Data for table "hw_product_spec_value"
#

/*!40000 ALTER TABLE `hw_product_spec_value` DISABLE KEYS */;
INSERT INTO `hw_product_spec_value` VALUES (4,37,'1',3109.00,999,0,'cn',1571038012,1571038012),(5,37,'2',3169.00,999,0,'cn',1571038012,1571038012),(6,37,'3',3200.00,999,0,'cn',1571038012,1571038012),(7,90,'1',1709.00,999,0,'cn',1571038043,1571038043),(8,90,'2',1759.00,999,0,'cn',1571038043,1571038043),(9,90,'3',1799.00,999,0,'cn',1571038043,1571038043),(10,102,'1',319.00,999,0,'cn',1571038089,1571038089),(11,102,'2',329.00,999,0,'cn',1571038089,1571038089),(12,102,'3',339.00,999,0,'cn',1571038089,1571038089),(13,103,'1',539.00,999,0,'cn',1571038114,1571038114),(14,103,'2',569.00,999,0,'cn',1571038114,1571038114),(15,103,'3',599.00,999,0,'cn',1571038114,1571038114),(16,101,'1',99.00,999,0,'cn',1571038139,1571038139),(17,101,'2',99.00,999,0,'cn',1571038139,1571038139),(18,101,'3',99.00,999,0,'cn',1571038139,1571038139),(19,29,'1',198.00,999,0,'cn',1571038156,1571038156),(20,29,'2',198.00,999,0,'cn',1571038156,1571038156),(21,29,'3',198.00,999,0,'cn',1571038156,1571038156),(22,28,'1',4530.00,999,0,'cn',1571038210,1571038210),(23,28,'2',4560.00,999,0,'cn',1571038210,1571038210),(24,28,'3',4600.00,999,0,'cn',1571038210,1571038210),(25,98,'1',6939.00,999,0,'cn',1571038231,1571038231),(26,98,'2',6969.00,999,0,'cn',1571038231,1571038231),(27,98,'3',6999.00,999,0,'cn',1571038231,1571038231),(28,99,'1',5239.00,999,0,'cn',1571038257,1571038257),(29,99,'3',5269.00,999,0,'cn',1571038257,1571038257),(30,99,'2',5299.00,999,0,'cn',1571038257,1571038257),(31,100,'1',5499.00,999,0,'cn',1571038273,1571038273),(32,100,'2',5499.00,999,0,'cn',1571038273,1571038273),(33,100,'3',5499.00,999,0,'cn',1571038273,1571038273),(37,27,'1',1909.00,998,1,'cn',1571038748,1571038748),(38,27,'2',1959.00,997,2,'cn',1571038748,1571038748),(39,27,'3',1999.00,996,3,'cn',1571038748,1571038748);
/*!40000 ALTER TABLE `hw_product_spec_value` ENABLE KEYS */;

#
# Structure for table "hw_recruit_content"
#

DROP TABLE IF EXISTS `hw_recruit_content`;
CREATE TABLE `hw_recruit_content` (
  `id` int(10) NOT NULL AUTO_INCREMENT,
  `aid` int(10) DEFAULT '0' COMMENT '文档ID',
  `add_time` int(11) DEFAULT '0' COMMENT '新增时间',
  `update_time` int(11) DEFAULT '0' COMMENT '更新时间',
  `gzdd` varchar(200) NOT NULL DEFAULT '' COMMENT '工作地点',
  `xlyq` varchar(200) NOT NULL DEFAULT '' COMMENT '学历要求',
  `xzdy` varchar(200) NOT NULL DEFAULT '' COMMENT '薪资待遇',
  `gzxz` varchar(200) NOT NULL DEFAULT '' COMMENT '工作性质',
  `gznx` varchar(200) NOT NULL DEFAULT '' COMMENT '工作年限',
  `zprs` varchar(200) NOT NULL DEFAULT '' COMMENT '招聘人数',
  `nnxq` longtext COMMENT '内容详情',
  PRIMARY KEY (`id`),
  KEY `aid` (`aid`) USING BTREE
) ENGINE=MyISAM AUTO_INCREMENT=7 DEFAULT CHARSET=utf8 COMMENT='附加表';

#
# Data for table "hw_recruit_content"
#

/*!40000 ALTER TABLE `hw_recruit_content` DISABLE KEYS */;
INSERT INTO `hw_recruit_content` VALUES (1,82,1563528211,1563528211,'广州市','中专以上学历','5000-10000元','全职','1年以上','若干','&lt;p&gt;工作内容：&lt;br style=&quot;outline: 0px; text-size-adjust: none; -webkit-tap-highlight-color: rgba(0, 0, 0, 0.05); color: rgb(46, 52, 59); font-family: &amp;quot;Microsoft YaHei&amp;quot;, &amp;quot;Hiragino Sans GB&amp;quot;, 微软雅黑, arial, Tahoma, SimSun, sans-serif; font-size: 14px; white-space: normal; background-color: rgb(255, 255, 255);&quot;/&gt;1、负责公司手机游戏产品的在线推广；&lt;br style=&quot;outline: 0px; text-size-adjust: none; -webkit-tap-highlight-color: rgba(0, 0, 0, 0.05); color: rgb(46, 52, 59); font-family: &amp;quot;Microsoft YaHei&amp;quot;, &amp;quot;Hiragino Sans GB&amp;quot;, 微软雅黑, arial, Tahoma, SimSun, sans-serif; font-size: 14px; white-space: normal; background-color: rgb(255, 255, 255);&quot;/&gt;2、做好每天的推广统计，定制有效的投放策略并执行；&lt;br style=&quot;outline: 0px; text-size-adjust: none; -webkit-tap-highlight-color: rgba(0, 0, 0, 0.05); color: rgb(46, 52, 59); font-family: &amp;quot;Microsoft YaHei&amp;quot;, &amp;quot;Hiragino Sans GB&amp;quot;, 微软雅黑, arial, Tahoma, SimSun, sans-serif; font-size: 14px; white-space: normal; background-color: rgb(255, 255, 255);&quot;/&gt;3、完成每天的业绩要求，只要你努力，月入过万不是梦&lt;br style=&quot;outline: 0px; text-size-adjust: none; -webkit-tap-highlight-color: rgba(0, 0, 0, 0.05); color: rgb(46, 52, 59); font-family: &amp;quot;Microsoft YaHei&amp;quot;, &amp;quot;Hiragino Sans GB&amp;quot;, 微软雅黑, arial, Tahoma, SimSun, sans-serif; font-size: 14px; white-space: normal; background-color: rgb(255, 255, 255);&quot;/&gt;职位要求：&lt;br style=&quot;outline: 0px; text-size-adjust: none; -webkit-tap-highlight-color: rgba(0, 0, 0, 0.05); color: rgb(46, 52, 59); font-family: &amp;quot;Microsoft YaHei&amp;quot;, &amp;quot;Hiragino Sans GB&amp;quot;, 微软雅黑, arial, Tahoma, SimSun, sans-serif; font-size: 14px; white-space: normal; background-color: rgb(255, 255, 255);&quot;/&gt;1学历不限，欢迎优秀应届生（优秀者可放宽）；男女不限，19~24岁&lt;br style=&quot;outline: 0px; text-size-adjust: none; -webkit-tap-highlight-color: rgba(0, 0, 0, 0.05); color: rgb(46, 52, 59); font-family: &amp;quot;Microsoft YaHei&amp;quot;, &amp;quot;Hiragino Sans GB&amp;quot;, 微软雅黑, arial, Tahoma, SimSun, sans-serif; font-size: 14px; white-space: normal; background-color: rgb(255, 255, 255);&quot;/&gt;2.亲和力强、沟通流畅、重点突出；&lt;br style=&quot;outline: 0px; text-size-adjust: none; -webkit-tap-highlight-color: rgba(0, 0, 0, 0.05); color: rgb(46, 52, 59); font-family: &amp;quot;Microsoft YaHei&amp;quot;, &amp;quot;Hiragino Sans GB&amp;quot;, 微软雅黑, arial, Tahoma, SimSun, sans-serif; font-size: 14px; white-space: normal; background-color: rgb(255, 255, 255);&quot;/&gt;3.个性开朗、反应敏捷，有较强的服务意识和责任心；&lt;br style=&quot;outline: 0px; text-size-adjust: none; -webkit-tap-highlight-color: rgba(0, 0, 0, 0.05); color: rgb(46, 52, 59); font-family: &amp;quot;Microsoft YaHei&amp;quot;, &amp;quot;Hiragino Sans GB&amp;quot;, 微软雅黑, arial, Tahoma, SimSun, sans-serif; font-size: 14px; white-space: normal; background-color: rgb(255, 255, 255);&quot;/&gt;4.能熟练运用QQ及微信聊天软件，懂得电脑的基本操作，打字速度不限&lt;br style=&quot;outline: 0px; text-size-adjust: none; -webkit-tap-highlight-color: rgba(0, 0, 0, 0.05); color: rgb(46, 52, 59); font-family: &amp;quot;Microsoft YaHei&amp;quot;, &amp;quot;Hiragino Sans GB&amp;quot;, 微软雅黑, arial, Tahoma, SimSun, sans-serif; font-size: 14px; white-space: normal; background-color: rgb(255, 255, 255);&quot;/&gt;我们期待怀揣梦想的你加入我们！&lt;br style=&quot;outline: 0px; text-size-adjust: none; -webkit-tap-highlight-color: rgba(0, 0, 0, 0.05); color: rgb(46, 52, 59); font-family: &amp;quot;Microsoft YaHei&amp;quot;, &amp;quot;Hiragino Sans GB&amp;quot;, 微软雅黑, arial, Tahoma, SimSun, sans-serif; font-size: 14px; white-space: normal; background-color: rgb(255, 255, 255);&quot;/&gt;5、有经验者优先考虑！！！！！&lt;/p&gt;'),(2,83,1563528292,1563528292,'广州市','中专以上学历','5000-8000元','全职','2年以上','2位','&lt;p&gt;&lt;span style=&quot;color: rgb(46, 52, 59); font-family: &amp;quot;Microsoft YaHei&amp;quot;, &amp;quot;Hiragino Sans GB&amp;quot;, 微软雅黑, arial, Tahoma, SimSun, sans-serif; font-size: 14px; background-color: rgb(255, 255, 255);&quot;&gt;岗位职责：&lt;/span&gt;&lt;br style=&quot;outline: 0px; text-size-adjust: none; -webkit-tap-highlight-color: rgba(0, 0, 0, 0.05); color: rgb(46, 52, 59); font-family: &amp;quot;Microsoft YaHei&amp;quot;, &amp;quot;Hiragino Sans GB&amp;quot;, 微软雅黑, arial, Tahoma, SimSun, sans-serif; font-size: 14px; white-space: normal; background-color: rgb(255, 255, 255);&quot;/&gt;&lt;span style=&quot;color: rgb(46, 52, 59); font-family: &amp;quot;Microsoft YaHei&amp;quot;, &amp;quot;Hiragino Sans GB&amp;quot;, 微软雅黑, arial, Tahoma, SimSun, sans-serif; font-size: 14px; background-color: rgb(255, 255, 255);&quot;&gt;1、负责网站相关栏目、信息的搜集、编辑、发布等工作。&lt;/span&gt;&lt;br style=&quot;outline: 0px; text-size-adjust: none; -webkit-tap-highlight-color: rgba(0, 0, 0, 0.05); color: rgb(46, 52, 59); font-family: &amp;quot;Microsoft YaHei&amp;quot;, &amp;quot;Hiragino Sans GB&amp;quot;, 微软雅黑, arial, Tahoma, SimSun, sans-serif; font-size: 14px; white-space: normal; background-color: rgb(255, 255, 255);&quot;/&gt;&lt;span style=&quot;color: rgb(46, 52, 59); font-family: &amp;quot;Microsoft YaHei&amp;quot;, &amp;quot;Hiragino Sans GB&amp;quot;, 微软雅黑, arial, Tahoma, SimSun, sans-serif; font-size: 14px; background-color: rgb(255, 255, 255);&quot;&gt;2、完成信息内容的策划和日常信息的更新与维护。&lt;/span&gt;&lt;br style=&quot;outline: 0px; text-size-adjust: none; -webkit-tap-highlight-color: rgba(0, 0, 0, 0.05); color: rgb(46, 52, 59); font-family: &amp;quot;Microsoft YaHei&amp;quot;, &amp;quot;Hiragino Sans GB&amp;quot;, 微软雅黑, arial, Tahoma, SimSun, sans-serif; font-size: 14px; white-space: normal; background-color: rgb(255, 255, 255);&quot;/&gt;&lt;span style=&quot;color: rgb(46, 52, 59); font-family: &amp;quot;Microsoft YaHei&amp;quot;, &amp;quot;Hiragino Sans GB&amp;quot;, 微软雅黑, arial, Tahoma, SimSun, sans-serif; font-size: 14px; background-color: rgb(255, 255, 255);&quot;&gt;3、编写网站宣传资料及相关产品信息。&lt;/span&gt;&lt;br style=&quot;outline: 0px; text-size-adjust: none; -webkit-tap-highlight-color: rgba(0, 0, 0, 0.05); color: rgb(46, 52, 59); font-family: &amp;quot;Microsoft YaHei&amp;quot;, &amp;quot;Hiragino Sans GB&amp;quot;, 微软雅黑, arial, Tahoma, SimSun, sans-serif; font-size: 14px; white-space: normal; background-color: rgb(255, 255, 255);&quot;/&gt;&lt;span style=&quot;color: rgb(46, 52, 59); font-family: &amp;quot;Microsoft YaHei&amp;quot;, &amp;quot;Hiragino Sans GB&amp;quot;, 微软雅黑, arial, Tahoma, SimSun, sans-serif; font-size: 14px; background-color: rgb(255, 255, 255);&quot;&gt;4、配合部门编辑策划推广活动。&lt;/span&gt;&lt;br style=&quot;outline: 0px; text-size-adjust: none; -webkit-tap-highlight-color: rgba(0, 0, 0, 0.05); color: rgb(46, 52, 59); font-family: &amp;quot;Microsoft YaHei&amp;quot;, &amp;quot;Hiragino Sans GB&amp;quot;, 微软雅黑, arial, Tahoma, SimSun, sans-serif; font-size: 14px; white-space: normal; background-color: rgb(255, 255, 255);&quot;/&gt;&lt;span style=&quot;color: rgb(46, 52, 59); font-family: &amp;quot;Microsoft YaHei&amp;quot;, &amp;quot;Hiragino Sans GB&amp;quot;, 微软雅黑, arial, Tahoma, SimSun, sans-serif; font-size: 14px; background-color: rgb(255, 255, 255);&quot;&gt;5、部门总监下发的其他任务。&lt;/span&gt;&lt;br style=&quot;outline: 0px; text-size-adjust: none; -webkit-tap-highlight-color: rgba(0, 0, 0, 0.05); color: rgb(46, 52, 59); font-family: &amp;quot;Microsoft YaHei&amp;quot;, &amp;quot;Hiragino Sans GB&amp;quot;, 微软雅黑, arial, Tahoma, SimSun, sans-serif; font-size: 14px; white-space: normal; background-color: rgb(255, 255, 255);&quot;/&gt;&lt;span style=&quot;color: rgb(46, 52, 59); font-family: &amp;quot;Microsoft YaHei&amp;quot;, &amp;quot;Hiragino Sans GB&amp;quot;, 微软雅黑, arial, Tahoma, SimSun, sans-serif; font-size: 14px; background-color: rgb(255, 255, 255);&quot;&gt;任职资格：&lt;/span&gt;&lt;br style=&quot;outline: 0px; text-size-adjust: none; -webkit-tap-highlight-color: rgba(0, 0, 0, 0.05); color: rgb(46, 52, 59); font-family: &amp;quot;Microsoft YaHei&amp;quot;, &amp;quot;Hiragino Sans GB&amp;quot;, 微软雅黑, arial, Tahoma, SimSun, sans-serif; font-size: 14px; white-space: normal; background-color: rgb(255, 255, 255);&quot;/&gt;&lt;span style=&quot;color: rgb(46, 52, 59); font-family: &amp;quot;Microsoft YaHei&amp;quot;, &amp;quot;Hiragino Sans GB&amp;quot;, 微软雅黑, arial, Tahoma, SimSun, sans-serif; font-size: 14px; background-color: rgb(255, 255, 255);&quot;&gt;1、编辑、新闻、中文等相关专业优先，大专及以上学历。&lt;/span&gt;&lt;br style=&quot;outline: 0px; text-size-adjust: none; -webkit-tap-highlight-color: rgba(0, 0, 0, 0.05); color: rgb(46, 52, 59); font-family: &amp;quot;Microsoft YaHei&amp;quot;, &amp;quot;Hiragino Sans GB&amp;quot;, 微软雅黑, arial, Tahoma, SimSun, sans-serif; font-size: 14px; white-space: normal; background-color: rgb(255, 255, 255);&quot;/&gt;&lt;span style=&quot;color: rgb(46, 52, 59); font-family: &amp;quot;Microsoft YaHei&amp;quot;, &amp;quot;Hiragino Sans GB&amp;quot;, 微软雅黑, arial, Tahoma, SimSun, sans-serif; font-size: 14px; background-color: rgb(255, 255, 255);&quot;&gt;2、有编辑或从事相关工作经验优先。&lt;/span&gt;&lt;br style=&quot;outline: 0px; text-size-adjust: none; -webkit-tap-highlight-color: rgba(0, 0, 0, 0.05); color: rgb(46, 52, 59); font-family: &amp;quot;Microsoft YaHei&amp;quot;, &amp;quot;Hiragino Sans GB&amp;quot;, 微软雅黑, arial, Tahoma, SimSun, sans-serif; font-size: 14px; white-space: normal; background-color: rgb(255, 255, 255);&quot;/&gt;&lt;span style=&quot;color: rgb(46, 52, 59); font-family: &amp;quot;Microsoft YaHei&amp;quot;, &amp;quot;Hiragino Sans GB&amp;quot;, 微软雅黑, arial, Tahoma, SimSun, sans-serif; font-size: 14px; background-color: rgb(255, 255, 255);&quot;&gt;3、熟练使用网页制作软件和网络搜索工具，了解网站运行、维护相关知识。&lt;/span&gt;&lt;br style=&quot;outline: 0px; text-size-adjust: none; -webkit-tap-highlight-color: rgba(0, 0, 0, 0.05); color: rgb(46, 52, 59); font-family: &amp;quot;Microsoft YaHei&amp;quot;, &amp;quot;Hiragino Sans GB&amp;quot;, 微软雅黑, arial, Tahoma, SimSun, sans-serif; font-size: 14px; white-space: normal; background-color: rgb(255, 255, 255);&quot;/&gt;&lt;span style=&quot;color: rgb(46, 52, 59); font-family: &amp;quot;Microsoft YaHei&amp;quot;, &amp;quot;Hiragino Sans GB&amp;quot;, 微软雅黑, arial, Tahoma, SimSun, sans-serif; font-size: 14px; background-color: rgb(255, 255, 255);&quot;&gt;4、良好的文字功底，信息采编能力。&lt;/span&gt;&lt;br style=&quot;outline: 0px; text-size-adjust: none; -webkit-tap-highlight-color: rgba(0, 0, 0, 0.05); color: rgb(46, 52, 59); font-family: &amp;quot;Microsoft YaHei&amp;quot;, &amp;quot;Hiragino Sans GB&amp;quot;, 微软雅黑, arial, Tahoma, SimSun, sans-serif; font-size: 14px; white-space: normal; background-color: rgb(255, 255, 255);&quot;/&gt;&lt;span style=&quot;color: rgb(46, 52, 59); font-family: &amp;quot;Microsoft YaHei&amp;quot;, &amp;quot;Hiragino Sans GB&amp;quot;, 微软雅黑, arial, Tahoma, SimSun, sans-serif; font-size: 14px; background-color: rgb(255, 255, 255);&quot;&gt;5、欢迎应届毕业生来应聘。&lt;/span&gt;&lt;/p&gt;'),(3,94,1565225547,1565225547,'广州市','专科以上学历','5000-8000元','全职','2年以上','若干','&lt;p&gt;1、负责客户开发、提供客户服务、公司服务的推广、建立与维护客户关系；&lt;/p&gt;&lt;p&gt;2、根据市场营销计划和个人销售目标，完成各阶段销售目标；&lt;/p&gt;&lt;p&gt;3、进行市场调研，确定目标市场，收集分析竞争对象信息，制订、执行销售对策；&lt;/p&gt;&lt;p&gt;4、与内部相关部门建立并维持良好的协作关系，以客户和市场为导向，协调各方面关系，确保合同的顺利执行。&lt;/p&gt;&lt;p&gt;【岗位要求】&lt;/p&gt;&lt;p&gt;1、专科学历，有一定客户服务工作经验或销售经验，有一定的客户服务知识和能力。&lt;/p&gt;&lt;p&gt;2、计算机操作熟练，office办公软件使用熟练，有一定的网络基础知识，熟练使用Photoshop等制图工具着优先考虑。&lt;/p&gt;&lt;p&gt;3、要求一定要有“客户优先”的服务精神，一切从帮助客户、满足客户角度出发。&lt;/p&gt;&lt;p&gt;4、性格要求沉稳、隐忍，善于倾听，有同理心，乐观、积极。普通话标准、流利，反应灵敏。&lt;/p&gt;&lt;p&gt;5、热爱工作，敬业、勤恳、乐于思考，具有自我发展的主观的主题愿望和自我学习能力。可适当加班者优先。&lt;/p&gt;&lt;p&gt;&lt;br/&gt;&lt;/p&gt;'),(4,95,1565225608,1565225608,'广州市','专科以上学历','5000-10000元','全职','2年以上','若干','&lt;p&gt;岗位职责：1、利用网络进行公司产品的销售及推广2、了解网络销售，有信心和良好的学习能力3、完成团队目标4、通过网络进行渠道开发和业务拓展5、熟悉互联网络，熟练使用网络交流工具和各种办公软件6、有较强的沟通能力&lt;/p&gt;&lt;p&gt;任职要求：1、年龄18～25之间，有空杯心态者优先2、性格开朗，喜欢与人沟通，表达流畅，普通话标准3、具备一定的客户服务精神，准确把握客户需求4、认真细致，能接受挑战性任务5、有无销售经验均可，欢迎应届毕业生应聘&lt;/p&gt;&lt;p&gt;薪资待遇：底薪+高抽成+奖金+年底双薪+生日聚餐，不定期的聚会和旅游等&lt;/p&gt;&lt;p&gt;晋升空间：业务基础—精英业务员—销售组长—销售主管—核心主管&lt;/p&gt;&lt;p&gt;销售激励：礼品奖励、现金奖金、出单奖励、周业绩奖励、月销售前三奖励。依法享受法定节假日（带薪旅游、带薪年假、婚假。、产假、员工生日庆祝）&lt;/p&gt;&lt;p&gt;&lt;br/&gt;&lt;/p&gt;'),(5,96,1565225638,1565225638,'广州市','专科以上学历','5000-10000元','全职','2年以上','若干','&lt;p&gt;任职要求： 1、年龄25-35岁，本科及以上学历，网络安全相关专业，持网络安全证书，2年以上同岗位工作经验； 2、熟知防火墙、入侵检测、网络流量识别控制等信息安全产品相关技术；熟悉网络协议、网络编程及相关网络产品开发技术； 3、具备良好的安全意识能力、语言表达能力、逻辑思维能力、执行力、责任心、团队协作能力。 岗位职责： 1、安全设备的日常监控与维护，及时进行安全设备策略的变更与调整；安全运维的结果文档、技术资料、设备日志，配置信息等相关资料的管理及维护； 2、定期关注安全设备系统的升级补丁，合适准确性后及时更新补丁，完成安全设备系统升级； 3、安全设备的健康检查、健康检查表、基线统计、流量统计、特殊事件报告、日报、周报等日常工作； 4、参与信息安全事件的分析工作和应急处理工作；定期安全评估、扫描和加固，协助进行安全加固； 5、协助制定网络安全规范与方案，优化现有网络安全架构，定期评估网络安全风险，负责针对运行故障、安全事件开展分析和总结，定期开展运行维护、故障处理及安全事件分析； 6、完成上级领导交办的其他任务，并做好与其他部门的协调配合工作。&lt;/p&gt;'),(6,97,1565225697,1565225697,'广州市','专科以上学历','5000-8000元','全职','1年以上','2位','&lt;p&gt;岗位职责1、组织参与重要项目的创意构思、文案及客户提案, 给予前期提案、设计创意说明及后期结案报告等服务；2、执行并监督所负责项目的创意构思和文案；3、稿件思路清晰，能够完成稿件写作思路规划；4、协助领导进行创意提案，保证工作的顺利推进；5、独立撰写各类稿件（新闻稿、综述稿、评论稿、专访稿等）、策划方案、报告等任职资格1、大专及以上学历；2、一年以上市场策划及文案工作经验；3、能够准确捕捉产品亮点，具备恰如其分的文字表现能力；4、熟悉专业创意方法，思维敏捷，洞察力强，文字功底扎实，语言表达能力强；福利待遇：1.公司为员工提供以市场标杆，以能力、绩效为标准，具有市场竞争力的薪资待遇；2.为员工缴纳社会保险和办理住房公积金、带薪年假、法定节假日、小暑假；3.员工享有专业持续的提升培训机制、不定期的拓展福利、稳健的晋升机制；4.生日福利、传统节日福利、年终奖、年终分红等多种特色福利；试用期工资3500职能类别：网站&lt;/p&gt;');
/*!40000 ALTER TABLE `hw_recruit_content` ENABLE KEYS */;

#
# Structure for table "hw_region"
#

DROP TABLE IF EXISTS `hw_region`;
CREATE TABLE `hw_region` (
  `id` int(11) unsigned NOT NULL AUTO_INCREMENT COMMENT '表id',
  `name` varchar(32) DEFAULT '' COMMENT '地区名称',
  `level` tinyint(4) DEFAULT '0' COMMENT '地区等级 分省市县区',
  `parent_id` int(10) DEFAULT '0' COMMENT '父id',
  `initial` varchar(5) DEFAULT '' COMMENT '首字母',
  PRIMARY KEY (`id`),
  KEY `parent_id` (`parent_id`) USING BTREE,
  KEY `level` (`level`) USING BTREE,
  KEY `initial` (`initial`)
) ENGINE=MyISAM AUTO_INCREMENT=47929 DEFAULT CHARSET=utf8 COMMENT='区域表';

#
# Data for table "hw_region"
#

/*!40000 ALTER TABLE `hw_region` DISABLE KEYS */;
INSERT INTO `hw_region` VALUES (1,'北京市',1,0,'B'),(2,'市辖区',2,1,'S'),(3,'东城区',3,2,'D'),(14,'西城区',3,2,'X'),(22,'崇文区',3,2,'C'),(30,'宣武区',3,2,'X'),(39,'朝阳区',3,2,'C'),(83,'丰台区',3,2,'F'),(105,'石景山区',3,2,'S'),(115,'海淀区',3,2,'H'),(145,'门头沟区',3,2,'M'),(159,'房山区',3,2,'F'),(188,'通州区',3,2,'T'),(204,'顺义区',3,2,'S'),(227,'昌平区',3,2,'C'),(245,'大兴区',3,2,'D'),(264,'怀柔区',3,2,'H'),(281,'平谷区',3,2,'P'),(300,'县',2,1,'X'),(301,'密云县',3,300,'M'),(322,'延庆县',3,300,'Y'),(338,'天津市',1,0,'T'),(339,'市辖区',2,338,'S'),(340,'和平区',3,339,'H'),(347,'河东区',3,339,'H'),(361,'河西区',3,339,'H'),(375,'南开区',3,339,'N'),(388,'河北区',3,339,'H'),(399,'红桥区',3,339,'H'),(410,'塘沽区',3,339,'T'),(425,'汉沽区',3,339,'H'),(435,'大港区',3,339,'D'),(445,'东丽区',3,339,'D'),(460,'西青区',3,339,'X'),(473,'津南区',3,339,'J'),(488,'北辰区',3,339,'B'),(504,'武清区',3,339,'W'),(538,'宝坻区',3,339,'B'),(569,'市辖县',2,338,'S'),(570,'宁河县',3,569,'N'),(586,'静海县',3,569,'J'),(608,'蓟县',3,569,'J'),(636,'河北省',1,0,'H'),(637,'石家庄市',2,636,'S'),(638,'市辖区',3,637,'S'),(639,'长安区',3,637,'C'),(651,'桥东区',3,637,'Q'),(662,'桥西区',3,637,'Q'),(675,'新华区',3,637,'X'),(691,'井陉矿区',3,637,'J'),(697,'裕华区',3,637,'Y'),(708,'井陉县',3,637,'J'),(726,'正定县',3,637,'Z'),(736,'栾城县',3,637,'L'),(745,'行唐县',3,637,'X'),(761,'灵寿县',3,637,'L'),(777,'高邑县',3,637,'G'),(783,'深泽县',3,637,'S'),(790,'赞皇县',3,637,'Z'),(802,'无极县',3,637,'W'),(814,'平山县',3,637,'P'),(838,'元氏县',3,637,'Y'),(854,'赵县',3,637,'Z'),(866,'辛集市',3,637,'X'),(882,'藁城市',3,637,'G'),(898,'晋州市',3,637,'J'),(909,'新乐市',3,637,'X'),(922,'鹿泉市',3,637,'L'),(936,'唐山市',2,636,'T'),(937,'市辖区',3,936,'S'),(938,'路南区',3,936,'L'),(952,'路北区',3,936,'L'),(965,'古冶区',3,936,'G'),(977,'开平区',3,936,'K'),(989,'丰南区',3,936,'F'),(1007,'丰润区',3,936,'F'),(1034,'滦县',3,936,'L'),(1048,'滦南县',3,936,'L'),(1067,'乐亭县',3,936,'L'),(1085,'迁西县',3,936,'Q'),(1104,'玉田县',3,936,'Y'),(1125,'唐海县',3,936,'T'),(1140,'遵化市',3,936,'Z'),(1168,'迁安市',3,936,'Q'),(1188,'秦皇岛市',2,636,'Q'),(1189,'市辖区',3,1188,'S'),(1190,'海港区',3,1188,'H'),(1208,'山海关区',3,1188,'S'),(1218,'北戴河区',3,1188,'B'),(1223,'青龙县',3,1188,'Q'),(1249,'昌黎县',3,1188,'C'),(1266,'抚宁县',3,1188,'F'),(1278,'卢龙县',3,1188,'L'),(1291,'邯郸市',2,636,'H'),(1292,'市辖区',3,1291,'S'),(1293,'邯山区',3,1291,'H'),(1307,'丛台区',3,1291,'C'),(1319,'复兴区',3,1291,'F'),(1329,'峰峰矿区',3,1291,'F'),(1339,'邯郸县',3,1291,'H'),(1350,'临漳县',3,1291,'L'),(1365,'成安县',3,1291,'C'),(1375,'大名县',3,1291,'D'),(1396,'涉县',3,1291,'S'),(1414,'磁县',3,1291,'C'),(1434,'肥乡县',3,1291,'F'),(1444,'永年县',3,1291,'Y'),(1465,'邱县',3,1291,'Q'),(1473,'鸡泽县',3,1291,'J'),(1481,'广平县',3,1291,'G'),(1489,'馆陶县',3,1291,'G'),(1498,'魏县',3,1291,'W'),(1520,'曲周县',3,1291,'Q'),(1531,'武安市',3,1291,'W'),(1554,'邢台市',2,636,'X'),(1555,'市辖区',3,1554,'S'),(1556,'桥东区',3,1554,'Q'),(1564,'桥西区',3,1554,'Q'),(1572,'邢台县',3,1554,'X'),(1593,'临城县',3,1554,'L'),(1602,'内邱县',3,1554,'N'),(1612,'柏乡县',3,1554,'B'),(1619,'隆尧县',3,1554,'L'),(1633,'任县',3,1554,'R'),(1642,'南和县',3,1554,'N'),(1651,'宁晋县',3,1554,'N'),(1669,'巨鹿县',3,1554,'J'),(1680,'新河县',3,1554,'X'),(1687,'广宗县',3,1554,'G'),(1696,'平乡县',3,1554,'P'),(1704,'威县',3,1554,'W'),(1721,'清河县',3,1554,'Q'),(1728,'临西县',3,1554,'L'),(1738,'南宫市',3,1554,'N'),(1754,'沙河市',3,1554,'S'),(1772,'保定市',2,636,'B'),(1773,'市辖区',3,1772,'S'),(1774,'新市区',3,1772,'X'),(1787,'北市区',3,1772,'B'),(1796,'南市区',3,1772,'N'),(1806,'满城县',3,1772,'M'),(1820,'清苑县',3,1772,'Q'),(1839,'涞水县',3,1772,'L'),(1856,'阜平县',3,1772,'F'),(1870,'徐水县',3,1772,'X'),(1885,'定兴县',3,1772,'D'),(1902,'唐县',3,1772,'T'),(1923,'高阳县',3,1772,'G'),(1933,'容城县',3,1772,'R'),(1942,'涞源县',3,1772,'L'),(1960,'望都县',3,1772,'W'),(1969,'安新县',3,1772,'A'),(1982,'易县',3,1772,'Y'),(2010,'曲阳县',3,1772,'Q'),(2029,'蠡县',3,1772,'L'),(2043,'顺平县',3,1772,'S'),(2054,'博野县',3,1772,'B'),(2062,'雄县',3,1772,'X'),(2072,'涿州市',3,1772,'Z'),(2088,'定州市',3,1772,'D'),(2114,'安国市',3,1772,'A'),(2126,'高碑店市',3,1772,'G'),(2142,'张家口市',2,636,'Z'),(2143,'市辖区',3,2142,'S'),(2144,'桥东区',3,2142,'Q'),(2154,'桥西区',3,2142,'Q'),(2164,'宣化区',3,2142,'X'),(2176,'下花园区',3,2142,'X'),(2183,'宣化县',3,2142,'X'),(2198,'张北县',3,2142,'Z'),(2220,'康保县',3,2142,'K'),(2237,'沽源县',3,2142,'G'),(2256,'尚义县',3,2142,'S'),(2271,'蔚县',3,2142,'W'),(2294,'阳原县',3,2142,'Y'),(2309,'怀安县',3,2142,'H'),(2321,'万全县',3,2142,'W'),(2333,'怀来县',3,2142,'H'),(2351,'涿鹿县',3,2142,'Z'),(2369,'赤城县',3,2142,'C'),(2388,'崇礼县',3,2142,'C'),(2400,'承德市',2,636,'C'),(2401,'市辖区',3,2400,'S'),(2402,'双桥区',3,2400,'S'),(2415,'双滦区',3,2400,'S'),(2422,'鹰手营子矿区',3,2400,'Y'),(2427,'承德县',3,2400,'C'),(2453,'兴隆县',3,2400,'X'),(2474,'平泉县',3,2400,'P'),(2494,'滦平县',3,2400,'L'),(2517,'隆化县',3,2400,'L'),(2543,'丰宁县',3,2400,'F'),(2570,'宽城县',3,2400,'K'),(2589,'围场县',3,2400,'W'),(2629,'沧州市',2,636,'C'),(2630,'市辖区',3,2629,'S'),(2631,'新华区',3,2629,'X'),(2639,'运河区',3,2629,'Y'),(2648,'沧县',3,2629,'C'),(2668,'青县',3,2629,'Q'),(2680,'东光县',3,2629,'D'),(2690,'海兴县',3,2629,'H'),(2701,'盐山县',3,2629,'Y'),(2714,'肃宁县',3,2629,'S'),(2724,'南皮县',3,2629,'N'),(2734,'吴桥县',3,2629,'W'),(2745,'献县',3,2629,'X'),(2765,'孟村县',3,2629,'M'),(2772,'泊头市',3,2629,'B'),(2788,'任邱市',3,2629,'R'),(2809,'黄骅市',3,2629,'H'),(2828,'河间市',3,2629,'H'),(2849,'廊坊市',2,636,'L'),(2850,'市辖区',3,2849,'S'),(2851,'安次区',3,2849,'A'),(2862,'广阳区',3,2849,'G'),(2873,'固安县',3,2849,'G'),(2883,'永清县',3,2849,'Y'),(2895,'香河县',3,2849,'X'),(2906,'大城县',3,2849,'D'),(2918,'文安县',3,2849,'W'),(2932,'大厂县',3,2849,'D'),(2939,'霸州市',3,2849,'B'),(2953,'三河市',3,2849,'S'),(2968,'衡水市',2,636,'H'),(2969,'市辖区',3,2968,'S'),(2970,'桃城区',3,2968,'T'),(2983,'枣强县',3,2968,'Z'),(2995,'武邑县',3,2968,'W'),(3005,'武强县',3,2968,'W'),(3012,'饶阳县',3,2968,'R'),(3020,'安平县',3,2968,'A'),(3029,'故城县',3,2968,'G'),(3043,'景县',3,2968,'J'),(3060,'阜城县',3,2968,'F'),(3071,'冀州市',3,2968,'J'),(3083,'深州市',3,2968,'S'),(3102,'山西',1,0,'S'),(3103,'太原市',2,3102,'T'),(3104,'市辖区',3,3103,'S'),(3105,'小店区(人口含高新经济区)',3,3103,'X'),(3117,'迎泽区',3,3103,'Y'),(3126,'杏花岭区',3,3103,'X'),(3140,'尖草坪区',3,3103,'J'),(3155,'万柏林区',3,3103,'W'),(3171,'晋源区',3,3103,'J'),(3178,'清徐县',3,3103,'Q'),(3188,'阳曲县',3,3103,'Y'),(3200,'娄烦县',3,3103,'L'),(3209,'古交市',3,3103,'G'),(3224,'大同市',2,3102,'D'),(3225,'市辖区',3,3224,'S'),(3226,'大同市城区',3,3224,'D'),(3241,'矿区',3,3224,'K'),(3266,'南郊区',3,3224,'N'),(3277,'新荣区',3,3224,'X'),(3286,'阳高县',3,3224,'Y'),(3300,'天镇县',3,3224,'T'),(3312,'广灵县',3,3224,'G'),(3322,'灵丘县',3,3224,'L'),(3335,'浑源县',3,3224,'H'),(3354,'左云县',3,3224,'Z'),(3364,'大同县',3,3224,'D'),(3379,'阳泉市',2,3102,'Y'),(3380,'市辖区',3,3379,'S'),(3381,'城区',3,3379,'C'),(3388,'矿区',3,3379,'K'),(3395,'郊区',3,3379,'J'),(3405,'平定县',3,3379,'P'),(3416,'盂县',3,3379,'Y'),(3431,'长治市',2,3102,'C'),(3432,'市辖区',3,3431,'S'),(3433,'长治市城区',3,3431,'C'),(3445,'长治市郊区',3,3431,'C'),(3454,'长治县',3,3431,'C'),(3466,'襄垣县',3,3431,'X'),(3478,'屯留县',3,3431,'T'),(3493,'平顺县',3,3431,'P'),(3506,'黎城县',3,3431,'L'),(3516,'壶关县',3,3431,'H'),(3530,'长子县',3,3431,'C'),(3543,'武乡县',3,3431,'W'),(3558,'沁县',3,3431,'Q'),(3572,'沁源县',3,3431,'Q'),(3587,'潞城市',3,3431,'L'),(3597,'晋城市',2,3102,'J'),(3598,'市辖区',3,3597,'S'),(3599,'晋城市城区',3,3597,'J'),(3608,'沁水县',3,3597,'Q'),(3623,'阳城县',3,3597,'Y'),(3642,'陵川县',3,3597,'L'),(3655,'泽州县',3,3597,'Z'),(3673,'高平市',3,3597,'G'),(3690,'朔州市',2,3102,'S'),(3691,'市辖区',3,3690,'S'),(3692,'朔城区',3,3690,'S'),(3709,'平鲁区',3,3690,'P'),(3723,'山阴县',3,3690,'S'),(3739,'应县',3,3690,'Y'),(3752,'右玉县',3,3690,'Y'),(3763,'怀仁县',3,3690,'H'),(3776,'晋中市',2,3102,'J'),(3777,'市辖区',3,3776,'S'),(3778,'榆次区',3,3776,'Y'),(3799,'榆社县',3,3776,'Y'),(3810,'左权县',3,3776,'Z'),(3822,'和顺县',3,3776,'H'),(3833,'昔阳县',3,3776,'X'),(3846,'寿阳县',3,3776,'S'),(3861,'太谷县',3,3776,'T'),(3871,'祁县',3,3776,'Q'),(3880,'平遥县',3,3776,'P'),(3895,'灵石县',3,3776,'L'),(3908,'介休市',3,3776,'J'),(3925,'运城市',2,3102,'Y'),(3926,'市辖区',3,3925,'S'),(3927,'盐湖区',3,3925,'Y'),(3950,'临猗县',3,3925,'L'),(3967,'万荣县',3,3925,'W'),(3982,'闻喜县',3,3925,'W'),(3996,'稷山县',3,3925,'J'),(4004,'新绛县',3,3925,'X'),(4013,'绛县',3,3925,'J'),(4024,'垣曲县',3,3925,'Y'),(4036,'夏县',3,3925,'X'),(4048,'平陆县',3,3925,'P'),(4059,'芮城县',3,3925,'R'),(4070,'永济市',3,3925,'Y'),(4082,'河津市',3,3925,'H'),(4093,'忻州市',2,3102,'X'),(4094,'市辖区',3,4093,'S'),(4095,'忻府区',3,4093,'X'),(4116,'定襄县',3,4093,'D'),(4126,'五台县',3,4093,'W'),(4146,'代县',3,4093,'D'),(4158,'繁峙县',3,4093,'F'),(4172,'宁武县',3,4093,'N'),(4189,'静乐县',3,4093,'J'),(4204,'神池县',3,4093,'S'),(4215,'五寨县',3,4093,'W'),(4228,'岢岚县',3,4093,'K'),(4241,'河曲县',3,4093,'H'),(4255,'保德县',3,4093,'B'),(4269,'偏关县',3,4093,'P'),(4280,'原平市',3,4093,'Y'),(4304,'临汾市',2,3102,'L'),(4305,'市辖区',3,4304,'S'),(4306,'尧都区',3,4304,'Y'),(4333,'曲沃县',3,4304,'Q'),(4341,'翼城县',3,4304,'Y'),(4352,'襄汾县',3,4304,'X'),(4366,'洪洞县',3,4304,'H'),(4383,'古县',3,4304,'G'),(4391,'安泽县',3,4304,'A'),(4399,'浮山县',3,4304,'F'),(4409,'吉县',3,4304,'J'),(4418,'乡宁县',3,4304,'X'),(4429,'大宁县',3,4304,'D'),(4436,'隰县',3,4304,'X'),(4445,'永和县',3,4304,'Y'),(4453,'蒲县',3,4304,'P'),(4463,'汾西县',3,4304,'F'),(4472,'侯马市',3,4304,'H'),(4481,'霍州市',3,4304,'H'),(4494,'吕梁市',2,3102,'L'),(4495,'市辖区',3,4494,'S'),(4496,'离石区',3,4494,'L'),(4509,'文水县',3,4494,'W'),(4522,'交城县',3,4494,'J'),(4533,'兴县',3,4494,'X'),(4551,'临县',3,4494,'L'),(4575,'柳林县',3,4494,'L'),(4591,'石楼县',3,4494,'S'),(4601,'岚县',3,4494,'L'),(4614,'方山县',3,4494,'F'),(4622,'中阳县',3,4494,'Z'),(4630,'交口县',3,4494,'J'),(4638,'孝义市',3,4494,'X'),(4655,'汾阳市',3,4494,'F'),(4670,'内蒙古',1,0,'N'),(4671,'呼和浩特市',2,4670,'H'),(4672,'市辖区',3,4671,'S'),(4673,'新城区',3,4671,'X'),(4684,'回民区',3,4671,'H'),(4693,'玉泉区',3,4671,'Y'),(4702,'赛罕区',3,4671,'S'),(4715,'土左旗',3,4671,'T'),(4727,'托克托县',3,4671,'T'),(4733,'和林格尔县',3,4671,'H'),(4742,'清水河县',3,4671,'Q'),(4749,'武川县',3,4671,'W'),(4759,'包头市',2,4670,'B'),(4760,'市辖区',3,4759,'S'),(4761,'东河区',3,4759,'D'),(4775,'昆都仑区',3,4759,'K'),(4791,'青山区',3,4759,'Q'),(4803,'石拐区',3,4759,'S'),(4810,'白云鄂博矿区',3,4759,'B'),(4813,'九原区',3,4759,'J'),(4823,'土默特右旗',3,4759,'T'),(4833,'固阳县',3,4759,'G'),(4840,'达茂联合旗',3,4759,'D'),(4849,'乌海市',2,4670,'W'),(4850,'乌海市辖区',3,4849,'W'),(4851,'海勃湾区',3,4849,'H'),(4859,'海南区',3,4849,'H'),(4865,'乌达区',3,4849,'W'),(4874,'赤峰市',2,4670,'C'),(4875,'市辖区',3,4874,'S'),(4876,'红山区',3,4874,'H'),(4888,'元宝山区',3,4874,'Y'),(4896,'松山区',3,4874,'S'),(4919,'阿鲁科尔沁旗',3,4874,'A'),(4932,'巴林左旗',3,4874,'B'),(4944,'巴林右旗',3,4874,'B'),(4953,'林西县',3,4874,'L'),(4963,'克什克腾旗',3,4874,'K'),(4975,'翁牛特旗',3,4874,'W'),(4988,'喀喇沁旗',3,4874,'K'),(4999,'宁城县',3,4874,'N'),(5013,'敖汉旗',3,4874,'A'),(5029,'通辽市',2,4670,'T'),(5030,'市辖区',3,5029,'S'),(5031,'科尔沁区',3,5029,'K'),(5062,'科尔沁左翼中旗',3,5029,'K'),(5079,'科左后旗',3,5029,'K'),(5104,'开鲁县',3,5029,'K'),(5118,'库伦旗',3,5029,'K'),(5125,'奈曼旗',3,5029,'N'),(5139,'扎鲁特旗',3,5029,'Z'),(5155,'霍林郭勒市',3,5029,'H'),(5162,'鄂尔多斯市',2,4670,'E'),(5163,'东胜区',3,5162,'D'),(5176,'达拉特旗',3,5162,'D'),(5185,'准格尔旗',3,5162,'Z'),(5195,'鄂托克前旗',3,5162,'E'),(5201,'鄂托克旗',3,5162,'E'),(5210,'杭锦旗',3,5162,'H'),(5219,'乌审旗',3,5162,'W'),(5228,'伊金霍洛旗',3,5162,'Y'),(5236,'呼伦贝尔市',2,4670,'H'),(5237,'市辖区',3,5236,'S'),(5238,'海拉尔区',3,5236,'H'),(5249,'阿荣旗',3,5236,'A'),(5262,'莫力达瓦旗',3,5236,'M'),(5277,'鄂伦春旗',3,5236,'E'),(5303,'鄂温旗',3,5236,'E'),(5314,'陈巴尔虎旗镇',3,5236,'C'),(5323,'新巴尔虎左旗',3,5236,'X'),(5330,'新巴尔虎右旗',3,5236,'X'),(5337,'满洲里市',3,5236,'M'),(5354,'牙克石市',3,5236,'Y'),(5371,'扎兰屯市',3,5236,'Z'),(5397,'额尔古纳市',3,5236,'E'),(5410,'根河市',3,5236,'G'),(5418,'巴彦淖尔市',2,4670,'B'),(5419,'市辖区',3,5418,'S'),(5420,'临河区',3,5418,'L'),(5440,'五原县',3,5418,'W'),(5450,'磴口县',3,5418,'D'),(5461,'乌拉特前旗',3,5418,'W'),(5477,'乌拉特中旗',3,5418,'W'),(5489,'乌拉特后旗',3,5418,'W'),(5495,'杭锦后旗',3,5418,'H'),(5505,'乌兰察布市',2,4670,'W'),(5506,'市辖区',3,5505,'S'),(5507,'集宁区',3,5505,'J'),(5518,'卓资县',3,5505,'Z'),(5526,'化德县',3,5505,'H'),(5532,'商都县',3,5505,'S'),(5542,'兴和县',3,5505,'X'),(5551,'凉城县',3,5505,'L'),(5562,'察哈尔右翼前旗',3,5505,'C'),(5571,'察右中旗',3,5505,'C'),(5582,'察哈尔右翼后旗',3,5505,'C'),(5590,'四子王旗',3,5505,'S'),(5603,'丰镇市',3,5505,'F'),(5616,'兴安盟',2,4670,'X'),(5617,'乌兰浩特市',3,5616,'W'),(5629,'阿尔山市',3,5616,'A'),(5636,'科右前旗',3,5616,'K'),(5655,'科右中旗',3,5616,'K'),(5677,'扎赉特旗',3,5616,'Z'),(5692,'突泉县',3,5616,'T'),(5702,'锡林郭勒盟',2,4670,'X'),(5703,'二连浩特市',3,5702,'E'),(5709,'锡林浩特市',3,5702,'X'),(5723,'阿巴嘎旗',3,5702,'A'),(5731,'苏尼特左旗',3,5702,'S'),(5738,'苏尼特右旗',3,5702,'S'),(5745,'东乌珠穆沁旗',3,5702,'D'),(5758,'西乌珠穆沁旗',3,5702,'X'),(5766,'太仆寺旗',3,5702,'T'),(5774,'镶黄旗',3,5702,'X'),(5778,'正镶白旗',3,5702,'Z'),(5785,'正蓝旗',3,5702,'Z'),(5794,'多伦县',3,5702,'D'),(5799,'阿拉善盟',2,4670,'A'),(5800,'阿拉善左旗',3,5799,'A'),(5814,'阿拉善右旗',3,5799,'A'),(5820,'额济纳旗',3,5799,'E'),(5827,'辽宁省',1,0,'L'),(5828,'沈阳市',2,5827,'S'),(5829,'市辖区',3,5828,'S'),(5830,'和平区',3,5828,'H'),(5848,'沈河区',3,5828,'S'),(5859,'大东区',3,5828,'D'),(5873,'皇姑区',3,5828,'H'),(5894,'铁西区',3,5828,'T'),(5909,'苏家屯区',3,5828,'S'),(5934,'东陵区',3,5828,'D'),(5954,'新城子区',3,5828,'X'),(5975,'于洪区',3,5828,'Y'),(5998,'辽中县',3,5828,'L'),(6020,'康平县',3,5828,'K'),(6038,'法库县',3,5828,'F'),(6058,'新民市',3,5828,'X'),(6088,'大连市',2,5827,'D'),(6089,'市辖区',3,6088,'S'),(6090,'中山区',3,6088,'Z'),(6099,'西岗区',3,6088,'X'),(6107,'沙河口区',3,6088,'S'),(6117,'甘井子区',3,6088,'G'),(6137,'旅顺口区',3,6088,'L'),(6153,'金州区',3,6088,'J'),(6178,'长海县',3,6088,'C'),(6184,'瓦房店市',3,6088,'W'),(6217,'普兰店市',3,6088,'P'),(6239,'庄河市',3,6088,'Z'),(6266,'鞍山市',2,5827,'A'),(6267,'市辖区',3,6266,'S'),(6268,'铁东区',3,6266,'T'),(6282,'铁西区',3,6266,'T'),(6293,'立山区',3,6266,'L'),(6303,'千山区',3,6266,'Q'),(6316,'台安县',3,6266,'T'),(6331,'岫岩县',3,6266,'X'),(6354,'海城市',3,6266,'H'),(6384,'抚顺市',2,5827,'F'),(6385,'市辖区',3,6384,'S'),(6386,'新抚区',3,6384,'X'),(6395,'东洲区',3,6384,'D'),(6409,'望花区',3,6384,'W'),(6422,'顺城区',3,6384,'S'),(6432,'抚顺县',3,6384,'F'),(6445,'新宾县',3,6384,'X'),(6461,'清原县',3,6384,'Q'),(6476,'本溪市',2,5827,'B'),(6477,'市辖区',3,6476,'S'),(6478,'平山区',3,6476,'P'),(6488,'溪湖区',3,6476,'X'),(6499,'明山区',3,6476,'M'),(6509,'南芬区',3,6476,'N'),(6515,'本溪县',3,6476,'B'),(6528,'桓仁县',3,6476,'H'),(6542,'丹东市',2,5827,'D'),(6543,'市辖区',3,6542,'S'),(6544,'元宝区',3,6542,'Y'),(6552,'振兴区',3,6542,'Z'),(6563,'振安区',3,6542,'Z'),(6573,'宽甸县',3,6542,'K'),(6596,'东港市',3,6542,'D'),(6621,'凤城市',3,6542,'F'),(6643,'锦州市',2,5827,'J'),(6644,'市辖区',3,6643,'S'),(6645,'古塔区',3,6643,'G'),(6655,'凌河区',3,6643,'L'),(6668,'太和区',3,6643,'T'),(6683,'黑山县',3,6643,'H'),(6706,'义县',3,6643,'Y'),(6725,'凌海市',3,6643,'L'),(6750,'北镇市',3,6643,'B'),(6771,'营口市',2,5827,'Y'),(6772,'市辖区',3,6771,'S'),(6773,'站前区',3,6771,'Z'),(6781,'西市区',3,6771,'X'),(6789,'鲅鱼圈区',3,6771,'B'),(6797,'老边区',3,6771,'L'),(6804,'盖州市',3,6771,'G'),(6832,'大石桥市',3,6771,'D'),(6851,'阜新市',2,5827,'F'),(6852,'市辖区',3,6851,'S'),(6853,'海州区',3,6851,'H'),(6865,'新邱区',3,6851,'X'),(6871,'太平区',3,6851,'T'),(6878,'清河门区',3,6851,'Q'),(6885,'细河区',3,6851,'X'),(6893,'阜新县',3,6851,'F'),(6930,'彰武县',3,6851,'Z'),(6955,'辽阳市',2,5827,'L'),(6956,'市辖区',3,6955,'S'),(6957,'白塔区',3,6955,'B'),(6964,'文圣区',3,6955,'W'),(6971,'宏伟区',3,6955,'H'),(6977,'弓长岭区',3,6955,'G'),(6983,'太子河区',3,6955,'T'),(6989,'辽阳县',3,6955,'L'),(7007,'灯塔市',3,6955,'D'),(7024,'盘锦市',2,5827,'P'),(7025,'市辖区',3,7024,'S'),(7026,'双台子区',3,7024,'S'),(7036,'兴隆台区',3,7024,'X'),(7055,'大洼县',3,7024,'D'),(7072,'盘山县',3,7024,'P'),(7088,'铁岭市',2,5827,'T'),(7089,'市辖区',3,7088,'S'),(7090,'银州区',3,7088,'Y'),(7099,'清河区',3,7088,'Q'),(7105,'铁岭县',3,7088,'T'),(7121,'西丰县',3,7088,'X'),(7140,'昌图县',3,7088,'C'),(7180,'调兵山市',3,7088,'D'),(7186,'开原市',3,7088,'K'),(7208,'朝阳市',2,5827,'C'),(7209,'市辖区',3,7208,'S'),(7210,'双塔区',3,7208,'S'),(7225,'龙城区',3,7208,'L'),(7238,'朝阳县',3,7208,'C'),(7267,'建平县',3,7208,'J'),(7299,'喀喇沁左翼县',3,7208,'K'),(7322,'北票市',3,7208,'B'),(7360,'凌源市',3,7208,'L'),(7391,'葫芦岛市',2,5827,'H'),(7392,'市辖区',3,7391,'S'),(7393,'连山区',3,7391,'L'),(7419,'龙港区',3,7391,'L'),(7433,'南票区',3,7391,'N'),(7446,'绥中县',3,7391,'S'),(7474,'建昌县',3,7391,'J'),(7503,'兴城市',3,7391,'X'),(7531,'吉林省',1,0,'J'),(7532,'长春市',2,7531,'C'),(7533,'长春市辖区',3,7532,'C'),(7534,'南关区',3,7532,'N'),(7552,'宽城区',3,7532,'K'),(7569,'朝阳区',3,7532,'C'),(7582,'二道区',3,7532,'E'),(7597,'绿园区',3,7532,'L'),(7610,'双阳区',3,7532,'S'),(7619,'农安县',3,7532,'N'),(7642,'九台市',3,7532,'J'),(7658,'榆树市',3,7532,'Y'),(7687,'德惠市',3,7532,'D'),(7706,'吉林市',2,7531,'J'),(7707,'吉林市辖区',3,7706,'J'),(7708,'昌邑区',3,7706,'C'),(7731,'龙潭区',3,7706,'L'),(7752,'船营区',3,7706,'C'),(7768,'丰满区',3,7706,'F'),(7781,'永吉县',3,7706,'Y'),(7792,'蛟河市',3,7706,'J'),(7810,'桦甸市',3,7706,'H'),(7828,'舒兰市',3,7706,'S'),(7849,'磐石市',3,7706,'P'),(7868,'四平市',2,7531,'S'),(7869,'四平市辖区',3,7868,'S'),(7870,'铁西区',3,7868,'T'),(7878,'铁东区',3,7868,'T'),(7892,'梨树县',3,7868,'L'),(7916,'伊通县',3,7868,'Y'),(7933,'公主岭市',3,7868,'G'),(7964,'双辽市',3,7868,'S'),(7986,'辽源市',2,7531,'L'),(7987,'辽源市辖区',3,7986,'L'),(7988,'龙山区',3,7986,'L'),(8000,'西安区',3,7986,'X'),(8008,'东丰县',3,7986,'D'),(8023,'东辽县',3,7986,'D'),(8037,'通化市',2,7531,'T'),(8038,'通化市辖区',3,8037,'T'),(8039,'东昌区',3,8037,'D'),(8051,'二道江区',3,8037,'E'),(8058,'通化县',3,8037,'T'),(8076,'辉南县',3,8037,'H'),(8088,'柳河县',3,8037,'L'),(8104,'梅河口市',3,8037,'M'),(8129,'集安市',3,8037,'J'),(8144,'白山市',2,7531,'B'),(8145,'白山市辖区',3,8144,'B'),(8146,'八道江区',3,8144,'B'),(8159,'江源区',3,8144,'J'),(8168,'抚松县',3,8144,'F'),(8183,'靖宇县',3,8144,'J'),(8192,'长白县',3,8144,'C'),(8202,'临江市',3,8144,'L'),(8216,'松原市',2,7531,'S'),(8217,'松原市辖区',3,8216,'S'),(8218,'宁江区',3,8216,'N'),(8239,'前郭县',3,8216,'Q'),(8266,'长岭县',3,8216,'C'),(8300,'乾安县',3,8216,'Q'),(8311,'扶余县',3,8216,'F'),(8333,'白城市',2,7531,'B'),(8334,'白城市辖区',3,8333,'B'),(8335,'洮北区',3,8333,'T'),(8362,'镇赉县',3,8333,'Z'),(8375,'通榆县',3,8333,'T'),(8393,'洮南市',3,8333,'T'),(8420,'大安市',3,8333,'D'),(8445,'延边州',2,7531,'Y'),(8446,'延吉市',3,8445,'Y'),(8456,'图们市',3,8445,'T'),(8464,'敦化市',3,8445,'D'),(8489,'珲春市',3,8445,'H'),(8504,'龙井市',3,8445,'L'),(8515,'和龙市',3,8445,'H'),(8530,'汪清县',3,8445,'W'),(8545,'安图县',3,8445,'A'),(8558,'黑龙江省',1,0,'H'),(8559,'哈尔滨市',2,8558,'H'),(8560,'市辖区',3,8559,'S'),(8561,'道里区',3,8559,'D'),(8585,'南岗区',3,8559,'N'),(8606,'道外区',3,8559,'D'),(8633,'平房区',3,8559,'P'),(8642,'松北区',3,8559,'S'),(8650,'香坊区',3,8559,'X'),(8676,'呼兰区',3,8559,'H'),(8694,'阿城区',3,8559,'A'),(8714,'依兰县',3,8559,'Y'),(8729,'方正县',3,8559,'F'),(8740,'宾县',3,8559,'B'),(8758,'巴彦县',3,8559,'B'),(8778,'木兰县',3,8559,'M'),(8788,'通河县',3,8559,'T'),(8800,'延寿县',3,8559,'Y'),(8812,'双城市',3,8559,'S'),(8838,'尚志市',3,8559,'S'),(8858,'五常市',3,8559,'W'),(8884,'齐齐哈尔市',2,8558,'Q'),(8885,'市辖区',3,8884,'S'),(8886,'龙沙区',3,8884,'L'),(8894,'建华区',3,8884,'J'),(8901,'铁锋区',3,8884,'T'),(8911,'昂昂溪区',3,8884,'A'),(8918,'富拉尔基区',3,8884,'F'),(8928,'碾子山区',3,8884,'N'),(8934,'梅里斯达斡尔族区',3,8884,'M'),(8943,'龙江县',3,8884,'L'),(8958,'依安县',3,8884,'Y'),(8976,'泰来县',3,8884,'T'),(8998,'甘南县',3,8884,'G'),(9011,'富裕县',3,8884,'F'),(9024,'克山县',3,8884,'K'),(9048,'克东县',3,8884,'K'),(9067,'拜泉县',3,8884,'B'),(9084,'讷河市',3,8884,'N'),(9117,'鸡西市',2,8558,'J'),(9118,'市辖区',3,9117,'S'),(9119,'鸡冠区',3,9117,'J'),(9129,'恒山区',3,9117,'H'),(9139,'滴道区',3,9117,'D'),(9146,'梨树区',3,9117,'L'),(9153,'城子河区',3,9117,'C'),(9161,'麻山区',3,9117,'M'),(9164,'鸡东县',3,9117,'J'),(9178,'虎林市',3,9117,'H'),(9199,'密山市',3,9117,'M'),(9222,'鹤岗市',2,8558,'H'),(9223,'市辖区',3,9222,'S'),(9224,'向阳区',3,9222,'X'),(9230,'工农区',3,9222,'G'),(9237,'南山区',3,9222,'N'),(9244,'兴安区',3,9222,'X'),(9250,'东山区',3,9222,'D'),(9261,'兴山区',3,9222,'X'),(9266,'萝北县',3,9222,'L'),(9283,'绥滨县',3,9222,'S'),(9296,'双鸭山市',2,8558,'S'),(9297,'市辖区',3,9296,'S'),(9298,'尖山区',3,9296,'J'),(9307,'岭东区',3,9296,'L'),(9317,'四方台区',3,9296,'S'),(9323,'宝山区',3,9296,'B'),(9335,'集贤县',3,9296,'J'),(9356,'友谊县',3,9296,'Y'),(9370,'宝清县',3,9296,'B'),(9393,'饶河县',3,9296,'R'),(9419,'大庆市',2,8558,'D'),(9420,'市辖区',3,9419,'S'),(9421,'萨尔图区',3,9419,'S'),(9431,'龙凤区',3,9419,'L'),(9440,'让胡路区',3,9419,'R'),(9451,'红岗区',3,9419,'H'),(9458,'大同区',3,9419,'D'),(9474,'肇州县',3,9419,'Z'),(9489,'肇源县',3,9419,'Z'),(9514,'林甸县',3,9419,'L'),(9527,'杜尔伯特县',3,9419,'D'),(9553,'伊春市',2,8558,'Y'),(9554,'市辖区',3,9553,'S'),(9555,'伊春区',3,9553,'Y'),(9561,'南岔区',3,9553,'N'),(9581,'友好区',3,9553,'Y'),(9599,'西林区',3,9553,'X'),(9603,'翠峦区',3,9553,'C'),(9614,'新青区',3,9553,'X'),(9631,'美溪区',3,9553,'M'),(9647,'金山屯区',3,9553,'J'),(9660,'五营区',3,9553,'W'),(9671,'乌马河区',3,9553,'W'),(9685,'汤旺河区',3,9553,'T'),(9702,'带岭区',3,9553,'D'),(9715,'乌伊岭区',3,9553,'W'),(9729,'红星区',3,9553,'H'),(9742,'上甘岭区',3,9553,'S'),(9756,'嘉荫县',3,9553,'J'),(9772,'铁力市',3,9553,'T'),(9785,'佳木斯市',2,8558,'J'),(9786,'市辖区',3,9785,'S'),(9787,'向阳区',3,9785,'X'),(9795,'前进区',3,9785,'Q'),(9802,'东风区',3,9785,'D'),(9810,'郊区',3,9785,'J'),(9825,'桦南县',3,9785,'H'),(9839,'桦川县',3,9785,'H'),(9851,'汤原县',3,9785,'T'),(9866,'抚远县',3,9785,'F'),(9879,'同江市',3,9785,'T'),(9907,'富锦市',3,9785,'F'),(9930,'七台河市',2,8558,'Q'),(9931,'市辖区',3,9930,'S'),(9932,'新兴区',3,9930,'X'),(9944,'桃山区',3,9930,'T'),(9952,'茄子河区',3,9930,'Q'),(9962,'勃利县',3,9930,'B'),(9981,'牡丹江市',2,8558,'M'),(9982,'市辖区',3,9981,'S'),(9983,'东安区',3,9981,'D'),(9989,'阳明区',3,9981,'Y'),(9996,'爱民区',3,9981,'A'),(10005,'西安区',3,9981,'X'),(10014,'东宁县',3,9981,'D'),(10022,'林口县',3,9981,'L'),(10036,'绥芬河市',3,9981,'S'),(10039,'海林市',3,9981,'H'),(10056,'宁安市',3,9981,'N'),(10072,'穆棱市',3,9981,'M'),(10084,'黑河市',2,8558,'H'),(10085,'市辖区',3,10084,'S'),(10086,'爱辉区',3,10084,'A'),(10122,'嫩江县',3,10084,'N'),(10150,'逊克县',3,10084,'X'),(10168,'孙吴县',3,10084,'S'),(10192,'北安市',3,10084,'B'),(10214,'五大连池市',3,10084,'W'),(10252,'绥化市',2,8558,'S'),(10253,'市辖区',3,10252,'S'),(10254,'北林区',3,10252,'B'),(10281,'望奎县',3,10252,'W'),(10301,'兰西县',3,10252,'L'),(10320,'青冈县',3,10252,'Q'),(10342,'庆安县',3,10252,'Q'),(10360,'明水县',3,10252,'M'),(10380,'绥棱县',3,10252,'S'),(10401,'安达市',3,10252,'A'),(10425,'肇东市',3,10252,'Z'),(10452,'海伦市',3,10252,'H'),(10483,'大兴安岭地区',2,8558,'D'),(10484,'加格达奇区',3,10483,'J'),(10495,'松岭区',3,10483,'S'),(10500,'新林区',3,10483,'X'),(10509,'呼中区',3,10483,'H'),(10515,'呼玛县',3,10483,'H'),(10525,'塔河县',3,10483,'T'),(10534,'漠河县',3,10483,'M'),(10543,'上海市',1,0,'S'),(10544,'市辖区',2,10543,'S'),(10545,'黄浦区',3,10544,'H'),(10555,'卢湾区',3,10544,'L'),(10560,'徐汇区',3,10544,'X'),(10575,'长宁区',3,10544,'C'),(10586,'静安区',3,10544,'J'),(10592,'普陀区',3,10544,'P'),(10602,'闸北区',3,10544,'Z'),(10612,'虹口区',3,10544,'H'),(10623,'杨浦区',3,10544,'Y'),(10636,'闵行区',3,10544,'M'),(10650,'宝山区',3,10544,'B'),(10664,'嘉定区',3,10544,'J'),(10678,'浦东新区',3,10544,'P'),(10704,'金山区',3,10544,'J'),(10715,'松江区',3,10544,'S'),(10735,'青浦区',3,10544,'Q'),(10747,'南汇区',3,10544,'N'),(10765,'奉贤区',3,10544,'F'),(10779,'县',2,10543,'X'),(10780,'崇明县',3,10779,'C'),(10808,'江苏省',1,0,'J'),(10809,'南京市',2,10808,'N'),(10810,'市辖区',3,10809,'S'),(10811,'玄武区',3,10809,'X'),(10820,'白下区',3,10809,'B'),(10831,'秦淮区',3,10809,'Q'),(10837,'建邺区',3,10809,'J'),(10845,'鼓楼区',3,10809,'G'),(10853,'下关区',3,10809,'X'),(10860,'浦口区',3,10809,'P'),(10876,'栖霞区',3,10809,'Q'),(10894,'雨花台区',3,10809,'Y'),(10903,'江宁区',3,10809,'J'),(10916,'六合区',3,10809,'L'),(10937,'溧水县',3,10809,'L'),(10947,'高淳县',3,10809,'G'),(10960,'无锡市',2,10808,'W'),(10961,'市辖区',3,10960,'S'),(10962,'崇安区',3,10960,'C'),(10969,'南长区',3,10960,'N'),(10976,'北塘区',3,10960,'B'),(10981,'锡山区',3,10960,'X'),(10990,'惠山区',3,10960,'H'),(10999,'滨湖区',3,10960,'B'),(11018,'江阴市',3,10960,'J'),(11039,'宜兴市',3,10960,'Y'),(11067,'徐州市',2,10808,'X'),(11068,'市辖区',3,11067,'S'),(11069,'鼓楼区',3,11067,'G'),(11081,'云龙区',3,11067,'Y'),(11089,'九里区',3,11067,'J'),(11103,'贾汪区',3,11067,'J'),(11115,'泉山区',3,11067,'Q'),(11126,'丰县',3,11067,'F'),(11142,'沛县',3,11067,'P'),(11160,'铜山县',3,11067,'T'),(11182,'睢宁县',3,11067,'S'),(11200,'新沂市',3,11067,'X'),(11218,'邳州市',3,11067,'P'),(11245,'常州市',2,10808,'C'),(11246,'常州市区',3,11245,'C'),(11247,'天宁区',3,11245,'T'),(11254,'钟楼区',3,11245,'Z'),(11262,'戚墅堰区',3,11245,'Q'),(11266,'新北区',3,11245,'X'),(11276,'武进区',3,11245,'W'),(11311,'溧阳市',3,11245,'L'),(11331,'金坛市',3,11245,'J'),(11348,'苏州市',2,10808,'S'),(11349,'市辖区',3,11348,'S'),(11350,'沧浪区',3,11348,'C'),(11357,'平江区',3,11348,'P'),(11368,'金阊区',3,11348,'J'),(11374,'苏州高新区虎丘区',3,11348,'S'),(11387,'吴中区',3,11348,'W'),(11409,'相城区',3,11348,'X'),(11419,'常熟市',3,11348,'C'),(11433,'张家港市',3,11348,'Z'),(11448,'昆山市',3,11348,'K'),(11460,'吴江市',3,11348,'W'),(11472,'太仓市',3,11348,'T'),(11482,'南通市',2,10808,'N'),(11483,'市辖区',3,11482,'S'),(11484,'崇川区',3,11482,'C'),(11502,'港闸区',3,11482,'G'),(11510,'海安县',3,11482,'H'),(11526,'如东',3,11482,'R'),(11542,'启东市',3,11482,'Q'),(11568,'如皋市',3,11482,'R'),(11600,'通州市',3,11482,'T'),(11627,'海门市',3,11482,'H'),(11663,'连云港市',2,10808,'L'),(11664,'市辖区',3,11663,'S'),(11665,'连云区',3,11663,'L'),(11678,'新浦区',3,11663,'X'),(11692,'海州区',3,11663,'H'),(11699,'赣榆县',3,11663,'G'),(11722,'东海县',3,11663,'D'),(11747,'灌云县',3,11663,'G'),(11771,'灌南县',3,11663,'G'),(11786,'淮安市',2,10808,'H'),(11787,'市辖区',3,11786,'S'),(11788,'清河区',3,11786,'Q'),(11801,'楚州区',3,11786,'C'),(11830,'淮阴区',3,11786,'H'),(11853,'清浦区',3,11786,'Q'),(11863,'涟水县',3,11786,'L'),(11896,'洪泽县',3,11786,'H'),(11909,'盱眙县',3,11786,'X'),(11931,'金湖县',3,11786,'J'),(11947,'盐城市',2,10808,'Y'),(11948,'市辖区',3,11947,'S'),(11949,'亭湖区',3,11947,'T'),(11967,'盐都区',3,11947,'Y'),(11982,'响水县',3,11947,'X'),(11998,'滨海县',3,11947,'B'),(12017,'阜宁县',3,11947,'F'),(12040,'射阳县',3,11947,'S'),(12066,'建湖县',3,11947,'J'),(12083,'东台市',3,11947,'D'),(12117,'大丰市',3,11947,'D'),(12135,'扬州市',2,10808,'Y'),(12136,'市辖区',3,12135,'S'),(12137,'广陵区',3,12135,'G'),(12144,'邗江区',3,12135,'H'),(12160,'维扬区',3,12135,'W'),(12175,'宝应县',3,12135,'B'),(12191,'仪征市',3,12135,'Y'),(12212,'高邮市',3,12135,'G'),(12235,'江都市',3,12135,'J'),(12249,'镇江市',2,10808,'Z'),(12250,'市区',3,12249,'S'),(12251,'京口区',3,12249,'J'),(12265,'润州区',3,12249,'R'),(12273,'丹徒区',3,12249,'D'),(12282,'丹阳市',3,12249,'D'),(12300,'扬中市',3,12249,'Y'),(12312,'句容市',3,12249,'J'),(12343,'泰州市',2,10808,'T'),(12344,'市辖区',3,12343,'S'),(12345,'海陵区',3,12343,'H'),(12362,'高港区',3,12343,'G'),(12370,'兴化市',3,12343,'X'),(12407,'靖江市',3,12343,'J'),(12423,'泰兴市',3,12343,'T'),(12450,'姜堰市',3,12343,'J'),(12475,'宿迁市',2,10808,'S'),(12476,'市辖区',3,12475,'S'),(12477,'宿城区',3,12475,'S'),(12496,'宿豫区',3,12475,'S'),(12515,'沭阳县',3,12475,'S'),(12551,'泗阳县',3,12475,'S'),(12570,'泗洪县',3,12475,'S'),(12596,'浙江省',1,0,'Z'),(12597,'杭州市',2,12596,'H'),(12598,'市辖区',3,12597,'S'),(12599,'上城区',3,12597,'S'),(12606,'下城区',3,12597,'X'),(12615,'江干区',3,12597,'J'),(12626,'拱墅区',3,12597,'G'),(12637,'西湖区',3,12597,'X'),(12652,'滨江区',3,12597,'B'),(12656,'萧山区',3,12597,'X'),(12685,'余杭区',3,12597,'Y'),(12705,'桐庐县',3,12597,'T'),(12719,'淳安县',3,12597,'C'),(12743,'建德市',3,12597,'J'),(12760,'富阳市',3,12597,'F'),(12786,'临安市',3,12597,'L'),(12813,'宁波市',2,12596,'N'),(12814,'市辖区',3,12813,'S'),(12815,'海曙区',3,12813,'H'),(12824,'江东区',3,12813,'J'),(12832,'江北区',3,12813,'J'),(12841,'北仑区',3,12813,'B'),(12851,'镇海区',3,12813,'Z'),(12858,'鄞州区',3,12813,'Y'),(12881,'象山县',3,12813,'X'),(12900,'宁海县',3,12813,'N'),(12919,'余姚市',3,12813,'Y'),(12941,'慈溪市',3,12813,'C'),(12962,'奉化市',3,12813,'F'),(12974,'温州市',2,12596,'W'),(12975,'市辖区',3,12974,'S'),(12976,'鹿城区',3,12974,'L'),(12998,'龙湾区',3,12974,'L'),(13009,'瓯海区',3,12974,'O'),(13023,'洞头县',3,12974,'D'),(13030,'永嘉县',3,12974,'Y'),(13069,'平阳县',3,12974,'P'),(13101,'苍南县',3,12974,'C'),(13138,'文成县',3,12974,'W'),(13172,'泰顺县',3,12974,'T'),(13209,'瑞安市',3,12974,'R'),(13248,'乐清市',3,12974,'L'),(13280,'嘉兴市',2,12596,'J'),(13281,'市辖区',3,13280,'S'),(13282,'南湖区',3,13280,'N'),(13295,'秀洲区',3,13280,'X'),(13304,'嘉善县',3,13280,'J'),(13316,'海盐县',3,13280,'H'),(13325,'海宁市',3,13280,'H'),(13339,'平湖市',3,13280,'P'),(13350,'桐乡市',3,13280,'T'),(13364,'湖州市',2,12596,'H'),(13365,'市辖区',3,13364,'S'),(13366,'吴兴区',3,13364,'W'),(13382,'南浔区',3,13364,'N'),(13392,'德清县',3,13364,'D'),(13404,'长兴县',3,13364,'C'),(13421,'安吉县',3,13364,'A'),(13437,'绍兴市',2,12596,'S'),(13438,'市辖区',3,13437,'S'),(13439,'越城区',3,13437,'Y'),(13453,'绍兴县',3,13437,'S'),(13473,'新昌县',3,13437,'X'),(13490,'诸暨市',3,13437,'Z'),(13518,'上虞市',3,13437,'S'),(13542,'嵊州市',3,13437,'S'),(13564,'金华市',2,12596,'J'),(13565,'市辖区',3,13564,'S'),(13566,'婺城区',3,13564,'W'),(13594,'金东区',3,13564,'J'),(13606,'武义县',3,13564,'W'),(13625,'浦江县',3,13564,'P'),(13641,'磐安县',3,13564,'P'),(13662,'兰溪市',3,13564,'L'),(13678,'义乌市',3,13564,'Y'),(13692,'东阳市',3,13564,'D'),(13711,'永康市',3,13564,'Y'),(13726,'衢州市',2,12596,'Q'),(13727,'市辖区',3,13726,'S'),(13728,'柯城区',3,13726,'K'),(13746,'衢江区',3,13726,'Q'),(13768,'常山县',3,13726,'C'),(13783,'开化县',3,13726,'K'),(13802,'龙游县',3,13726,'L'),(13818,'江山市',3,13726,'J'),(13840,'舟山市',2,12596,'Z'),(13841,'市辖区',3,13840,'S'),(13842,'定海区',3,13840,'D'),(13859,'普陀区',3,13840,'P'),(13874,'岱山县',3,13840,'D'),(13882,'嵊泗县',3,13840,'S'),(13890,'台州市',2,12596,'T'),(13891,'市辖区',3,13890,'S'),(13892,'椒江区',3,13890,'J'),(13903,'黄岩区',3,13890,'H'),(13923,'路桥区',3,13890,'L'),(13934,'玉环县',3,13890,'Y'),(13944,'三门县',3,13890,'S'),(13959,'天台县',3,13890,'T'),(13975,'仙居县',3,13890,'X'),(13996,'温岭市',3,13890,'W'),(14013,'临海市',3,13890,'L'),(14033,'丽水市',2,12596,'L'),(14034,'市辖区',3,14033,'S'),(14035,'莲都区',3,14033,'L'),(14054,'青田县',3,14033,'Q'),(14086,'缙云县',3,14033,'J'),(14111,'遂昌县',3,14033,'S'),(14132,'松阳县',3,14033,'S'),(14153,'云和县',3,14033,'Y'),(14168,'庆元县',3,14033,'Q'),(14189,'景宁县',3,14033,'J'),(14214,'龙泉市',3,14033,'L'),(14234,'安徽省',1,0,'A'),(14235,'合肥市',2,14234,'H'),(14236,'市辖区',3,14235,'S'),(14237,'瑶海区',3,14235,'Y'),(14254,'庐阳区',3,14235,'L'),(14269,'蜀山区',3,14235,'S'),(14286,'包河区',3,14235,'B'),(14297,'长丰县',3,14235,'C'),(14314,'肥东县',3,14235,'F'),(14334,'肥西县',3,14235,'F'),(14351,'芜湖市',2,14234,'W'),(14352,'市辖区',3,14351,'S'),(14353,'镜湖区',3,14351,'J'),(14366,'弋江区',3,14351,'Y'),(14374,'鸠江区',3,14351,'J'),(14382,'三山区',3,14351,'S'),(14387,'芜湖县',3,14351,'W'),(14394,'繁昌县',3,14351,'F'),(14401,'南陵县',3,14351,'N'),(14410,'蚌埠市',2,14234,'B'),(14411,'市辖区',3,14410,'S'),(14412,'龙子湖区',3,14410,'L'),(14422,'蚌山区',3,14410,'B'),(14434,'禹会区',3,14410,'Y'),(14443,'淮上区',3,14410,'H'),(14449,'怀远县',3,14410,'H'),(14471,'五河县',3,14410,'W'),(14487,'固镇县',3,14410,'G'),(14500,'淮南市',2,14234,'H'),(14501,'市辖区',3,14500,'S'),(14502,'大通区',3,14500,'D'),(14508,'田家庵区',3,14500,'T'),(14523,'谢家集区',3,14500,'X'),(14535,'八公山区',3,14500,'B'),(14542,'潘集区',3,14500,'P'),(14554,'凤台县',3,14500,'F'),(14575,'马鞍山市',2,14234,'M'),(14576,'市辖区',3,14575,'S'),(14577,'金家庄区',3,14575,'J'),(14583,'花山区',3,14575,'H'),(14589,'雨山区',3,14575,'Y'),(14597,'当涂县',3,14575,'D'),(14612,'淮北市',2,14234,'H'),(14613,'市辖区',3,14612,'S'),(14614,'杜集区',3,14612,'D'),(14620,'相山区',3,14612,'X'),(14632,'烈山区',3,14612,'L'),(14641,'濉溪县',3,14612,'S'),(14653,'铜陵市',2,14234,'T'),(14654,'市辖区',3,14653,'S'),(14655,'铜官山区',3,14653,'T'),(14663,'狮子山区',3,14653,'S'),(14671,'铜陵市郊区',3,14653,'T'),(14678,'铜陵县',3,14653,'T'),(14687,'安庆市',2,14234,'A'),(14688,'市辖区',3,14687,'S'),(14689,'迎江区',3,14687,'Y'),(14700,'大观区',3,14687,'D'),(14712,'宜秀区',3,14687,'Y'),(14720,'怀宁县',3,14687,'H'),(14741,'枞阳县',3,14687,'C'),(14764,'潜山县',3,14687,'Q'),(14782,'太湖县',3,14687,'T'),(14798,'宿松县',3,14687,'S'),(14823,'望江县',3,14687,'W'),(14834,'岳西县',3,14687,'Y'),(14859,'桐城市',3,14687,'T'),(14887,'黄山市',2,14234,'H'),(14888,'市辖区',3,14887,'S'),(14889,'屯溪区',3,14887,'T'),(14900,'黄山区',3,14887,'H'),(14917,'徽州区',3,14887,'H'),(14926,'歙县',3,14887,'S'),(14955,'休宁县',3,14887,'X'),(14977,'黟县',3,14887,'Y'),(14986,'祁门县',3,14887,'Q'),(15005,'滁州市',2,14234,'C'),(15006,'市辖区',3,15005,'S'),(15007,'琅琊区',3,15005,'L'),(15016,'南谯区',3,15005,'N'),(15034,'来安县',3,15005,'L'),(15053,'全椒县',3,15005,'Q'),(15071,'定远县',3,15005,'D'),(15109,'凤阳县',3,15005,'F'),(15136,'天长市',3,15005,'T'),(15166,'明光市',3,15005,'M'),(15194,'阜阳市',2,14234,'F'),(15195,'市辖区',3,15194,'S'),(15196,'颍州区',3,15194,'Y'),(15211,'颍东区',3,15194,'Y'),(15224,'颍泉区',3,15194,'Y'),(15231,'临泉县',3,15194,'L'),(15264,'太和县',3,15194,'T'),(15296,'阜南县',3,15194,'F'),(15328,'颍上县',3,15194,'Y'),(15359,'界首市',3,15194,'J'),(15378,'宿州市',2,14234,'S'),(15379,'市辖区',3,15378,'S'),(15380,'墉桥区',3,15378,'Y'),(15417,'砀山县',3,15378,'D'),(15437,'萧县',3,15378,'X'),(15461,'灵璧县',3,15378,'L'),(15482,'泗县',3,15378,'S'),(15499,'巢湖市',2,14234,'C'),(15500,'市辖区',3,15499,'S'),(15501,'居巢区',3,15499,'J'),(15520,'庐江县',3,15499,'L'),(15542,'无为县',3,15499,'W'),(15566,'含山县',3,15499,'H'),(15575,'和县',3,15499,'H'),(15586,'六安市',2,14234,'L'),(15587,'市辖区',3,15586,'S'),(15588,'金安区',3,15586,'J'),(15612,'裕安区',3,15586,'Y'),(15635,'寿县',3,15586,'S'),(15662,'霍邱县',3,15586,'H'),(15698,'舒城县',3,15586,'S'),(15720,'金寨县',3,15586,'J'),(15747,'霍山县',3,15586,'H'),(15764,'亳州市',2,14234,'H'),(15765,'市辖区',3,15764,'S'),(15766,'谯城区',3,15764,'Q'),(15795,'涡阳县',3,15764,'W'),(15823,'蒙城县',3,15764,'M'),(15843,'利辛县',3,15764,'L'),(15871,'池州市',2,14234,'C'),(15872,'市辖区',3,15871,'S'),(15873,'贵池区',3,15871,'G'),(15900,'东至县',3,15871,'D'),(15930,'石台县',3,15871,'S'),(15944,'青阳县',3,15871,'Q'),(15958,'宣城市',2,14234,'X'),(15959,'市辖区',3,15958,'S'),(15960,'宣州区',3,15958,'X'),(15987,'郎溪县',3,15958,'L'),(16001,'广德县',3,15958,'G'),(16013,'泾县',3,15958,'J'),(16025,'绩溪县',3,15958,'J'),(16037,'旌德县',3,15958,'J'),(16048,'宁国市',3,15958,'N'),(16068,'福建省',1,0,'F'),(16069,'福州市',2,16068,'F'),(16070,'市辖区',3,16069,'S'),(16071,'鼓楼区',3,16069,'G'),(16082,'台江区',3,16069,'T'),(16093,'仓山区',3,16069,'C'),(16108,'马尾区',3,16069,'M'),(16113,'晋安区',3,16069,'J'),(16123,'闽侯县',3,16069,'M'),(16140,'连江县',3,16069,'L'),(16164,'罗源县',3,16069,'L'),(16177,'闽清县',3,16069,'M'),(16194,'永泰县',3,16069,'Y'),(16216,'平潭县',3,16069,'P'),(16232,'福清市',3,16069,'F'),(16259,'长乐市',3,16069,'C'),(16278,'厦门市',2,16068,'X'),(16279,'市辖区',3,16278,'S'),(16280,'思明区',3,16278,'S'),(16294,'海沧区',3,16278,'H'),(16303,'湖里区',3,16278,'H'),(16315,'集美区',3,16278,'J'),(16326,'同安区',3,16278,'T'),(16341,'翔安区',3,16278,'X'),(16348,'莆田市',2,16068,'P'),(16349,'市辖区',3,16348,'S'),(16350,'城厢区',3,16348,'C'),(16358,'涵江区',3,16348,'H'),(16372,'荔城区',3,16348,'L'),(16379,'秀屿区',3,16348,'X'),(16393,'仙游县',3,16348,'X'),(16412,'三明市',2,16068,'S'),(16413,'市辖区',3,16412,'S'),(16414,'梅列区',3,16412,'M'),(16421,'三元区',3,16412,'S'),(16430,'明溪县',3,16412,'M'),(16440,'清流县',3,16412,'Q'),(16455,'宁化县',3,16412,'N'),(16472,'大田县',3,16412,'D'),(16492,'尤溪县',3,16412,'Y'),(16508,'沙县',3,16412,'S'),(16521,'将乐县',3,16412,'J'),(16535,'泰宁县',3,16412,'T'),(16545,'建宁县',3,16412,'J'),(16556,'永安市',3,16412,'Y'),(16572,'泉州市',2,16068,'Q'),(16573,'市辖区',3,16572,'S'),(16574,'鲤城区',3,16572,'L'),(16584,'丰泽区',3,16572,'F'),(16593,'洛江区',3,16572,'L'),(16600,'泉港区',3,16572,'Q'),(16608,'惠安县',3,16572,'H'),(16625,'安溪县',3,16572,'A'),(16650,'永春县',3,16572,'Y'),(16673,'德化县',3,16572,'D'),(16692,'金门县',3,16572,'J'),(16693,'石狮市',3,16572,'S'),(16703,'晋江市',3,16572,'J'),(16726,'南安市',3,16572,'N'),(16754,'漳州市',2,16068,'Z'),(16755,'市辖区',3,16754,'S'),(16756,'芗城区',3,16754,'X'),(16772,'龙文区',3,16754,'L'),(16778,'云霄县',3,16754,'Y'),(16790,'漳浦县',3,16754,'Z'),(16821,'诏安县',3,16754,'Z'),(16842,'长泰县',3,16754,'C'),(16852,'东山县',3,16754,'D'),(16860,'南靖县',3,16754,'N'),(16872,'平和县',3,16754,'P'),(16889,'华安县',3,16754,'H'),(16899,'龙海市',3,16754,'L'),(16924,'南平市',2,16068,'N'),(16925,'市辖区',3,16924,'S'),(16926,'延平区',3,16924,'Y'),(16948,'顺昌县',3,16924,'S'),(16961,'浦城县',3,16924,'P'),(16982,'光泽县',3,16924,'G'),(16991,'松溪县',3,16924,'S'),(17001,'政和县',3,16924,'Z'),(17012,'邵武市',3,16924,'S'),(17033,'武夷山市',3,16924,'W'),(17044,'建瓯市',3,16924,'J'),(17063,'建阳市',3,16924,'J'),(17077,'龙岩市',2,16068,'L'),(17078,'市辖区',3,17077,'S'),(17079,'新罗区',3,17077,'X'),(17099,'长汀县',3,17077,'C'),(17118,'永定县',3,17077,'Y'),(17143,'上杭县',3,17077,'S'),(17166,'武平县',3,17077,'W'),(17184,'连城县',3,17077,'L'),(17202,'漳平市',3,17077,'Z'),(17219,'宁德市　',2,16068,'N'),(17220,'市辖区',3,17219,'S'),(17221,'蕉城区',3,17219,'J'),(17239,'霞浦县',3,17219,'X'),(17254,'古田县',3,17219,'G'),(17269,'屏南县',3,17219,'P'),(17281,'寿宁县',3,17219,'S'),(17296,'周宁县',3,17219,'Z'),(17306,'柘荣县',3,17219,'Z'),(17316,'福安市',3,17219,'F'),(17341,'福鼎市',3,17219,'F'),(17359,'江西省',1,0,'J'),(17360,'南昌市',2,17359,'N'),(17361,'市辖区',3,17360,'S'),(17362,'东湖区',3,17360,'D'),(17374,'西湖区',3,17360,'X'),(17387,'青云谱区',3,17360,'Q'),(17395,'湾里区',3,17360,'W'),(17402,'青山湖区',3,17360,'Q'),(17420,'南昌县',3,17360,'N'),(17443,'新建县',3,17360,'X'),(17471,'安义县',3,17360,'A'),(17485,'进贤县',3,17360,'J'),(17508,'景德镇市',2,17359,'J'),(17509,'市辖区',3,17508,'S'),(17510,'昌江区',3,17508,'C'),(17534,'珠山区',3,17508,'Z'),(17545,'浮梁县',3,17508,'F'),(17568,'乐平市',3,17508,'L'),(17589,'萍乡市',2,17359,'P'),(17590,'市辖区',3,17589,'S'),(17591,'安源区',3,17589,'A'),(17604,'湘东区',3,17589,'X'),(17616,'莲花县',3,17589,'L'),(17630,'上栗县',3,17589,'S'),(17640,'芦溪县',3,17589,'L'),(17651,'九江市',2,17359,'J'),(17652,'市辖区',3,17651,'S'),(17653,'庐山区',3,17651,'L'),(17667,'浔阳区',3,17651,'X'),(17676,'九江县',3,17651,'J'),(17693,'武宁县',3,17651,'W'),(17714,'修水县',3,17651,'X'),(17751,'永修县',3,17651,'Y'),(17773,'德安县',3,17651,'D'),(17792,'星子县',3,17651,'X'),(17807,'都昌县',3,17651,'D'),(17834,'湖口县',3,17651,'H'),(17849,'彭泽县',3,17651,'P'),(17872,'瑞昌市',3,17651,'R'),(17894,'新余市',2,17359,'X'),(17895,'市辖区',3,17894,'S'),(17896,'渝水区',3,17894,'Y'),(17917,'分宜县',3,17894,'F'),(17934,'鹰潭市',2,17359,'Y'),(17935,'市辖区',3,17934,'S'),(17936,'月湖区',3,17934,'Y'),(17945,'余江县',3,17934,'Y'),(17966,'贵溪市',3,17934,'G'),(17999,'赣州市',2,17359,'G'),(18000,'市辖区',3,17999,'S'),(18001,'章贡区',3,17999,'Z'),(18016,'赣县',3,17999,'G'),(18037,'信丰县',3,17999,'X'),(18055,'大余县',3,17999,'D'),(18068,'上犹县',3,17999,'S'),(18084,'崇义县',3,17999,'C'),(18102,'安远县',3,17999,'A'),(18122,'龙南县',3,17999,'L'),(18139,'定南县',3,17999,'D'),(18148,'全南县',3,17999,'Q'),(18161,'宁都县',3,17999,'N'),(18187,'于都县',3,17999,'Y'),(18212,'兴国县',3,17999,'X'),(18239,'会昌县',3,17999,'H'),(18260,'寻乌县',3,17999,'X'),(18276,'石城县',3,17999,'S'),(18287,'瑞金市',3,17999,'R'),(18306,'南康市',3,17999,'N'),(18330,'吉安市',2,17359,'J'),(18331,'市辖区',3,18330,'S'),(18332,'吉州区',3,18330,'J'),(18345,'青原区',3,18330,'Q'),(18356,'吉安县',3,18330,'J'),(18378,'吉水县',3,18330,'J'),(18398,'峡江县',3,18330,'X'),(18411,'新干县',3,18330,'X'),(18429,'永丰县',3,18330,'Y'),(18454,'泰和县',3,18330,'T'),(18483,'遂川县',3,18330,'S'),(18510,'万安县',3,18330,'W'),(18529,'安福县',3,18330,'A'),(18550,'永新县',3,18330,'Y'),(18575,'井冈山市',3,18330,'J'),(18598,'宜春市',2,17359,'Y'),(18599,'市辖区',3,18598,'S'),(18600,'袁州区',3,18598,'Y'),(18639,'奉新县',3,18598,'F'),(18659,'万载县',3,18598,'W'),(18678,'上高县',3,18598,'S'),(18696,'宜丰县',3,18598,'Y'),(18714,'靖安县',3,18598,'J'),(18727,'铜鼓县',3,18598,'T'),(18741,'丰城市',3,18598,'F'),(18777,'樟树市',3,18598,'Z'),(18799,'高安市',3,18598,'G'),(18829,'抚州市',2,17359,'F'),(18830,'市辖区',3,18829,'S'),(18831,'临川区',3,18829,'L'),(18869,'南城县',3,18829,'N'),(18882,'黎川县',3,18829,'L'),(18900,'南丰县',3,18829,'N'),(18915,'崇仁县',3,18829,'C'),(18931,'乐安县',3,18829,'L'),(18949,'宜黄县',3,18829,'Y'),(18965,'金溪县',3,18829,'J'),(18980,'资溪县',3,18829,'Z'),(18988,'东乡县',3,18829,'D'),(19010,'广昌县',3,18829,'G'),(19024,'上饶市',2,17359,'S'),(19025,'市辖区',3,19024,'S'),(19026,'信州区',3,19024,'X'),(19038,'上饶县',3,19024,'S'),(19062,'广丰县',3,19024,'G'),(19088,'玉山县',3,19024,'Y'),(19108,'铅山县',3,19024,'Q'),(19136,'横峰县',3,19024,'H'),(19151,'弋阳县',3,19024,'Y'),(19171,'余干县',3,19024,'Y'),(19202,'鄱阳县',3,19024,'P'),(19234,'万年县',3,19024,'W'),(19248,'婺源县',3,19024,'W'),(19265,'德兴市',3,19024,'D'),(19280,'山东省',1,0,'S'),(19281,'济南市',2,19280,'J'),(19282,'市辖区',3,19281,'S'),(19283,'历下区',3,19281,'L'),(19295,'市中区',3,19281,'S'),(19311,'槐荫区',3,19281,'H'),(19326,'天桥区',3,19281,'T'),(19342,'历城区',3,19281,'L'),(19359,'长清区',3,19281,'C'),(19370,'平阴县',3,19281,'P'),(19378,'济阳县',3,19281,'J'),(19387,'商河县',3,19281,'S'),(19400,'章丘市',3,19281,'Z'),(19421,'青岛市',2,19280,'Q'),(19422,'市辖区',3,19421,'S'),(19423,'市南区',3,19421,'S'),(19438,'市北区',3,19421,'S'),(19456,'四方区',3,19421,'S'),(19464,'黄岛区',3,19421,'H'),(19471,'崂山区',3,19421,'L'),(19476,'李沧区',3,19421,'L'),(19488,'城阳区',3,19421,'C'),(19497,'胶州市',3,19421,'J'),(19516,'即墨市',3,19421,'J'),(19540,'平度市',3,19421,'P'),(19572,'胶南市',3,19421,'J'),(19590,'莱西市',3,19421,'L'),(19608,'淄博市',2,19280,'Z'),(19609,'市辖区',3,19608,'S'),(19610,'淄川区',3,19608,'Z'),(19632,'张店区',3,19608,'Z'),(19649,'博山区',3,19608,'B'),(19663,'临淄区',3,19608,'L'),(19678,'周村区',3,19608,'Z'),(19688,'桓台县',3,19608,'H'),(19700,'高青县',3,19608,'G'),(19710,'沂源县',3,19608,'Y'),(19724,'枣庄市',2,19280,'Z'),(19725,'市辖区',3,19724,'S'),(19726,'市中区',3,19724,'S'),(19738,'薛城区',3,19724,'X'),(19748,'峄城区',3,19724,'Y'),(19756,'台儿庄区',3,19724,'T'),(19763,'山亭区',3,19724,'S'),(19774,'滕州市',3,19724,'T'),(19796,'东营市',2,19280,'D'),(19797,'市辖区',3,19796,'S'),(19798,'东营区',3,19796,'D'),(19809,'河口区',3,19796,'H'),(19817,'垦利县',3,19796,'K'),(19825,'利津县',3,19796,'L'),(19835,'广饶县',3,19796,'G'),(19846,'烟台市',2,19280,'Y'),(19847,'市辖区',3,19846,'S'),(19848,'芝罘区',3,19846,'Z'),(19861,'福山区',3,19846,'F'),(19873,'牟平区',3,19846,'M'),(19887,'莱山区',3,19846,'L'),(19893,'长岛县',3,19846,'C'),(19902,'龙口市',3,19846,'L'),(19916,'莱阳市',3,19846,'L'),(19935,'莱州市',3,19846,'L'),(19952,'蓬莱市',3,19846,'P'),(19965,'招远市',3,19846,'Z'),(19980,'栖霞市',3,19846,'Q'),(19996,'海阳市',3,19846,'H'),(20012,'潍坊市',2,19280,'W'),(20013,'市辖区',3,20012,'S'),(20014,'潍城区',3,20012,'W'),(20023,'寒亭区',3,20012,'H'),(20034,'坊子区',3,20012,'F'),(20043,'奎文区',3,20012,'K'),(20055,'临朐县',3,20012,'L'),(20074,'昌乐县',3,20012,'C'),(20091,'青州市',3,20012,'Q'),(20113,'诸城市',3,20012,'Z'),(20137,'寿光市',3,20012,'S'),(20155,'安丘市',3,20012,'A'),(20179,'高密市',3,20012,'G'),(20200,'昌邑市',3,20012,'C'),(20216,'济宁市',2,19280,'J'),(20217,'市辖区',3,20216,'S'),(20218,'市中区',3,20216,'S'),(20227,'任城区',3,20216,'R'),(20257,'鱼台县',3,20216,'Y'),(20268,'金乡县',3,20216,'J'),(20282,'嘉祥县',3,20216,'J'),(20298,'汶上县',3,20216,'W'),(20313,'泗水县',3,20216,'S'),(20327,'梁山县',3,20216,'L'),(20342,'曲阜市',3,20216,'Q'),(20355,'兖州市',3,20216,'Y'),(20368,'邹城市',3,20216,'Z'),(20386,'泰安市',2,19280,'T'),(20387,'市辖区',3,20386,'S'),(20388,'泰山区',3,20386,'T'),(20397,'岱岳区',3,20386,'D'),(20416,'宁阳县',3,20386,'N'),(20429,'东平县',3,20386,'D'),(20444,'新泰市',3,20386,'X'),(20465,'肥城市',3,20386,'F'),(20480,'威海市',2,19280,'W'),(20481,'市辖区',3,20480,'S'),(20482,'环翠区',3,20480,'H'),(20500,'文登市',3,20480,'W'),(20519,'荣成市',3,20480,'R'),(20542,'乳山市',3,20480,'R'),(20558,'日照市',2,19280,'R'),(20559,'市辖区',3,20558,'S'),(20560,'东港区',3,20558,'D'),(20573,'岚山区',3,20558,'L'),(20583,'五莲县',3,20558,'W'),(20596,'莒县',3,20558,'J'),(20618,'莱芜市',2,19280,'L'),(20619,'市辖区',3,20618,'S'),(20620,'莱城区',3,20618,'L'),(20636,'钢城区',3,20618,'G'),(20642,'临沂市',2,19280,'L'),(20643,'临沂市辖区',3,20642,'L'),(20644,'兰山区',3,20642,'L'),(20656,'罗庄区',3,20642,'L'),(20665,'河东区',3,20642,'H'),(20678,'沂南县',3,20642,'Y'),(20696,'郯城县',3,20642,'T'),(20714,'沂水县',3,20642,'Y'),(20734,'苍山县',3,20642,'C'),(20756,'费县',3,20642,'F'),(20775,'平邑县',3,20642,'P'),(20792,'莒南县',3,20642,'J'),(20811,'蒙阴县',3,20642,'M'),(20823,'临沭县',3,20642,'L'),(20836,'德州市',2,19280,'D'),(20837,'市辖区',3,20836,'S'),(20838,'德城区',3,20836,'D'),(20850,'陵县',3,20836,'L'),(20864,'宁津县',3,20836,'N'),(20876,'庆云县',3,20836,'Q'),(20886,'临邑县',3,20836,'L'),(20899,'齐河县',3,20836,'Q'),(20914,'平原县',3,20836,'P'),(20927,'夏津县',3,20836,'X'),(20942,'武城县',3,20836,'W'),(20952,'乐陵市',3,20836,'L'),(20969,'禹城市',3,20836,'Y'),(20981,'聊城市',2,19280,'L'),(20982,'市辖区',3,20981,'S'),(20983,'东昌府区',3,20981,'D'),(21004,'阳谷县',3,20981,'Y'),(21023,'莘县',3,20981,'S'),(21046,'茌平县',3,20981,'C'),(21063,'东阿县',3,20981,'D'),(21075,'冠县',3,20981,'G'),(21093,'高唐县',3,20981,'G'),(21106,'临清市',3,20981,'L'),(21123,'滨州市',2,19280,'B'),(21124,'市辖区',3,21123,'S'),(21125,'滨城区',3,21123,'B'),(21141,'惠民县',3,21123,'H'),(21156,'阳信县',3,21123,'Y'),(21166,'无棣县',3,21123,'W'),(21178,'沾化县',3,21123,'Z'),(21190,'博兴县',3,21123,'B'),(21201,'邹平县',3,21123,'Z'),(21218,'菏泽市',2,19280,'H'),(21219,'市辖区',3,21218,'S'),(21220,'牡丹区',3,21218,'M'),(21245,'曹县',3,21218,'C'),(21271,'单县',3,21218,'D'),(21292,'成武县',3,21218,'C'),(21305,'巨野县',3,21218,'J'),(21322,'郓城县',3,21218,'Y'),(21344,'鄄城县',3,21218,'J'),(21361,'定陶县',3,21218,'D'),(21373,'东明县',3,21218,'D'),(21387,'河南省',1,0,'H'),(21388,'郑州市',2,21387,'Z'),(21389,'市辖区',3,21388,'S'),(21390,'中原区',3,21388,'Z'),(21404,'二七区',3,21388,'E'),(21420,'管城回族区',3,21388,'G'),(21435,'金水区',3,21388,'J'),(21453,'上街区',3,21388,'S'),(21460,'惠济区',3,21388,'H'),(21469,'中牟县',3,21388,'Z'),(21487,'巩义市',3,21388,'G'),(21508,'荥阳市',3,21388,'X'),(21523,'新密市',3,21388,'X'),(21542,'新郑市',3,21388,'X'),(21558,'登封市',3,21388,'D'),(21575,'开封市',2,21387,'K'),(21576,'市辖区',3,21575,'S'),(21577,'龙亭区',3,21575,'L'),(21584,'顺河区',3,21575,'S'),(21593,'鼓楼区',3,21575,'G'),(21602,'禹王台区',3,21575,'Y'),(21610,'金明区',3,21575,'J'),(21618,'杞县',3,21575,'Q'),(21640,'通许县',3,21575,'T'),(21653,'尉氏县',3,21575,'W'),(21671,'开封县',3,21575,'K'),(21687,'兰考县',3,21575,'L'),(21711,'洛阳市',2,21387,'L'),(21712,'市辖区',3,21711,'S'),(21713,'老城区',3,21711,'L'),(21722,'西工区',3,21711,'X'),(21733,'廛河回族区',3,21711,'C'),(21742,'涧西区',3,21711,'J'),(21758,'吉利区',3,21711,'J'),(21761,'洛龙区',3,21711,'L'),(21770,'孟津县',3,21711,'M'),(21781,'新安县',3,21711,'X'),(21794,'栾川县',3,21711,'L'),(21809,'嵩县',3,21711,'S'),(21829,'汝阳县',3,21711,'R'),(21844,'宜阳县',3,21711,'Y'),(21862,'洛宁县',3,21711,'L'),(21881,'伊川县',3,21711,'Y'),(21896,'偃师市',3,21711,'Y'),(21913,'平顶山市',2,21387,'P'),(21914,'市辖区',3,21913,'S'),(21915,'新华区',3,21913,'X'),(21928,'卫东区',3,21913,'W'),(21940,'石龙区',3,21913,'S'),(21945,'湛河区',3,21913,'Z'),(21954,'宝丰县',3,21913,'B'),(21968,'叶  县',3,21913,'Y'),(21987,'鲁山县',3,21913,'L'),(22009,'郏  县',3,21913,'J'),(22024,'舞钢市',3,21913,'W'),(22037,'汝州市',3,21913,'R'),(22058,'安阳市',2,21387,'A'),(22059,'市辖区',3,22058,'S'),(22060,'文峰区',3,22058,'W'),(22080,'北关区',3,22058,'B'),(22090,'殷都区',3,22058,'Y'),(22101,'龙安区',3,22058,'L'),(22111,'安阳县',3,22058,'A'),(22133,'汤阴县',3,22058,'T'),(22144,'滑县',3,22058,'H'),(22167,'内黄县',3,22058,'N'),(22185,'林州市',3,22058,'L'),(22206,'鹤壁市',2,21387,'H'),(22207,'市辖区',3,22206,'S'),(22208,'鹤山区',3,22206,'H'),(22216,'山城区',3,22206,'S'),(22224,'淇滨区',3,22206,'Q'),(22232,'浚县',3,22206,'J'),(22243,'淇县',3,22206,'Q'),(22251,'新乡市',2,21387,'X'),(22252,'市辖区',3,22251,'S'),(22253,'红旗区',3,22251,'H'),(22264,'卫滨区',3,22251,'W'),(22273,'凤泉区',3,22251,'F'),(22279,'牧野区',3,22251,'M'),(22290,'新乡县',3,22251,'X'),(22299,'获嘉县',3,22251,'H'),(22312,'原阳县',3,22251,'Y'),(22330,'延津县',3,22251,'Y'),(22347,'封丘县',3,22251,'F'),(22367,'长垣县',3,22251,'C'),(22386,'卫辉市',3,22251,'W'),(22400,'辉县市',3,22251,'H'),(22423,'焦作市',2,21387,'J'),(22424,'市辖区',3,22423,'S'),(22425,'解放区',3,22423,'J'),(22435,'中站区',3,22423,'Z'),(22446,'马村区',3,22423,'M'),(22454,'山阳区',3,22423,'S'),(22465,'修武县',3,22423,'X'),(22475,'博爱县',3,22423,'B'),(22487,'武陟县',3,22423,'W'),(22503,'温县',3,22423,'W'),(22515,'济源市',3,22423,'J'),(22532,'沁阳市',3,22423,'Q'),(22546,'孟州市',3,22423,'M'),(22558,'濮阳市',2,21387,'P'),(22559,'市辖区',3,22558,'S'),(22560,'华龙区',3,22558,'H'),(22578,'清丰县',3,22558,'Q'),(22596,'南乐县',3,22558,'N'),(22609,'范县',3,22558,'F'),(22622,'台前县',3,22558,'T'),(22632,'濮阳县',3,22558,'P'),(22655,'许昌市',2,21387,'X'),(22656,'市辖区',3,22655,'S'),(22657,'魏都区',3,22655,'W'),(22671,'许昌县',3,22655,'X'),(22688,'鄢陵县',3,22655,'Y'),(22701,'襄城县',3,22655,'X'),(22718,'禹州市',3,22655,'Y'),(22745,'长葛市',3,22655,'C'),(22762,'漯河市',2,21387,'L'),(22763,'市辖区',3,22762,'S'),(22764,'源汇区',3,22762,'Y'),(22773,'郾城区',3,22762,'Y'),(22783,'召陵区',3,22762,'Z'),(22793,'舞阳县',3,22762,'W'),(22808,'临颖县',3,22762,'L'),(22824,'三门峡市',2,21387,'S'),(22825,'市辖区',3,22824,'S'),(22826,'湖滨区',3,22824,'H'),(22838,'渑池县',3,22824,'M'),(22851,'陕县',3,22824,'S'),(22865,'卢氏县',3,22824,'L'),(22885,'义马市',3,22824,'Y'),(22893,'灵宝市',3,22824,'L'),(22910,'南阳市',2,21387,'N'),(22911,'市辖区',3,22910,'S'),(22912,'宛城区',3,22910,'W'),(22930,'卧龙区',3,22910,'W'),(22951,'南召县',3,22910,'N'),(22973,'方城县',3,22910,'F'),(22992,'西峡县',3,22910,'X'),(23013,'镇平县',3,22910,'Z'),(23036,'内乡县',3,22910,'N'),(23053,'淅川县',3,22910,'X'),(23071,'社旗县',3,22910,'S'),(23087,'唐河县',3,22910,'T'),(23108,'新野县',3,22910,'X'),(23123,'桐柏县',3,22910,'T'),(23140,'邓州市',3,22910,'D'),(23170,'商丘市',2,21387,'S'),(23171,'市辖区',3,23170,'S'),(23172,'梁园区',3,23170,'L'),(23192,'睢阳区',3,23170,'S'),(23211,'民权县',3,23170,'M'),(23232,'睢县',3,23170,'S'),(23253,'宁陵县',3,23170,'N'),(23268,'柘城县',3,23170,'Z'),(23290,'虞城县',3,23170,'Y'),(23317,'夏邑县',3,23170,'X'),(23342,'永城市',3,23170,'Y'),(23372,'信阳市',2,21387,'X'),(23373,'市辖区',3,23372,'S'),(23374,'浉河区',3,23372,'S'),(23393,'平桥区',3,23372,'P'),(23414,'罗山县',3,23372,'L'),(23435,'光山县',3,23372,'G'),(23455,'新县',3,23372,'X'),(23471,'商城县',3,23372,'S'),(23492,'固始县',3,23372,'G'),(23525,'潢川县',3,23372,'H'),(23549,'淮滨县',3,23372,'H'),(23567,'息县',3,23372,'X'),(23589,'周口市',2,21387,'Z'),(23590,'市辖区',3,23589,'S'),(23591,'川汇区',3,23589,'C'),(23604,'扶沟县',3,23589,'F'),(23621,'西华县',3,23589,'X'),(23647,'商水县',3,23589,'S'),(23672,'沈丘县',3,23589,'S'),(23695,'郸城县',3,23589,'D'),(23716,'淮阳县',3,23589,'H'),(23736,'太康县',3,23589,'T'),(23766,'鹿邑县',3,23589,'L'),(23796,'项城市',3,23589,'X'),(23818,'驻马店市',2,21387,'Z'),(23819,'市辖区',3,23818,'S'),(23820,'驿城区',3,23818,'Y'),(23840,'西平县',3,23818,'X'),(23861,'上蔡县',3,23818,'S'),(23886,'平舆县',3,23818,'P'),(23905,'正阳县',3,23818,'Z'),(23926,'确山县',3,23818,'Q'),(23940,'泌阳县',3,23818,'M'),(23965,'汝南县',3,23818,'R'),(23983,'遂平县',3,23818,'S'),(23999,'新蔡县',3,23818,'X'),(24022,'湖北省',1,0,'H'),(24023,'武汉市',2,24022,'W'),(24024,'市辖区',3,24023,'S'),(24025,'江岸区',3,24023,'J'),(24043,'江汉区',3,24023,'J'),(24057,'硚口区',3,24023,'Q'),(24069,'汉阳区',3,24023,'H'),(24082,'武昌区',3,24023,'W'),(24098,'青山区',3,24023,'Q'),(24111,'洪山区',3,24023,'H'),(24129,'东西湖区',3,24023,'D'),(24142,'汉南区',3,24023,'H'),(24150,'蔡甸区',3,24023,'C'),(24165,'江夏区',3,24023,'J'),(24185,'黄陂区',3,24023,'H'),(24205,'武汉市新洲区',3,24023,'W'),(24224,'黄石市',2,24022,'H'),(24225,'市辖区',3,24224,'S'),(24226,'黄石港区',3,24224,'H'),(24233,'西塞山区',3,24224,'X'),(24242,'下陆区',3,24224,'X'),(24247,'铁山区',3,24224,'T'),(24250,'阳新县',3,24224,'Y'),(24273,'大冶市',3,24224,'D'),(24291,'十堰市',2,24022,'S'),(24292,'市辖区',3,24291,'S'),(24293,'茅箭区',3,24291,'M'),(24302,'张湾区',3,24291,'Z'),(24314,'郧县',3,24291,'Y'),(24335,'郧西县',3,24291,'Y'),(24354,'竹山县',3,24291,'Z'),(24374,'竹溪县',3,24291,'Z'),(24405,'房县',3,24291,'F'),(24435,'丹江口市',3,24291,'D'),(24453,'宜昌市',2,24022,'Y'),(24454,'市辖区',3,24453,'S'),(24455,'西陵区',3,24453,'X'),(24465,'伍家岗区',3,24453,'W'),(24471,'点军区',3,24453,'D'),(24477,'猇亭区',3,24453,'X'),(24481,'夷陵区',3,24453,'Y'),(24495,'远安县',3,24453,'Y'),(24503,'兴山县',3,24453,'X'),(24512,'秭归县',3,24453,'Z'),(24525,'长阳县',3,24453,'C'),(24537,'五峰县',3,24453,'W'),(24546,'宜都市',3,24453,'Y'),(24559,'当阳市',3,24453,'D'),(24570,'枝江市',3,24453,'Z'),(24580,'襄樊市',2,24022,'X'),(24581,'市辖区',3,24580,'S'),(24582,'襄城区',3,24580,'X'),(24591,'樊城区',3,24580,'F'),(24608,'襄阳区',3,24580,'X'),(24623,'南漳县',3,24580,'N'),(24635,'谷城县',3,24580,'G'),(24647,'保康县',3,24580,'B'),(24659,'老河口市',3,24580,'L'),(24674,'枣阳市',3,24580,'Z'),(24692,'宜城市',3,24580,'Y'),(24706,'鄂州市',2,24022,'E'),(24707,'市辖区',3,24706,'S'),(24708,'粱子湖区',3,24706,'L'),(24714,'华容区',3,24706,'H'),(24722,'鄂城区',3,24706,'E'),(24737,'荆门市',2,24022,'J'),(24738,'市辖区',3,24737,'S'),(24739,'东宝区',3,24737,'D'),(24749,'掇刀区',3,24737,'D'),(24755,'京山县',3,24737,'J'),(24778,'沙洋县',3,24737,'S'),(24794,'钟祥市',3,24737,'Z'),(24816,'孝感市',2,24022,'X'),(24817,'市辖区',3,24816,'S'),(24818,'孝南区',3,24816,'X'),(24838,'孝昌县',3,24816,'X'),(24853,'大悟县',3,24816,'D'),(24871,'云梦县',3,24816,'Y'),(24885,'应城市',3,24816,'Y'),(24903,'安陆市',3,24816,'A'),(24920,'汉川市',3,24816,'H'),(24949,'荆州市',2,24022,'J'),(24950,'市辖区',3,24949,'S'),(24951,'沙市区',3,24949,'S'),(24965,'荆州区',3,24949,'J'),(24978,'公安县',3,24949,'G'),(24995,'监利县',3,24949,'J'),(25019,'江陵县',3,24949,'J'),(25032,'石首市',3,24949,'S'),(25048,'洪湖市',3,24949,'H'),(25069,'松滋市',3,24949,'S'),(25086,'黄冈市',2,24022,'H'),(25087,'市辖区',3,25086,'S'),(25088,'黄州区',3,25086,'H'),(25099,'团风县',3,25086,'T'),(25112,'红安县',3,25086,'H'),(25126,'罗田县',3,25086,'L'),(25143,'英山县',3,25086,'Y'),(25158,'浠水县',3,25086,'X'),(25175,'蕲春县',3,25086,'Q'),(25192,'黄梅县',3,25086,'H'),(25211,'麻城市',3,25086,'M'),(25235,'武穴市',3,25086,'W'),(25249,'咸宁市',2,24022,'X'),(25250,'市辖区',3,25249,'S'),(25251,'咸安区',3,25249,'X'),(25266,'嘉鱼县',3,25249,'J'),(25276,'通城县',3,25249,'T'),(25290,'崇阳县',3,25249,'C'),(25303,'通山县',3,25249,'T'),(25317,'赤壁市',3,25249,'C'),(25335,'随州市',2,24022,'S'),(25336,'市辖区',3,25335,'S'),(25337,'曾都区',3,25335,'Z'),(25367,'广水市',3,25335,'G'),(25388,'恩施州',2,24022,'E'),(25389,'恩施市',3,25388,'E'),(25406,'利川市',3,25388,'L'),(25422,'建始县',3,25388,'J'),(25433,'巴东县',3,25388,'B'),(25446,'宣恩县',3,25388,'X'),(25456,'咸丰县',3,25388,'X'),(25467,'来凤县',3,25388,'L'),(25476,'鹤峰县',3,25388,'H'),(25487,'省直辖行政单位',2,24022,'S'),(25488,'仙桃市',3,25487,'X'),(25516,'潜江市',3,25487,'Q'),(25541,'天门市',3,25487,'T'),(25570,'神农架林区',3,25487,'S'),(25579,'湖南省',1,0,'H'),(25580,'长沙市',2,25579,'C'),(25581,'市辖区',3,25580,'S'),(25582,'芙蓉区',3,25580,'F'),(25596,'天心区',3,25580,'T'),(25607,'岳麓区',3,25580,'Y'),(25620,'开福区',3,25580,'K'),(25634,'雨花区',3,25580,'Y'),(25645,'长沙县',3,25580,'C'),(25666,'望城县',3,25580,'W'),(25686,'宁乡县',3,25580,'N'),(25720,'浏阳市',3,25580,'L'),(25758,'株洲市',2,25579,'Z'),(25759,'市辖区',3,25758,'S'),(25760,'荷塘区',3,25758,'H'),(25768,'芦淞区',3,25758,'L'),(25777,'石峰区',3,25758,'S'),(25785,'天元区',3,25758,'T'),(25791,'株洲县',3,25758,'Z'),(25810,'攸县',3,25758,'Y'),(25836,'茶陵县',3,25758,'C'),(25863,'炎陵县',3,25758,'Y'),(25881,'醴陵市',3,25758,'L'),(25912,'湘潭市',2,25579,'X'),(25913,'市辖区',3,25912,'S'),(25914,'雨湖区',3,25912,'Y'),(25929,'岳塘区',3,25912,'Y'),(25947,'湘潭县',3,25912,'X'),(25970,'湘乡市',3,25912,'X'),(25993,'韶山市',3,25912,'S'),(26001,'衡阳市',2,25579,'H'),(26002,'市辖区',3,26001,'S'),(26003,'珠晖区',3,26001,'Z'),(26019,'雁峰区',3,26001,'Y'),(26028,'石鼓区',3,26001,'S'),(26037,'蒸湘区',3,26001,'Z'),(26045,'南岳区',3,26001,'N'),(26051,'衡阳县',3,26001,'H'),(26080,'衡南县',3,26001,'H'),(26112,'衡山县',3,26001,'H'),(26130,'衡东县',3,26001,'H'),(26155,'祁东县',3,26001,'Q'),(26179,'耒阳市',3,26001,'L'),(26215,'常宁市',3,26001,'C'),(26242,'邵阳市',2,25579,'S'),(26243,'市辖区',3,26242,'S'),(26244,'双清区',3,26242,'S'),(26257,'大祥区',3,26242,'D'),(26272,'北塔区',3,26242,'B'),(26279,'邵东县',3,26242,'S'),(26306,'新邵县',3,26242,'X'),(26322,'邵阳县',3,26242,'S'),(26348,'隆回县',3,26242,'L'),(26375,'洞口县',3,26242,'D'),(26399,'绥宁县',3,26242,'S'),(26425,'新宁县',3,26242,'X'),(26444,'城步县',3,26242,'C'),(26465,'武冈市',3,26242,'W'),(26485,'岳阳市',2,25579,'Y'),(26486,'市辖区',3,26485,'S'),(26487,'岳阳楼区',3,26485,'Y'),(26511,'云溪区',3,26485,'Y'),(26521,'君山区',3,26485,'J'),(26529,'岳阳县',3,26485,'Y'),(26551,'华容县',3,26485,'H'),(26572,'湘阴县',3,26485,'X'),(26592,'平江县',3,26485,'P'),(26620,'汩罗市',3,26485,'G'),(26657,'临湘市',3,26485,'L'),(26683,'常德市',2,25579,'C'),(26684,'市辖区',3,26683,'S'),(26685,'武陵区',3,26683,'W'),(26702,'鼎城区',3,26683,'D'),(26741,'安乡县',3,26683,'A'),(26762,'汉寿县',3,26683,'H'),(26793,'澧县',3,26683,'L'),(26826,'临澧县',3,26683,'L'),(26844,'桃源县',3,26683,'T'),(26885,'石门县',3,26683,'S'),(26912,'津市市',3,26683,'J'),(26925,'张家界市',2,25579,'Z'),(26926,'市辖区',3,26925,'S'),(26927,'永定区',3,26925,'Y'),(26959,'武陵源区',3,26925,'W'),(26966,'慈利县',3,26925,'C'),(26998,'桑植县',3,26925,'S'),(27038,'益阳市',2,25579,'Y'),(27039,'市辖区',3,27038,'S'),(27040,'资阳区',3,27038,'Z'),(27049,'赫山区',3,27038,'H'),(27069,'南县',3,27038,'N'),(27087,'桃江县',3,27038,'T'),(27106,'安化县',3,27038,'A'),(27130,'沅江市',3,27038,'Y'),(27147,'郴州市',2,25579,'C'),(27148,'市辖区',3,27147,'S'),(27149,'北湖区',3,27147,'B'),(27168,'苏仙区',3,27147,'S'),(27188,'桂阳县',3,27147,'G'),(27228,'宜章县',3,27147,'Y'),(27256,'永兴县',3,27147,'Y'),(27282,'嘉禾县',3,27147,'J'),(27300,'临武县',3,27147,'L'),(27323,'汝城县',3,27147,'R'),(27347,'桂东县',3,27147,'G'),(27367,'安仁县',3,27147,'A'),(27389,'资兴市',3,27147,'Z'),(27418,'永州市',2,25579,'Y'),(27419,'市辖区',3,27418,'S'),(27420,'零陵区',3,27418,'L'),(27437,'冷水滩区',3,27418,'L'),(27459,'祁阳县',3,27418,'Q'),(27492,'东安县',3,27418,'D'),(27511,'双牌县',3,27418,'S'),(27527,'道县',3,27418,'D'),(27554,'江永县',3,27418,'J'),(27567,'宁远县',3,27418,'N'),(27585,'蓝山县',3,27418,'L'),(27606,'新田县',3,27418,'X'),(27626,'江华县',3,27418,'J'),(27650,'怀化市',2,25579,'H'),(27651,'市辖区',3,27650,'S'),(27652,'鹤城区',3,27650,'H'),(27667,'中方县',3,27650,'Z'),(27690,'沅陵县',3,27650,'Y'),(27714,'辰溪县',3,27650,'C'),(27745,'溆浦县',3,27650,'X'),(27789,'会同县',3,27650,'H'),(27815,'麻阳县',3,27650,'M'),(27839,'新晃县',3,27650,'X'),(27863,'芷江县',3,27650,'Z'),(27892,'靖州苗族侗族县',3,27650,'J'),(27906,'通道县',3,27650,'T'),(27930,'洪江市',3,27650,'H'),(27963,'娄底市',2,25579,'L'),(27964,'市辖区',3,27963,'S'),(27965,'娄星区',3,27963,'L'),(27980,'双峰县',3,27963,'S'),(27997,'新化县',3,27963,'X'),(28027,'冷水江市',3,27963,'L'),(28044,'涟源市',3,27963,'L'),(28065,'湘西州',2,25579,'X'),(28066,'吉首市',3,28065,'J'),(28082,'泸溪县',3,28065,'L'),(28099,'凤凰县',3,28065,'F'),(28124,'花垣县',3,28065,'H'),(28143,'保靖县',3,28065,'B'),(28161,'古丈县',3,28065,'G'),(28174,'永顺县',3,28065,'Y'),(28205,'龙山县',3,28065,'L'),(28240,'广东省',1,0,'G'),(28241,'广州市',2,28240,'G'),(28242,'市辖区',3,28241,'S'),(28243,'荔湾区',3,28241,'L'),(28266,'越秀区',3,28241,'Y'),(28289,'海珠区',3,28241,'H'),(28308,'天河区',3,28241,'T'),(28330,'白云区',3,28241,'B'),(28349,'黄埔区',3,28241,'H'),(28359,'番禺区',3,28241,'F'),(28377,'花都区',3,28241,'H'),(28386,'南沙区',3,28241,'N'),(28392,'萝岗区',3,28241,'L'),(28399,'增城市',3,28241,'Z'),(28409,'从化市',3,28241,'C'),(28421,'韶关市',2,28240,'S'),(28422,'市辖区',3,28421,'S'),(28423,'武江区',3,28421,'W'),(28431,'浈江区',3,28421,'Z'),(28448,'曲江区',3,28421,'Q'),(28463,'始兴县',3,28421,'S'),(28475,'仁化县',3,28421,'R'),(28488,'翁源县',3,28421,'W'),(28497,'乳源县',3,28421,'R'),(28509,'新丰县',3,28421,'X'),(28517,'乐昌市',3,28421,'L'),(28539,'南雄市',3,28421,'N'),(28558,'深圳市',2,28240,'S'),(28559,'市辖区',3,28558,'S'),(28560,'罗湖区',3,28558,'L'),(28571,'福田区',3,28558,'F'),(28581,'南山区',3,28558,'N'),(28590,'宝安区',3,28558,'B'),(28604,'龙岗区',3,28558,'L'),(28619,'盐田区',3,28558,'Y'),(28626,'珠海市',2,28240,'Z'),(28627,'市辖区',3,28626,'S'),(28628,'香洲区',3,28626,'X'),(28646,'斗门区',3,28626,'D'),(28654,'金湾区',3,28626,'J'),(28659,'汕头市',2,28240,'S'),(28660,'市辖区',3,28659,'S'),(28661,'龙湖区',3,28659,'L'),(28669,'金平区',3,28659,'J'),(28687,'濠江区',3,28659,'H'),(28695,'潮阳区',3,28659,'C'),(28709,'潮南区',3,28659,'C'),(28721,'澄海区',3,28659,'C'),(28733,'南澳县',3,28659,'N'),(28737,'佛山市',2,28240,'F'),(28738,'市辖区',3,28737,'S'),(28739,'禅城区',3,28737,'C'),(28744,'南海区',3,28737,'N'),(28753,'顺德区',3,28737,'S'),(28764,'三水区',3,28737,'S'),(28776,'高明区',3,28737,'G'),(28785,'江门市',2,28240,'J'),(28786,'市辖区',3,28785,'S'),(28787,'蓬江区',3,28785,'P'),(28797,'江海区',3,28785,'J'),(28803,'新会区',3,28785,'X'),(28818,'台山市',3,28785,'T'),(28837,'开平市',3,28785,'K'),(28853,'鹤山市',3,28785,'H'),(28867,'恩平市',3,28785,'E'),(28880,'湛江市',2,28240,'Z'),(28881,'市辖区',3,28880,'S'),(28882,'湛江市赤坎区',3,28880,'Z'),(28891,'湛江市霞山区',3,28880,'Z'),(28904,'湛江市坡头区',3,28880,'Z'),(28914,'湛江市麻章区',3,28880,'Z'),(28923,'遂溪县',3,28880,'S'),(28941,'徐闻县',3,28880,'X'),(28962,'廉江市',3,28880,'L'),(28984,'雷州市',3,28880,'L'),(29010,'吴川市',3,28880,'W'),(29026,'茂名市',2,28240,'M'),(29027,'市辖区',3,29026,'S'),(29028,'茂南区',3,29026,'M'),(29045,'茂港区',3,29026,'M'),(29053,'电白县',3,29026,'D'),(29075,'高州市',3,29026,'G'),(29107,'化州市',3,29026,'H'),(29138,'信宜市',3,29026,'X'),(29159,'肇庆市',2,28240,'Z'),(29160,'市辖区',3,29159,'S'),(29161,'端州区',3,29159,'D'),(29169,'鼎湖区',3,29159,'D'),(29178,'广宁县',3,29159,'G'),(29196,'怀集县',3,29159,'H'),(29217,'封开县',3,29159,'F'),(29234,'德庆县',3,29159,'D'),(29248,'高要市',3,29159,'G'),(29266,'四会市',3,29159,'S'),(29282,'惠州市',2,28240,'H'),(29283,'市辖区',3,29282,'S'),(29284,'惠城区',3,29282,'H'),(29304,'惠阳区',3,29282,'H'),(29317,'博罗县',3,29282,'B'),(29335,'惠东县',3,29282,'H'),(29355,'龙门县',3,29282,'L'),(29371,'梅州市',2,28240,'M'),(29372,'市辖区',3,29371,'S'),(29373,'梅江区',3,29371,'M'),(29380,'梅县',3,29371,'M'),(29400,'大埔县',3,29371,'D'),(29418,'丰顺县',3,29371,'F'),(29436,'五华县',3,29371,'W'),(29453,'平远县',3,29371,'P'),(29466,'蕉岭县',3,29371,'J'),(29477,'兴宁市',3,29371,'X'),(29498,'汕尾市',2,28240,'S'),(29499,'市辖区',3,29498,'S'),(29500,'城区',3,29498,'C'),(29511,'海丰县',3,29498,'H'),(29529,'陆河县',3,29498,'L'),(29538,'陆丰市',3,29498,'L'),(29568,'河源市',2,28240,'H'),(29569,'市辖区',3,29568,'S'),(29570,'源城区',3,29568,'Y'),(29578,'紫金县',3,29568,'Z'),(29599,'龙川县',3,29568,'L'),(29625,'连平县',3,29568,'L'),(29639,'和平县',3,29568,'H'),(29657,'东源县',3,29568,'D'),(29679,'阳江市',2,28240,'Y'),(29680,'市辖区',3,29679,'S'),(29681,'江城区',3,29679,'J'),(29698,'阳西县',3,29679,'Y'),(29709,'阳东县',3,29679,'Y'),(29729,'阳春市',3,29679,'Y'),(29755,'清远市',2,28240,'Q'),(29756,'市辖区',3,29755,'S'),(29757,'清城区',3,29755,'Q'),(29766,'佛冈县',3,29755,'F'),(29773,'阳山县',3,29755,'Y'),(29787,'连山县',3,29755,'L'),(29797,'连南县',3,29755,'L'),(29805,'清新县',3,29755,'Q'),(29816,'英德市',3,29755,'Y'),(29842,'连州市',3,29755,'L'),(29855,'东莞市',2,28240,'D'),(29890,'中山市',2,28240,'Z'),(29915,'潮州市',2,28240,'C'),(29916,'市辖区',3,29915,'S'),(29917,'潮州市湘桥区',3,29915,'C'),(29930,'潮州市潮安县',3,29915,'C'),(29954,'潮州市饶平县',3,29915,'C'),(29977,'揭阳市',2,28240,'J'),(29978,'市辖区',3,29977,'S'),(29979,'榕城区',3,29977,'R'),(29990,'揭东县',3,29977,'J'),(30008,'揭西县',3,29977,'J'),(30032,'惠来县',3,29977,'H'),(30054,'普宁市',3,29977,'P'),(30086,'云浮市',2,28240,'Y'),(30087,'市辖区',3,30086,'S'),(30088,'云城区',3,30086,'Y'),(30096,'新兴县',3,30086,'X'),(30112,'郁南县',3,30086,'Y'),(30132,'云安县',3,30086,'Y'),(30141,'罗定市',3,30086,'L'),(30164,'广西',1,0,'G'),(30165,'南宁市',2,30164,'N'),(30166,'市辖区',3,30165,'S'),(30167,'兴宁区',3,30165,'X'),(30174,'青秀区',3,30165,'Q'),(30186,'江南区',3,30165,'J'),(30196,'西乡塘区',3,30165,'X'),(30214,'良庆区',3,30165,'L'),(30222,'邕宁区',3,30165,'Y'),(30228,'武鸣县',3,30165,'W'),(30245,'隆安县',3,30165,'L'),(30257,'马山县',3,30165,'M'),(30270,'上林县',3,30165,'S'),(30282,'宾阳县',3,30165,'B'),(30300,'横县',3,30165,'H'),(30319,'柳州市',2,30164,'L'),(30320,'市辖区',3,30319,'S'),(30321,'城中区',3,30319,'C'),(30329,'鱼峰区',3,30319,'Y'),(30338,'柳南区',3,30319,'L'),(30348,'柳北区',3,30319,'L'),(30361,'柳江县',3,30319,'L'),(30374,'柳城县',3,30319,'L'),(30387,'鹿寨县',3,30319,'L'),(30398,'融安县',3,30319,'R'),(30411,'融水县',3,30319,'R'),(30432,'三江县',3,30319,'S'),(30448,'桂林市',2,30164,'G'),(30449,'市辖区',3,30448,'S'),(30450,'秀峰区',3,30448,'X'),(30454,'叠彩区',3,30448,'D'),(30458,'象山区',3,30448,'X'),(30463,'七星区',3,30448,'Q'),(30469,'雁山区',3,30448,'Y'),(30475,'阳朔县',3,30448,'Y'),(30485,'临桂县',3,30448,'L'),(30497,'灵川县',3,30448,'L'),(30509,'全州县',3,30448,'Q'),(30528,'兴安县',3,30448,'X'),(30539,'永福县',3,30448,'Y'),(30549,'灌阳县',3,30448,'G'),(30559,'龙胜县',3,30448,'L'),(30570,'资源县',3,30448,'Z'),(30578,'平乐县',3,30448,'P'),(30589,'荔浦县',3,30448,'L'),(30603,'恭城县',3,30448,'G'),(30613,'梧州市',2,30164,'W'),(30614,'市辖区',3,30613,'S'),(30615,'万秀区',3,30613,'W'),(30622,'蝶山区',3,30613,'D'),(30628,'长洲区',3,30613,'C'),(30633,'苍梧县',3,30613,'C'),(30646,'藤县',3,30613,'T'),(30663,'蒙山县',3,30613,'M'),(30673,'岑溪市',3,30613,'C'),(30688,'北海市',2,30164,'B'),(30689,'市辖区',3,30688,'S'),(30690,'海城区',3,30688,'H'),(30699,'银海区',3,30688,'Y'),(30704,'铁山港区',3,30688,'T'),(30708,'合浦县',3,30688,'H'),(30724,'防城港市',2,30164,'F'),(30725,'市辖区',3,30724,'S'),(30726,'港口区',3,30724,'G'),(30732,'防城区',3,30724,'F'),(30748,'上思县',3,30724,'S'),(30758,'东兴市',3,30724,'D'),(30762,'钦州市',2,30164,'Q'),(30763,'市辖区',3,30762,'S'),(30764,'钦南区',3,30762,'Q'),(30783,'钦北区',3,30762,'Q'),(30796,'灵山县',3,30762,'L'),(30817,'浦北县',3,30762,'P'),(30834,'贵港市',2,30164,'G'),(30835,'市辖区',3,30834,'S'),(30836,'港北区',3,30834,'G'),(30845,'港南区',3,30834,'G'),(30855,'覃塘区',3,30834,'Q'),(30866,'平南县',3,30834,'P'),(30888,'桂平市',3,30834,'G'),(30915,'玉林市',2,30164,'Y'),(30916,'市辖区',3,30915,'S'),(30917,'玉州区',3,30915,'Y'),(30933,'容县',3,30915,'R'),(30949,'陆川县',3,30915,'L'),(30964,'博白县',3,30915,'B'),(30993,'兴业县',3,30915,'X'),(31007,'北流市',3,30915,'B'),(31033,'百色市',2,30164,'B'),(31034,'市辖区',3,31033,'S'),(31035,'右江区',3,31033,'Y'),(31045,'田阳县',3,31033,'T'),(31056,'田东县',3,31033,'T'),(31067,'平果县',3,31033,'P'),(31081,'德保县',3,31033,'D'),(31095,'靖西县',3,31033,'J'),(31115,'那坡县',3,31033,'N'),(31125,'凌云县',3,31033,'L'),(31134,'乐业县',3,31033,'L'),(31143,'田林县',3,31033,'T'),(31158,'西林县',3,31033,'X'),(31167,'隆林县',3,31033,'L'),(31184,'贺州市',2,30164,'H'),(31185,'市辖区',3,31184,'S'),(31186,'八步区',3,31184,'B'),(31208,'昭平县',3,31184,'Z'),(31221,'钟山县',3,31184,'Z'),(31236,'富川县',3,31184,'F'),(31249,'河池市',2,30164,'H'),(31250,'市辖区',3,31249,'S'),(31251,'金城江区',3,31249,'J'),(31264,'南丹县',3,31249,'N'),(31276,'天峨县',3,31249,'T'),(31286,'凤山县',3,31249,'F'),(31296,'东兰县',3,31249,'D'),(31311,'罗城县',3,31249,'L'),(31323,'环江县',3,31249,'H'),(31336,'巴马县',3,31249,'B'),(31347,'都安县',3,31249,'D'),(31367,'大化县',3,31249,'D'),(31384,'宜州市',3,31249,'Y'),(31401,'来宾市',2,30164,'L'),(31402,'市辖区',3,31401,'S'),(31403,'兴宾区',3,31401,'X'),(31427,'忻城县',3,31401,'X'),(31440,'象州县',3,31401,'X'),(31452,'武宣县',3,31401,'W'),(31463,'金秀县',3,31401,'J'),(31474,'合山市',3,31401,'H'),(31478,'崇左市',2,30164,'C'),(31479,'市辖区',3,31478,'S'),(31480,'江州区',3,31478,'J'),(31490,'扶绥县',3,31478,'F'),(31502,'宁明县',3,31478,'N'),(31516,'龙州县',3,31478,'L'),(31529,'大新县',3,31478,'D'),(31544,'天等县',3,31478,'T'),(31558,'凭祥市',3,31478,'P'),(31563,'海南省',1,0,'H'),(31564,'海口市',2,31563,'H'),(31565,'市辖区',3,31564,'S'),(31566,'秀英区',3,31564,'X'),(31575,'龙华区',3,31564,'L'),(31587,'琼山区',3,31564,'Q'),(31601,'美兰区',3,31564,'M'),(31618,'三亚市',2,31563,'S'),(31619,'市辖区',3,31618,'S'),(31634,'五指山市',2,31563,'W'),(31635,'冲山镇',3,31634,'C'),(31636,'南圣镇',3,31634,'N'),(31637,'毛阳镇',3,31634,'M'),(31638,'番阳镇',3,31634,'F'),(31639,'畅好乡',3,31634,'C'),(31640,'毛道乡',3,31634,'M'),(31641,'水满乡',3,31634,'S'),(31642,'国营畅好农场',3,31634,'G'),(31643,'琼海市',2,31563,'Q'),(31644,'嘉积镇',3,31643,'J'),(31645,'万泉镇',3,31643,'W'),(31646,'石壁镇',3,31643,'S'),(31647,'中原镇',3,31643,'Z'),(31648,'博敖镇',3,31643,'B'),(31649,'阳江镇',3,31643,'Y'),(31650,'龙江镇',3,31643,'L'),(31651,'潭门镇',3,31643,'T'),(31652,'塔洋镇',3,31643,'T'),(31653,'长坡镇',3,31643,'C'),(31654,'大路镇',3,31643,'D'),(31655,'会山镇',3,31643,'H'),(31656,'国营东太农场',3,31643,'G'),(31657,'国营东平农场',3,31643,'G'),(31658,'国营东红农场',3,31643,'G'),(31659,'国营东升农场',3,31643,'G'),(31660,'国营南俸农场',3,31643,'G'),(31661,'彬村山华侨农场',3,31643,'B'),(31662,'儋州市',2,31563,'D'),(31663,'那大镇',3,31662,'N'),(31664,'和庆镇',3,31662,'H'),(31665,'南丰镇',3,31662,'N'),(31666,'大成镇',3,31662,'D'),(31667,'雅星镇',3,31662,'Y'),(31668,'兰洋镇',3,31662,'L'),(31669,'光村镇',3,31662,'G'),(31670,'木棠镇',3,31662,'M'),(31671,'海头镇',3,31662,'H'),(31672,'峨蔓镇',3,31662,'E'),(31673,'三都镇',3,31662,'S'),(31674,'王五镇',3,31662,'W'),(31675,'白马井镇',3,31662,'B'),(31676,'中和镇',3,31662,'Z'),(31677,'排浦镇',3,31662,'P'),(31678,'东成镇',3,31662,'D'),(31679,'新州镇',3,31662,'X'),(31680,'国营西培农场',3,31662,'G'),(31681,'国营西华农场',3,31662,'G'),(31682,'国营西庆农场',3,31662,'G'),(31683,'国营西流农场',3,31662,'G'),(31684,'国营西联农场',3,31662,'G'),(31685,'国营蓝洋农场',3,31662,'G'),(31686,'国营新盈农场',3,31662,'G'),(31687,'国营八一农场东山分场',3,31662,'G'),(31688,'国营八一农场金川分场',3,31662,'G'),(31689,'国营八一农场长岭分场',3,31662,'G'),(31690,'国营八一农场英岛分场',3,31662,'G'),(31691,'国营八一农场春江分场',3,31662,'G'),(31692,'国营八一农场强打管区',3,31662,'G'),(31693,'国营龙山农场',3,31662,'G'),(31694,'国营红岭农场',3,31662,'G'),(31695,'洋浦经济开发区',3,31662,'Y'),(31696,'华南热作学院',3,31662,'H'),(31697,'文昌市',2,31563,'W'),(31698,'文城镇',3,31697,'W'),(31699,'重兴镇',3,31697,'Z'),(31700,'蓬莱镇',3,31697,'P'),(31701,'会文镇',3,31697,'H'),(31702,'东路镇',3,31697,'D'),(31703,'潭牛镇',3,31697,'T'),(31704,'东阁镇',3,31697,'D'),(31705,'文教镇',3,31697,'W'),(31706,'东郊镇',3,31697,'D'),(31707,'龙楼镇',3,31697,'L'),(31708,'昌洒镇',3,31697,'C'),(31709,'翁田镇',3,31697,'W'),(31710,'抱罗镇',3,31697,'B'),(31711,'冯坡镇',3,31697,'F'),(31712,'锦山镇',3,31697,'J'),(31713,'铺前镇',3,31697,'P'),(31714,'国营东路农场',3,31697,'G'),(31715,'国营南阳农场',3,31697,'G'),(31716,'国营罗豆农场',3,31697,'G'),(31717,'国营文昌橡胶研究所',3,31697,'G'),(31718,'万宁市',2,31563,'W'),(31719,'万城镇',3,31718,'W'),(31720,'龙滚镇',3,31718,'L'),(31721,'和乐镇',3,31718,'H'),(31722,'后安镇',3,31718,'H'),(31723,'大茂镇',3,31718,'D'),(31724,'东澳镇',3,31718,'D'),(31725,'礼纪镇',3,31718,'L'),(31726,'长丰镇',3,31718,'C'),(31727,'山根镇',3,31718,'S'),(31728,'北大镇',3,31718,'B'),(31729,'南桥镇',3,31718,'N'),(31730,'三更罗镇',3,31718,'S'),(31731,'国营东兴农场',3,31718,'G'),(31732,'国营东和农场',3,31718,'G'),(31733,'国营东岭农场',3,31718,'G'),(31734,'国营南林农场',3,31718,'G'),(31735,'国营新中农场',3,31718,'G'),(31736,'兴隆华侨农场',3,31718,'X'),(31737,'地方国营六连林场',3,31718,'D'),(31738,'东方市',2,31563,'D'),(31739,'八所镇',3,31738,'B'),(31740,'东河镇',3,31738,'D'),(31741,'大田镇',3,31738,'D'),(31742,'感城镇',3,31738,'G'),(31743,'板桥镇',3,31738,'B'),(31744,'三家镇',3,31738,'S'),(31745,'四更镇',3,31738,'S'),(31746,'新龙镇',3,31738,'X'),(31747,'天安乡',3,31738,'T'),(31748,'江边乡',3,31738,'J'),(31749,'国营广坝农场',3,31738,'G'),(31750,'国营公爱农场',3,31738,'G'),(31751,'国营红泉农场',3,31738,'G'),(31752,'省国营东方华侨农场',3,31738,'S'),(31753,'定安县',2,31563,'D'),(31754,'定城镇',3,31753,'D'),(31755,'新竹镇',3,31753,'X'),(31756,'龙湖镇',3,31753,'L'),(31757,'黄竹镇',3,31753,'H'),(31758,'雷鸣镇',3,31753,'L'),(31759,'龙门镇',3,31753,'L'),(31760,'龙河镇',3,31753,'L'),(31761,'岭口镇',3,31753,'L'),(31762,'翰林镇',3,31753,'H'),(31763,'富文镇',3,31753,'F'),(31764,'国营中瑞农场',3,31753,'G'),(31765,'国营南海农场',3,31753,'G'),(31766,'国营金鸡岭农场',3,31753,'G'),(31767,'定安热作研究所',3,31753,'D'),(31768,'屯昌县',2,31563,'T'),(31769,'屯城镇',3,31768,'T'),(31770,'新兴镇',3,31768,'X'),(31771,'枫木镇',3,31768,'F'),(31772,'乌坡镇',3,31768,'W'),(31773,'南吕镇',3,31768,'N'),(31774,'南坤镇',3,31768,'N'),(31775,'坡心镇',3,31768,'P'),(31776,'西昌镇',3,31768,'X'),(31777,'国营中建农场',3,31768,'G'),(31778,'国营中坤农场',3,31768,'G'),(31779,'国营黄岭农场',3,31768,'G'),(31780,'国营南吕农场',3,31768,'G'),(31781,'国营广青农场',3,31768,'G'),(31782,'国营晨星农场',3,31768,'G'),(31783,'澄迈县',2,31563,'C'),(31784,'金江镇',3,31783,'J'),(31785,'老城镇',3,31783,'L'),(31786,'瑞溪镇',3,31783,'R'),(31787,'永发镇',3,31783,'Y'),(31788,'加乐镇',3,31783,'J'),(31789,'文儒镇',3,31783,'W'),(31790,'中兴镇',3,31783,'Z'),(31791,'仁兴镇',3,31783,'R'),(31792,'福山镇',3,31783,'F'),(31793,'桥头镇',3,31783,'Q'),(31794,'国营红光农场',3,31783,'G'),(31795,'国营红岗农场',3,31783,'G'),(31796,'国营西达农场',3,31783,'G'),(31797,'国营昆仑农场',3,31783,'G'),(31798,'国营和岭农场',3,31783,'G'),(31799,'国营金安农场',3,31783,'G'),(31800,'澄迈县华侨农场',3,31783,'C'),(31801,'临高县',2,31563,'L'),(31802,'临城镇',3,31801,'L'),(31803,'波莲镇',3,31801,'B'),(31804,'东英镇',3,31801,'D'),(31805,'博厚镇',3,31801,'B'),(31806,'皇桐镇',3,31801,'H'),(31807,'多文镇',3,31801,'D'),(31808,'和舍镇',3,31801,'H'),(31809,'南宝镇',3,31801,'N'),(31810,'新盈镇',3,31801,'X'),(31811,'调楼镇',3,31801,'D'),(31812,'国营红华农场',3,31801,'G'),(31813,'国营加来农场',3,31801,'G'),(31814,'白沙县',2,31563,'B'),(31815,'牙叉镇',3,31814,'Y'),(31816,'七坊镇',3,31814,'Q'),(31817,'邦溪镇',3,31814,'B'),(31818,'打安镇',3,31814,'D'),(31819,'细水乡',3,31814,'X'),(31820,'元门乡',3,31814,'Y'),(31821,'南开乡',3,31814,'N'),(31822,'阜龙乡',3,31814,'F'),(31823,'青松乡',3,31814,'Q'),(31824,'金波乡',3,31814,'J'),(31825,'荣邦乡',3,31814,'R'),(31826,'国营金波农场',3,31814,'G'),(31827,'国营白沙农场',3,31814,'G'),(31828,'国营牙叉农场',3,31814,'G'),(31829,'国营卫星农场',3,31814,'G'),(31830,'国营龙江农场',3,31814,'G'),(31831,'国营珠碧江农场',3,31814,'G'),(31832,'国营芙蓉田农场',3,31814,'G'),(31833,'国营大岭农场',3,31814,'G'),(31834,'国营邦溪农场',3,31814,'G'),(31835,'昌江县',2,31563,'C'),(31836,'石碌镇',3,31835,'S'),(31837,'叉河镇',3,31835,'C'),(31838,'十月田镇',3,31835,'S'),(31839,'乌烈镇',3,31835,'W'),(31840,'昌化镇',3,31835,'C'),(31841,'海尾镇',3,31835,'H'),(31842,'七叉镇',3,31835,'Q'),(31843,'王下乡',3,31835,'W'),(31844,'国营红田农场',3,31835,'G'),(31845,'国营红林农场',3,31835,'G'),(31846,'国营坝王岭林场',3,31835,'G'),(31847,'海南钢铁公司',3,31835,'H'),(31848,'乐东县',2,31563,'L'),(31849,'抱由镇',3,31848,'B'),(31850,'万冲镇',3,31848,'W'),(31851,'大安镇',3,31848,'D'),(31852,'志仲镇',3,31848,'Z'),(31853,'千家镇',3,31848,'Q'),(31854,'九所镇',3,31848,'J'),(31855,'利国镇',3,31848,'L'),(31856,'黄流镇',3,31848,'H'),(31857,'佛罗镇',3,31848,'F'),(31858,'尖峰镇',3,31848,'J'),(31859,'莺歌海镇',3,31848,'Y'),(31860,'国营乐中农场',3,31848,'G'),(31861,'国营山荣农场',3,31848,'G'),(31862,'国营乐光农场',3,31848,'G'),(31863,'国营报伦农场',3,31848,'G'),(31864,'国营福报农场',3,31848,'G'),(31865,'国营保国农场',3,31848,'G'),(31866,'国营保显农场',3,31848,'G'),(31867,'国营尖峰岭林业公司',3,31848,'G'),(31868,'国营莺歌海盐场',3,31848,'G'),(31869,'陵水县',2,31563,'L'),(31870,'椰林镇',3,31869,'Y'),(31871,'光坡镇',3,31869,'G'),(31872,'三才镇',3,31869,'S'),(31873,'英州镇',3,31869,'Y'),(31874,'隆广镇',3,31869,'L'),(31875,'文罗镇',3,31869,'W'),(31876,'本号镇',3,31869,'B'),(31877,'新村镇',3,31869,'X'),(31878,'黎安镇',3,31869,'L'),(31879,'提蒙乡',3,31869,'T'),(31880,'群英乡',3,31869,'Q'),(31881,'国营岭门农场',3,31869,'G'),(31882,'国营南平农场',3,31869,'G'),(31883,'国营吊罗山林业公司',3,31869,'G'),(31884,'保亭县',2,31563,'B'),(31885,'保城镇',3,31884,'B'),(31886,'什玲镇',3,31884,'S'),(31887,'加茂镇',3,31884,'J'),(31888,'响水镇',3,31884,'X'),(31889,'新政镇',3,31884,'X'),(31890,'三道镇',3,31884,'S'),(31891,'六弓乡',3,31884,'L'),(31892,'南林乡',3,31884,'N'),(31893,'毛感乡',3,31884,'M'),(31894,'国营五指山茶场',3,31884,'G'),(31895,'国营新星农场',3,31884,'G'),(31896,'国营保亭热作所',3,31884,'G'),(31897,'国营金江农场',3,31884,'G'),(31898,'国营南茂农场',3,31884,'G'),(31899,'国营三道农场',3,31884,'G'),(31900,'琼中县',2,31563,'Q'),(31901,'营根镇',3,31900,'Y'),(31902,'湾岭镇',3,31900,'W'),(31903,'黎母山镇',3,31900,'L'),(31904,'和平镇',3,31900,'H'),(31905,'长征镇',3,31900,'C'),(31906,'红毛镇',3,31900,'H'),(31907,'中平镇',3,31900,'Z'),(31908,'吊罗山乡',3,31900,'D'),(31909,'上安乡',3,31900,'S'),(31910,'什运乡',3,31900,'S'),(31911,'国营新进农场',3,31900,'G'),(31912,'国营大丰农场',3,31900,'G'),(31913,'国营阳江农场',3,31900,'G'),(31914,'国营乌石农场',3,31900,'G'),(31915,'国营南方农场',3,31900,'G'),(31916,'国营岭头农场',3,31900,'G'),(31917,'国营加钗农场',3,31900,'G'),(31918,'国营长征农场',3,31900,'G'),(31919,'国营乘坡农场',3,31900,'G'),(31920,'国营太平农场',3,31900,'G'),(31921,'国营新伟农场',3,31900,'G'),(31922,'国营黎母山林业公司',3,31900,'G'),(31923,'西沙群岛',3,31924,'X'),(31924,'三沙市',2,31563,'S'),(31925,'南沙群岛',3,31924,'N'),(31927,'中沙群岛的岛礁及其海域',3,31924,'Z'),(31929,'重庆市',1,0,'Z'),(31930,'市辖区',2,31929,'S'),(31931,'万州区',3,31930,'W'),(31984,'涪陵区',3,31930,'F'),(32031,'渝中区',3,31930,'Y'),(32044,'大渡口区',3,31930,'D'),(32053,'江北区',3,31930,'J'),(32066,'沙坪坝区',3,31930,'S'),(32093,'九龙坡区',3,31930,'J'),(32112,'南岸区',3,31930,'N'),(32127,'北碚区',3,31930,'B'),(32145,'万盛区',3,31930,'W'),(32156,'双桥区',3,31930,'S'),(32160,'渝北区',3,31930,'Y'),(32191,'巴南区',3,31930,'B'),(32213,'黔江区',3,31930,'Q'),(32244,'长寿区',3,31930,'C'),(32263,'江津区',3,31930,'J'),(32291,'合川区',3,31930,'H'),(32322,'永川区',3,31930,'Y'),(32345,'南川区',3,31930,'N'),(32380,'县',2,31929,'X'),(32381,'綦江县',3,32380,'Q'),(32401,'潼南县',3,32380,'T'),(32424,'铜梁县',3,32380,'T'),(32453,'大足县',3,32380,'D'),(32478,'荣昌县',3,32380,'R'),(32499,'璧山县',3,32380,'B'),(32513,'梁平县',3,32380,'L'),(32549,'城口县',3,32380,'C'),(32574,'丰都县',3,32380,'F'),(32606,'垫江县',3,32380,'D'),(32632,'武隆县',3,32380,'W'),(32659,'忠县',3,32380,'Z'),(32688,'开县',3,32380,'K'),(32727,'云阳县',3,32380,'Y'),(32771,'奉节县',3,32380,'F'),(32802,'巫山县',3,32380,'W'),(32829,'巫溪县',3,32380,'W'),(32861,'石柱县',3,32380,'S'),(32894,'秀山县',3,32380,'X'),(32927,'酉阳县',3,32380,'Y'),(32967,'彭水县',3,32380,'P'),(33007,'四川省',1,0,'S'),(33008,'成都市',2,33007,'C'),(33009,'市辖区',3,33008,'S'),(33010,'锦江区',3,33008,'J'),(33027,'青羊区',3,33008,'Q'),(33042,'金牛区',3,33008,'J'),(33058,'武侯区',3,33008,'W'),(33076,'成华区',3,33008,'C'),(33091,'龙泉驿区',3,33008,'L'),(33104,'青白江区',3,33008,'Q'),(33116,'新都区',3,33008,'X'),(33130,'温江区',3,33008,'W'),(33141,'金堂县',3,33008,'J'),(33163,'双流县',3,33008,'S'),(33189,'郫县',3,33008,'P'),(33205,'大邑县',3,33008,'D'),(33226,'蒲江县',3,33008,'P'),(33239,'新津县',3,33008,'X'),(33252,'都江堰市',3,33008,'D'),(33272,'彭州市',3,33008,'P'),(33293,'邛崃市',3,33008,'Q'),(33318,'崇州市',3,33008,'C'),(33344,'自贡市',2,33007,'Z'),(33345,'市辖区',3,33344,'S'),(33346,'自流井区',3,33344,'Z'),(33360,'贡井区',3,33344,'G'),(33374,'大安区',3,33344,'D'),(33391,'沿滩区',3,33344,'Y'),(33405,'荣县',3,33344,'R'),(33433,'富顺县',3,33344,'F'),(33460,'攀枝花市',2,33007,'P'),(33461,'市辖区',3,33460,'S'),(33462,'攀枝花东区',3,33460,'P'),(33473,'西区',3,33460,'X'),(33481,'仁和区',3,33460,'R'),(33497,'米易县',3,33460,'M'),(33511,'盐边县',3,33460,'Y'),(33528,'泸州市',2,33007,'L'),(33529,'市辖区',3,33528,'S'),(33530,'江阳区',3,33528,'J'),(33548,'纳溪区',3,33528,'N'),(33563,'龙马潭区',3,33528,'L'),(33577,'泸县',3,33528,'L'),(33597,'合江县',3,33528,'H'),(33625,'叙永县',3,33528,'X'),(33654,'古蔺县',3,33528,'G'),(33681,'德阳市',2,33007,'D'),(33682,'市辖区',3,33681,'S'),(33683,'旌阳区',3,33681,'J'),(33701,'中江县',3,33681,'Z'),(33747,'罗江县',3,33681,'L'),(33758,'广汉市',3,33681,'G'),(33778,'什邡市',3,33681,'S'),(33795,'绵竹市',3,33681,'M'),(33817,'绵阳市',2,33007,'M'),(33818,'市辖区',3,33817,'S'),(33819,'涪城区',3,33817,'F'),(33844,'游仙区',3,33817,'Y'),(33873,'三台县',3,33817,'S'),(33937,'盐亭县',3,33817,'Y'),(33974,'安县',3,33817,'A'),(33995,'梓潼县',3,33817,'Z'),(34028,'北川县',3,33817,'B'),(34049,'平武县',3,33817,'P'),(34075,'江油市',3,33817,'J'),(34120,'广元市',2,33007,'G'),(34121,'市辖区',3,34120,'S'),(34122,'市中区',3,34120,'S'),(34143,'元坝区',3,34120,'Y'),(34173,'朝天区',3,34120,'C'),(34199,'旺苍县',3,34120,'W'),(34238,'青川县',3,34120,'Q'),(34276,'剑阁县',3,34120,'J'),(34334,'苍溪县',3,34120,'C'),(34376,'遂宁市',2,33007,'S'),(34377,'市辖区',3,34376,'S'),(34378,'船山区',3,34376,'C'),(34404,'安居区',3,34376,'A'),(34426,'蓬溪县',3,34376,'P'),(34458,'射洪县',3,34376,'S'),(34489,'大英县',3,34376,'D'),(34501,'内江市',2,33007,'N'),(34502,'市辖区',3,34501,'S'),(34503,'市中区',3,34501,'S'),(34524,'东兴区',3,34501,'D'),(34554,'威远县',3,34501,'W'),(34575,'资中县',3,34501,'Z'),(34609,'隆昌县',3,34501,'L'),(34628,'乐山市',2,33007,'L'),(34629,'市辖区',3,34628,'S'),(34630,'市中区',3,34628,'S'),(34661,'沙湾区',3,34628,'S'),(34676,'五通桥区',3,34628,'W'),(34689,'金口河区',3,34628,'J'),(34696,'犍为县',3,34628,'Q'),(34727,'井研县',3,34628,'J'),(34755,'夹江县',3,34628,'J'),(34778,'沐川县',3,34628,'M'),(34799,'峨边县',3,34628,'E'),(34819,'马边县',3,34628,'M'),(34840,'峨眉山市',3,34628,'E'),(34859,'南充市',2,33007,'N'),(34860,'市辖区',3,34859,'S'),(34861,'顺庆区',3,34859,'S'),(34890,'高坪区',3,34859,'G'),(34923,'嘉陵区',3,34859,'J'),(34967,'南部县',3,34859,'N'),(35040,'营山县',3,34859,'Y'),(35094,'蓬安县',3,34859,'P'),(35134,'仪陇县',3,34859,'Y'),(35193,'西充县',3,34859,'X'),(35238,'阆中市',3,34859,'L'),(35288,'眉山市',2,33007,'M'),(35289,'市辖区',3,35288,'S'),(35290,'东坡区',3,35288,'D'),(35317,'仁寿县',3,35288,'R'),(35378,'彭山县',3,35288,'P'),(35392,'洪雅县',3,35288,'H'),(35408,'丹棱县',3,35288,'D'),(35416,'青神县',3,35288,'Q'),(35427,'宜宾市',2,33007,'Y'),(35428,'市辖区',3,35427,'S'),(35429,'翠屏区',3,35427,'C'),(35454,'宜宾县',3,35427,'Y'),(35481,'南溪县',3,35427,'N'),(35497,'江安县',3,35427,'J'),(35516,'长宁县',3,35427,'C'),(35535,'高县',3,35427,'G'),(35555,'珙县',3,35427,'G'),(35573,'筠连县',3,35427,'J'),(35592,'兴文县',3,35427,'X'),(35608,'屏山县',3,35427,'P'),(35625,'广安市',2,33007,'G'),(35626,'市辖区',3,35625,'S'),(35627,'广安区',3,35625,'G'),(35677,'岳池县',3,35625,'Y'),(35721,'武胜县',3,35625,'W'),(35753,'邻水县',3,35625,'L'),(35799,'华蓥市',3,35625,'H'),(35813,'达州市',2,33007,'D'),(35814,'市辖区',3,35813,'S'),(35815,'通川区',3,35813,'T'),(35829,'达县',3,35813,'D'),(35894,'宣汉县',3,35813,'X'),(35949,'开江县',3,35813,'K'),(35970,'大竹县',3,35813,'D'),(36021,'渠县',3,35813,'Q'),(36082,'万源市',3,35813,'W'),(36136,'雅安市',2,33007,'Y'),(36137,'市辖区',3,36136,'S'),(36138,'雨城区',3,36136,'Y'),(36161,'名山县',3,36136,'M'),(36182,'荥经县',3,36136,'Y'),(36204,'汉源县',3,36136,'H'),(36245,'石棉县',3,36136,'S'),(36263,'天全县',3,36136,'T'),(36279,'芦山县',3,36136,'L'),(36289,'宝兴县',3,36136,'B'),(36299,'巴中市',2,33007,'B'),(36300,'市辖区',3,36299,'S'),(36301,'巴州区',3,36299,'B'),(36354,'通江县',3,36299,'T'),(36404,'南江县',3,36299,'N'),(36453,'平昌县',3,36299,'P'),(36497,'资阳市',2,33007,'Z'),(36498,'市辖区',3,36497,'S'),(36499,'雁江区',3,36497,'Y'),(36527,'安岳县',3,36497,'A'),(36597,'乐至县',3,36497,'L'),(36623,'简阳市',3,36497,'J'),(36679,'阿坝州',2,33007,'A'),(36680,'汶川县',3,36679,'W'),(36694,'理县',3,36679,'L'),(36708,'茂县',3,36679,'M'),(36731,'松潘县',3,36679,'S'),(36759,'九寨沟县',3,36679,'J'),(36778,'金川县',3,36679,'J'),(36802,'小金县',3,36679,'X'),(36824,'黑水县',3,36679,'H'),(36842,'马尔康县',3,36679,'M'),(36858,'壤塘县',3,36679,'R'),(36871,'阿坝县',3,36679,'A'),(36893,'若尔盖县',3,36679,'R'),(36914,'红原县',3,36679,'H'),(36926,'甘孜州',2,33007,'G'),(36927,'康定县',3,36926,'K'),(36949,'泸定县',3,36926,'L'),(36962,'丹巴县',3,36926,'D'),(36978,'九龙县',3,36926,'J'),(36997,'雅江县',3,36926,'Y'),(37015,'道孚县',3,36926,'D'),(37038,'炉霍县',3,36926,'L'),(37055,'甘孜县',3,36926,'G'),(37078,'新龙县',3,36926,'X'),(37098,'德格县',3,36926,'D'),(37125,'白玉县',3,36926,'B'),(37143,'石渠县',3,36926,'S'),(37166,'色达县',3,36926,'S'),(37184,'理塘县',3,36926,'L'),(37209,'巴塘县',3,36926,'B'),(37229,'乡城县',3,36926,'X'),(37242,'稻城县',3,36926,'D'),(37257,'得荣县',3,36926,'D'),(37270,'凉山州',2,33007,'L'),(37271,'西昌市',3,37270,'X'),(37315,'木里县',3,37270,'M'),(37345,'盐源县',3,37270,'Y'),(37380,'德昌',3,37270,'D'),(37404,'会理县',3,37270,'H'),(37455,'会东县',3,37270,'H'),(37509,'宁南县',3,37270,'N'),(37535,'普格县',3,37270,'P'),(37570,'布拖县',3,37270,'B'),(37601,'金阳县',3,37270,'J'),(37636,'昭觉县',3,37270,'Z'),(37684,'喜德县',3,37270,'X'),(37709,'冕宁县',3,37270,'M'),(37748,'越西县',3,37270,'Y'),(37790,'甘洛县',3,37270,'G'),(37819,'美姑县',3,37270,'M'),(37856,'雷波县',3,37270,'L'),(37906,'贵州省',1,0,'G'),(37907,'贵阳市',2,37906,'G'),(37908,'市辖区',3,37907,'S'),(37909,'南明区',3,37907,'N'),(37927,'云岩区',3,37907,'Y'),(37944,'花溪区',3,37907,'H'),(37961,'乌当区',3,37907,'W'),(37977,'白云区',3,37907,'B'),(37987,'小河区',3,37907,'X'),(37991,'开阳县',3,37907,'K'),(38008,'息烽县',3,37907,'X'),(38019,'修文县',3,37907,'X'),(38030,'清镇市',3,37907,'Q'),(38042,'六盘水市',2,37906,'L'),(38043,'钟山区',3,38042,'Z'),(38053,'六枝特区',3,38042,'L'),(38073,'水城县',3,38042,'S'),(38107,'盘县',3,38042,'P'),(38145,'遵义市',2,37906,'Z'),(38146,'市辖区',3,38145,'S'),(38147,'红花岗区',3,38145,'H'),(38164,'汇川区',3,38145,'H'),(38174,'遵义县',3,38145,'Z'),(38206,'桐梓县',3,38145,'T'),(38231,'绥阳县',3,38145,'S'),(38247,'正安县',3,38145,'Z'),(38267,'道真县',3,38145,'D'),(38282,'务川县',3,38145,'W'),(38298,'凤冈县',3,38145,'F'),(38313,'湄潭县',3,38145,'M'),(38329,'余庆县',3,38145,'Y'),(38340,'习水县',3,38145,'X'),(38364,'赤水市',3,38145,'C'),(38382,'仁怀市',3,38145,'R'),(38402,'安顺市',2,37906,'A'),(38403,'市辖区',3,38402,'S'),(38404,'西秀区',3,38402,'X'),(38429,'平坝县',3,38402,'P'),(38440,'普定县',3,38402,'P'),(38452,'镇宁县',3,38402,'Z'),(38469,'关岭县',3,38402,'G'),(38484,'紫云县',3,38402,'Z'),(38497,'铜仁地区',2,37906,'T'),(38498,'铜仁市',3,38497,'T'),(38516,'江口县',3,38497,'J'),(38526,'玉屏县',3,38497,'Y'),(38533,'石阡县',3,38497,'S'),(38552,'思南县　',3,38497,'S'),(38580,'印江县',3,38497,'Y'),(38598,'德江县',3,38497,'D'),(38619,'沿河县',3,38497,'Y'),(38642,'松桃县',3,38497,'S'),(38671,'万山特区',3,38497,'W'),(38677,'黔西南州',2,37906,'Q'),(38678,'兴义市',3,38677,'X'),(38705,'兴仁县',3,38677,'X'),(38722,'普安县',3,38677,'P'),(38737,'晴隆县',3,38677,'Q'),(38752,'贞丰县',3,38677,'Z'),(38766,'望谟县',3,38677,'W'),(38784,'册亨县',3,38677,'C'),(38799,'安龙县',3,38677,'A'),(38816,'毕节地区',2,37906,'B'),(38817,'毕节市',3,38816,'B'),(38859,'大方县',3,38816,'D'),(38896,'黔西县',3,38816,'Q'),(38925,'金沙县',3,38816,'J'),(38952,'织金县',3,38816,'Z'),(38985,'纳雍县',3,38816,'N'),(39011,'威宁县',3,38816,'W'),(39047,'赫章县',3,38816,'H'),(39075,'黔东南州',2,37906,'Q'),(39076,'凯里市',3,39075,'K'),(39092,'黄平县',3,39075,'H'),(39107,'施秉县',3,39075,'S'),(39116,'三穗县',3,39075,'S'),(39126,'镇远县',3,39075,'Z'),(39139,'岑巩县',3,39075,'C'),(39151,'天柱县',3,39075,'T'),(39168,'锦屏县',3,39075,'J'),(39184,'剑河县',3,39075,'J'),(39197,'台江县',3,39075,'T'),(39206,'黎平县',3,39075,'L'),(39232,'榕江县',3,39075,'R'),(39252,'从江县',3,39075,'C'),(39274,'雷山县',3,39075,'L'),(39284,'麻江县',3,39075,'M'),(39294,'丹寨县',3,39075,'D'),(39302,'黔南州',2,37906,'Q'),(39303,'都匀市',3,39302,'D'),(39327,'福泉市',3,39302,'F'),(39345,'荔波县',3,39302,'L'),(39363,'贵定县',3,39302,'G'),(39384,'瓮安县',3,39302,'W'),(39408,'独山县',3,39302,'D'),(39427,'平塘县',3,39302,'P'),(39447,'罗甸县',3,39302,'L'),(39474,'长顺县',3,39302,'C'),(39493,'龙里县',3,39302,'L'),(39508,'惠水县',3,39302,'H'),(39534,'三都县',3,39302,'S'),(39556,'云南省',1,0,'Y'),(39557,'昆明市',2,39556,'K'),(39558,'市辖区',3,39557,'S'),(39559,'五华区',3,39557,'W'),(39571,'盘龙区',3,39557,'P'),(39582,'官渡区',3,39557,'G'),(39594,'西山区',3,39557,'X'),(39605,'东川区',3,39557,'D'),(39614,'呈贡县',3,39557,'C'),(39622,'晋宁县',3,39557,'J'),(39632,'富民县',3,39557,'F'),(39640,'宜良县',3,39557,'Y'),(39650,'石林县',3,39557,'S'),(39659,'嵩明县',3,39557,'S'),(39667,'禄劝县',3,39557,'L'),(39684,'寻甸县',3,39557,'X'),(39701,'安宁市',3,39557,'A'),(39710,'曲靖市',2,39556,'Q'),(39711,'市辖区',3,39710,'S'),(39712,'麒麟区',3,39710,'Q'),(39724,'马龙县',3,39710,'M'),(39733,'陆良县',3,39710,'L'),(39744,'师宗县',3,39710,'S'),(39753,'罗平县',3,39710,'L'),(39766,'富源县',3,39710,'F'),(39778,'会泽县',3,39710,'H'),(39800,'沾益县',3,39710,'Z'),(39809,'宣威市',3,39710,'X'),(39836,'玉溪市',2,39556,'Y'),(39837,'市辖区',3,39836,'S'),(39838,'红塔区',3,39836,'H'),(39850,'江川县',3,39836,'J'),(39858,'澄江县',3,39836,'C'),(39865,'通海县',3,39836,'T'),(39875,'华宁县',3,39836,'H'),(39881,'易门县',3,39836,'Y'),(39889,'峨山县',3,39836,'E'),(39899,'新平县',3,39836,'X'),(39912,'元江县',3,39836,'Y'),(39923,'保山市',2,39556,'B'),(39924,'市辖区',3,39923,'S'),(39925,'隆阳区',3,39923,'L'),(39946,'施甸县',3,39923,'S'),(39960,'腾冲县',3,39923,'T'),(39979,'龙陵县',3,39923,'L'),(39990,'昌宁县',3,39923,'C'),(40004,'昭通市',2,39556,'Z'),(40005,'市辖区',3,40004,'S'),(40006,'昭阳区',3,40004,'Z'),(40027,'鲁甸县',3,40004,'L'),(40040,'巧家县',3,40004,'Q'),(40057,'盐津县',3,40004,'Y'),(40068,'大关县',3,40004,'D'),(40078,'永善县',3,40004,'Y'),(40094,'绥江县',3,40004,'S'),(40100,'镇雄县',3,40004,'Z'),(40129,'彝良县',3,40004,'Y'),(40145,'威信县',3,40004,'W'),(40156,'水富县',3,40004,'S'),(40160,'丽江市',2,39556,'L'),(40161,'市辖区',3,40160,'S'),(40162,'古城区',3,40160,'G'),(40172,'玉龙县',3,40160,'Y'),(40189,'永胜县',3,40160,'Y'),(40205,'华坪县',3,40160,'H'),(40214,'宁蒗县',3,40160,'N'),(40230,'思茅市',2,39556,'S'),(40231,'市辖区',3,40230,'S'),(40232,'翠云区',3,40230,'C'),(40240,'普洱县',3,40230,'P'),(40250,'墨江县',3,40230,'M'),(40266,'景东县',3,40230,'J'),(40280,'景谷县',3,40230,'J'),(40291,'镇沅县',3,40230,'Z'),(40301,'江城县',3,40230,'J'),(40310,'孟连县',3,40230,'M'),(40318,'澜沧县',3,40230,'L'),(40340,'西盟县',3,40230,'X'),(40348,'临沧市',2,39556,'L'),(40349,'市辖区',3,40348,'S'),(40350,'临翔区',3,40348,'L'),(40361,'凤庆县',3,40348,'F'),(40375,'云县',3,40348,'Y'),(40388,'永德县',3,40348,'Y'),(40400,'镇康县',3,40348,'Z'),(40408,'双江县',3,40348,'S'),(40417,'耿马县',3,40348,'G'),(40429,'沧源县',3,40348,'C'),(40441,'楚雄州',2,39556,'C'),(40442,'楚雄市',3,40441,'C'),(40458,'双柏县',3,40441,'S'),(40467,'牟定县',3,40441,'M'),(40475,'南华县',3,40441,'N'),(40486,'姚安县',3,40441,'Y'),(40496,'大姚县',3,40441,'D'),(40509,'永仁县',3,40441,'Y'),(40517,'元谋县',3,40441,'Y'),(40528,'武定县',3,40441,'W'),(40540,'禄丰县',3,40441,'L'),(40555,'红河州',2,39556,'H'),(40556,'个旧市',3,40555,'G'),(40567,'开远市',3,40555,'K'),(40576,'蒙自县',3,40555,'M'),(40588,'屏边县',3,40555,'P'),(40596,'建水县',3,40555,'J'),(40611,'石屏县',3,40555,'S'),(40621,'弥勒县',3,40555,'M'),(40635,'泸西县',3,40555,'L'),(40644,'元阳县',3,40555,'Y'),(40659,'红河县',3,40555,'H'),(40673,'金平县',3,40555,'J'),(40688,'绿春县',3,40555,'L'),(40698,'河口县',3,40555,'H'),(40705,'文山州',2,39556,'W'),(40706,'文山县',3,40705,'W'),(40722,'砚山县',3,40705,'Y'),(40734,'西畴县',3,40705,'X'),(40744,'麻栗坡县',3,40705,'M'),(40756,'马关县',3,40705,'M'),(40770,'丘北县',3,40705,'Q'),(40783,'广南县',3,40705,'G'),(40802,'富宁县',3,40705,'F'),(40816,'西双版纳州',2,39556,'X'),(40817,'景洪市',3,40816,'J'),(40829,'勐海县',3,40816,'M'),(40841,'勐腊县',3,40816,'M'),(40852,'大理州',2,39556,'D'),(40853,'大理市',3,40852,'D'),(40866,'漾濞县',3,40852,'Y'),(40876,'祥云县',3,40852,'X'),(40887,'宾川县',3,40852,'B'),(40901,'弥渡县',3,40852,'M'),(40910,'南涧县',3,40852,'N'),(40919,'巍山县',3,40852,'W'),(40930,'永平县',3,40852,'Y'),(40938,'云龙县',3,40852,'Y'),(40950,'洱源县',3,40852,'E'),(40960,'剑川县',3,40852,'J'),(40969,'鹤庆县',3,40852,'H'),(40979,'德宏州',2,39556,'D'),(40980,'瑞丽市',3,40979,'R'),(40988,'潞西市',3,40979,'L'),(41000,'梁河县',3,40979,'L'),(41010,'盈江县',3,40979,'Y'),(41026,'陇川县',3,40979,'L'),(41036,'怒江州',2,39556,'N'),(41037,'泸水县',3,41036,'L'),(41047,'福贡县',3,41036,'F'),(41055,'贡山县',3,41036,'G'),(41061,'兰坪县',3,41036,'L'),(41070,'迪庆州',2,39556,'D'),(41071,'香格里拉县',3,41070,'X'),(41083,'德钦县',3,41070,'D'),(41092,'维西县',3,41070,'W'),(41103,'西藏',1,0,'X'),(41104,'拉萨市',2,41103,'L'),(41105,'市辖区',3,41104,'S'),(41106,'城关区',3,41104,'C'),(41118,'林周县',3,41104,'L'),(41129,'当雄县',3,41104,'D'),(41138,'尼木县',3,41104,'N'),(41147,'曲水县',3,41104,'Q'),(41154,'堆龙德庆',3,41104,'D'),(41162,'达孜县',3,41104,'D'),(41169,'墨竹工卡县',3,41104,'M'),(41178,'昌都地区',2,41103,'C'),(41179,'昌都县',3,41178,'C'),(41195,'江达县',3,41178,'J'),(41209,'贡觉县',3,41178,'G'),(41222,'类乌齐县',3,41178,'L'),(41233,'丁青县',3,41178,'D'),(41247,'察亚县',3,41178,'C'),(41261,'八宿县',3,41178,'B'),(41276,'左贡县',3,41178,'Z'),(41287,'芒康县',3,41178,'M'),(41304,'洛隆县',3,41178,'L'),(41316,'边坝县',3,41178,'B'),(41328,'山南地区',2,41103,'S'),(41329,'乃东县',3,41328,'N'),(41337,'扎囊县',3,41328,'Z'),(41343,'贡嘎县',3,41328,'G'),(41352,'桑日县',3,41328,'S'),(41357,'琼结县',3,41328,'Q'),(41362,'曲松县',3,41328,'Q'),(41368,'措美县',3,41328,'C'),(41373,'洛扎县',3,41328,'L'),(41381,'加查县',3,41328,'J'),(41389,'隆子县',3,41328,'L'),(41401,'错那县',3,41328,'C'),(41412,'浪卡子县',3,41328,'L'),(41423,'日喀则地区',2,41103,'R'),(41424,'日喀则市',3,41423,'R'),(41437,'南木林县',3,41423,'N'),(41455,'江孜县',3,41423,'J'),(41475,'定日县',3,41423,'D'),(41489,'萨迦县',3,41423,'S'),(41501,'拉孜县',3,41423,'L'),(41513,'昂仁县',3,41423,'A'),(41531,'谢通门县',3,41423,'X'),(41551,'白朗县',3,41423,'B'),(41563,'仁布县',3,41423,'R'),(41573,'康马县',3,41423,'K'),(41583,'定结县',3,41423,'D'),(41594,'仲巴县',3,41423,'Z'),(41608,'亚东县',3,41423,'Y'),(41616,'吉隆县',3,41423,'J'),(41622,'聂拉木县',3,41423,'N'),(41630,'萨嘎县',3,41423,'S'),(41639,'岗巴县',3,41423,'G'),(41645,'那曲地区',2,41103,'N'),(41646,'那曲县',3,41645,'N'),(41659,'嘉黎县',3,41645,'J'),(41670,'比如县',3,41645,'B'),(41681,'聂荣县',3,41645,'N'),(41692,'安多县',3,41645,'A'),(41706,'申扎县',3,41645,'S'),(41715,'索县',3,41645,'S'),(41726,'班戈县',3,41645,'B'),(41737,'巴青县',3,41645,'B'),(41748,'尼玛县',3,41645,'N'),(41770,'阿里地区',2,41103,'A'),(41771,'普兰县',3,41770,'P'),(41775,'札达县',3,41770,'Z'),(41782,'噶尔县',3,41770,'G'),(41788,'日土县',3,41770,'R'),(41794,'革吉县',3,41770,'G'),(41800,'改则县',3,41770,'G'),(41808,'措勤县',3,41770,'C'),(41814,'林芝地区',2,41103,'L'),(41815,'林芝县',3,41814,'L'),(41823,'工布江达县',3,41814,'G'),(41833,'米林县',3,41814,'M'),(41842,'墨脱县',3,41814,'M'),(41851,'波密县',3,41814,'B'),(41863,'察隅县',3,41814,'C'),(41870,'朗县',3,41814,'L'),(41877,'陕西省',1,0,'S'),(41878,'西安市',2,41877,'X'),(41879,'市辖区',3,41878,'S'),(41880,'新城区',3,41878,'X'),(41890,'碑林区',3,41878,'B'),(41899,'莲湖区',3,41878,'L'),(41909,'灞桥区',3,41878,'B'),(41919,'未央区',3,41878,'W'),(41930,'雁塔区',3,41878,'Y'),(41939,'阎良区',3,41878,'Y'),(41947,'临潼区',3,41878,'L'),(41971,'长安区',3,41878,'C'),(41997,'蓝田县',3,41878,'L'),(42020,'周至县',3,41878,'Z'),(42043,'户县',3,41878,'H'),(42060,'高陵县',3,41878,'G'),(42069,'铜川市',2,41877,'T'),(42070,'市辖区',3,42069,'S'),(42071,'王益区',3,42069,'W'),(42079,'印台区',3,42069,'Y'),(42091,'耀州区',3,42069,'Y'),(42108,'宜君县',3,42069,'Y'),(42119,'宝鸡市',2,41877,'B'),(42120,'市辖区',3,42119,'S'),(42121,'渭滨区',3,42119,'W'),(42133,'金台区',3,42119,'J'),(42146,'陈仓区',3,42119,'C'),(42165,'凤翔县',3,42119,'F'),(42183,'岐山县',3,42119,'Q'),(42198,'扶风县',3,42119,'F'),(42211,'眉县',3,42119,'M'),(42224,'陇县',3,42119,'L'),(42240,'千阳县',3,42119,'Q'),(42252,'麟游县',3,42119,'L'),(42263,'凤县',3,42119,'F'),(42278,'太白县',3,42119,'T'),(42287,'咸阳市',2,41877,'X'),(42288,'市辖区',3,42287,'S'),(42289,'秦都区',3,42287,'Q'),(42302,'杨凌区',3,42287,'Y'),(42308,'渭城区',3,42287,'W'),(42319,'三原县',3,42287,'S'),(42334,'泾阳县',3,42287,'J'),(42351,'乾县',3,42287,'Q'),(42372,'礼泉县',3,42287,'L'),(42388,'永寿县',3,42287,'Y'),(42402,'彬县',3,42287,'B'),(42419,'长武县',3,42287,'C'),(42431,'旬邑县',3,42287,'X'),(42446,'淳化县',3,42287,'C'),(42462,'武功县',3,42287,'W'),(42475,'兴平市',3,42287,'X'),(42490,'渭南市',2,41877,'W'),(42491,'市辖区',3,42490,'S'),(42492,'临渭区',3,42490,'L'),(42523,'华县',3,42490,'H'),(42538,'潼关县',3,42490,'T'),(42547,'大荔县',3,42490,'D'),(42577,'合阳县',3,42490,'H'),(42594,'澄城县',3,42490,'C'),(42609,'蒲城县',3,42490,'P'),(42634,'白水县',3,42490,'B'),(42649,'富平县',3,42490,'F'),(42674,'韩城市',3,42490,'H'),(42691,'华阴市',3,42490,'H'),(42703,'延安市',2,41877,'Y'),(42704,'市辖区',3,42703,'S'),(42705,'宝塔区',3,42703,'B'),(42729,'延长县',3,42703,'Y'),(42742,'延川县',3,42703,'Y'),(42757,'子长县',3,42703,'Z'),(42771,'安塞县',3,42703,'A'),(42784,'志丹县',3,42703,'Z'),(42796,'吴起县',3,42703,'W'),(42809,'甘泉县',3,42703,'G'),(42818,'富县',3,42703,'F'),(42833,'洛川县',3,42703,'L'),(42850,'宜川县',3,42703,'Y'),(42863,'黄龙县',3,42703,'H'),(42874,'黄陵县',3,42703,'H'),(42888,'汉中市',2,41877,'H'),(42889,'市辖区',3,42888,'S'),(42890,'汉台区',3,42888,'H'),(42908,'南郑县',3,42888,'N'),(42939,'城固县',3,42888,'C'),(42965,'洋县',3,42888,'Y'),(42992,'西乡县',3,42888,'X'),(43016,'勉县',3,42888,'M'),(43042,'宁强县',3,42888,'N'),(43069,'略阳县',3,42888,'L'),(43091,'镇巴县',3,42888,'Z'),(43116,'留坝县',3,42888,'L'),(43126,'佛坪县',3,42888,'F'),(43136,'榆林市',2,41877,'Y'),(43137,'市辖区',3,43136,'S'),(43138,'榆阳区',3,43136,'Y'),(43170,'神木县',3,43136,'S'),(43190,'府谷县',3,43136,'F'),(43211,'横山县',3,43136,'H'),(43230,'靖边县',3,43136,'J'),(43253,'定边县',3,43136,'D'),(43279,'绥德县',3,43136,'S'),(43300,'米脂县',3,43136,'M'),(43314,'佳县',3,43136,'J'),(43335,'吴堡县',3,43136,'W'),(43344,'清涧县',3,43136,'Q'),(43360,'子洲县',3,43136,'Z'),(43379,'安康市',2,41877,'A'),(43380,'市辖区',3,43379,'S'),(43381,'汉滨区',3,43379,'H'),(43428,'汉阴县',3,43379,'H'),(43447,'石泉县',3,43379,'S'),(43463,'宁陕县',3,43379,'N'),(43478,'紫阳县',3,43379,'Z'),(43504,'岚皋县',3,43379,'L'),(43522,'平利县',3,43379,'P'),(43535,'镇坪县',3,43379,'Z'),(43546,'旬阳县',3,43379,'X'),(43575,'白河县',3,43379,'B'),(43592,'商洛市',2,41877,'S'),(43593,'市辖区',3,43592,'S'),(43594,'商州区',3,43592,'S'),(43628,'洛南县',3,43592,'L'),(43654,'丹凤县',3,43592,'D'),(43676,'商南县',3,43592,'S'),(43699,'山阳县',3,43592,'S'),(43730,'镇安县',3,43592,'Z'),(43759,'柞水县',3,43592,'Z'),(43776,'甘肃省',1,0,'G'),(43777,'兰州市',2,43776,'L'),(43778,'市辖区',3,43777,'S'),(43779,'城关区',3,43777,'C'),(43804,'七里河区',3,43777,'Q'),(43820,'兰州市西固区',3,43777,'L'),(43836,'安宁区',3,43777,'A'),(43845,'红古区',3,43777,'H'),(43853,'永登县',3,43777,'Y'),(43872,'皋兰县',3,43777,'G'),(43880,'榆中县',3,43777,'Y'),(43904,'嘉峪关市',2,43776,'J'),(43905,'市辖',3,43904,'S'),(43914,'金昌市',2,43776,'J'),(43915,'市辖区',3,43914,'S'),(43916,'金川区',3,43914,'J'),(43925,'永昌县',3,43914,'Y'),(43936,'白银市',2,43776,'B'),(43937,'市辖区',3,43936,'S'),(43938,'白银区',3,43936,'B'),(43949,'平川区',3,43936,'P'),(43961,'靖远县',3,43936,'J'),(43980,'会宁县',3,43936,'H'),(44009,'景泰县',3,43936,'J'),(44022,'天水市',2,43776,'T'),(44023,'市辖区',3,44022,'S'),(44024,'秦州区',3,44022,'Q'),(44048,'麦积区',3,44022,'M'),(44069,'清水县',3,44022,'Q'),(44088,'秦安县',3,44022,'Q'),(44106,'甘谷县',3,44022,'G'),(44122,'武山县',3,44022,'W'),(44138,'张家川县',3,44022,'Z'),(44154,'武威市',2,43776,'W'),(44155,'市辖区',3,44154,'S'),(44156,'凉州区',3,44154,'L'),(44202,'民勤县',3,44154,'M'),(44221,'古浪县',3,44154,'G'),(44242,'天祝县',3,44154,'T'),(44265,'张掖市',2,43776,'Z'),(44266,'市辖区',3,44265,'S'),(44267,'甘州区',3,44265,'G'),(44294,'肃南县',3,44265,'S'),(44305,'民乐县',3,44265,'M'),(44317,'临泽县',3,44265,'L'),(44331,'高台县',3,44265,'G'),(44341,'山丹县',3,44265,'S'),(44352,'平凉市',2,43776,'P'),(44353,'市辖区',3,44352,'S'),(44354,'崆峒区',3,44352,'K'),(44375,'泾川县',3,44352,'J'),(44392,'灵台县',3,44352,'L'),(44408,'崇信县',3,44352,'C'),(44418,'华亭县',3,44352,'H'),(44431,'庄浪县',3,44352,'Z'),(44451,'静宁县',3,44352,'J'),(44477,'酒泉市',2,43776,'J'),(44478,'市辖区',3,44477,'S'),(44479,'肃州区',3,44477,'S'),(44504,'金塔县',3,44477,'J'),(44516,'瓜州县',3,44477,'G'),(44531,'肃北县',3,44477,'S'),(44535,'阿克塞县',3,44477,'A'),(44539,'玉门市',3,44477,'Y'),(44557,'敦煌市',3,44477,'D'),(44569,'庆阳市',2,43776,'Q'),(44570,'市辖区',3,44569,'S'),(44571,'西峰区',3,44569,'X'),(44582,'庆城县',3,44569,'Q'),(44598,'环县',3,44569,'H'),(44620,'华池县',3,44569,'H'),(44636,'合水县',3,44569,'H'),(44649,'正宁县',3,44569,'Z'),(44660,'宁县',3,44569,'N'),(44679,'镇原县',3,44569,'Z'),(44699,'定西市',2,43776,'D'),(44700,'市辖区',3,44699,'S'),(44701,'安定区',3,44699,'A'),(44723,'通渭县',3,44699,'T'),(44742,'陇西县',3,44699,'L'),(44760,'渭源县',3,44699,'W'),(44777,'临洮县',3,44699,'L'),(44796,'漳县',3,44699,'Z'),(44810,'岷县',3,44699,'M'),(44829,'陇南市',2,43776,'L'),(44830,'市辖区',3,44829,'S'),(44831,'武都区',3,44829,'W'),(44868,'成县',3,44829,'C'),(44886,'文县',3,44829,'W'),(44907,'宕昌县',3,44829,'D'),(44933,'康县',3,44829,'K'),(44955,'西和县',3,44829,'X'),(44976,'礼县',3,44829,'L'),(45006,'徽县',3,44829,'H'),(45022,'两当县',3,44829,'L'),(45035,'临夏州',2,43776,'L'),(45036,'临夏市',3,45035,'L'),(45047,'临夏县',3,45035,'L'),(45073,'康乐县',3,45035,'K'),(45089,'永靖县',3,45035,'Y'),(45107,'广河县',3,45035,'G'),(45117,'和政县',3,45035,'H'),(45131,'东乡县',3,45035,'D'),(45156,'积石山县',3,45035,'J'),(45174,'甘南州',2,43776,'G'),(45175,'合作市',3,45174,'H'),(45186,'临潭县',3,45174,'L'),(45203,'卓尼县',3,45174,'Z'),(45219,'舟曲县',3,45174,'Z'),(45239,'迭部县',3,45174,'D'),(45251,'玛曲县',3,45174,'M'),(45263,'碌曲县',3,45174,'L'),(45272,'夏河县',3,45174,'X'),(45286,'青海省',1,0,'Q'),(45287,'西宁市',2,45286,'X'),(45288,'市辖区',3,45287,'S'),(45289,'城东区',3,45287,'C'),(45299,'城中区',3,45287,'C'),(45306,'城西区',3,45287,'C'),(45314,'城北区',3,45287,'C'),(45320,'大通县',3,45287,'D'),(45341,'湟中县',3,45287,'H'),(45358,'湟源县',3,45287,'H'),(45368,'海东地区',2,45286,'H'),(45369,'平安县',3,45368,'P'),(45378,'民和县',3,45368,'M'),(45401,'乐都县',3,45368,'L'),(45421,'互助县',3,45368,'H'),(45441,'化隆县',3,45368,'H'),(45461,'循化县',3,45368,'X'),(45471,'海北州',2,45286,'H'),(45472,'门源县',3,45471,'M'),(45487,'祁连县',3,45471,'Q'),(45495,'海晏县',3,45471,'H'),(45502,'刚察县',3,45471,'G'),(45510,'黄南州',2,45286,'H'),(45511,'同仁县',3,45510,'T'),(45523,'尖扎县',3,45510,'J'),(45533,'泽库县',3,45510,'Z'),(45542,'河南县',3,45510,'H'),(45548,'海南州',2,45286,'H'),(45549,'共和县',3,45548,'G'),(45566,'同德县',3,45548,'T'),(45573,'贵德县',3,45548,'G'),(45581,'兴海县',3,45548,'X'),(45589,'贵南县',3,45548,'G'),(45597,'果洛州',2,45286,'G'),(45598,'玛沁县',3,45597,'M'),(45607,'班玛县',3,45597,'B'),(45617,'甘德县',3,45597,'G'),(45625,'达日县',3,45597,'D'),(45636,'久治县',3,45597,'J'),(45643,'玛多县',3,45597,'M'),(45648,'玉树州',2,45286,'Y'),(45649,'玉树县',3,45648,'Y'),(45659,'杂多县',3,45648,'Z'),(45668,'称多县',3,45648,'C'),(45676,'治多县',3,45648,'Z'),(45683,'囊谦县',3,45648,'N'),(45694,'曲麻莱县',3,45648,'Q'),(45701,'海西州',2,45286,'H'),(45702,'格尔木市',3,45701,'G'),(45714,'德令哈市',3,45701,'D'),(45727,'乌兰县',3,45701,'W'),(45733,'都兰县',3,45701,'D'),(45742,'天峻县',3,45701,'T'),(45753,'宁夏',1,0,'N'),(45754,'银川市',2,45753,'Y'),(45755,'市辖区',3,45754,'S'),(45756,'兴庆区',3,45754,'X'),(45772,'西夏区',3,45754,'X'),(45784,'金凤区',3,45754,'J'),(45794,'永宁县',3,45754,'Y'),(45803,'贺兰县',3,45754,'H'),(45813,'灵武市',3,45754,'L'),(45825,'石嘴山市',2,45753,'S'),(45826,'市辖区',3,45825,'S'),(45827,'大武口区',3,45825,'D'),(45839,'惠农区',3,45825,'H'),(45856,'平罗县',3,45825,'P'),(45871,'吴忠市',2,45753,'W'),(45872,'市辖区',3,45871,'S'),(45877,'利通区',3,45871,'L'),(45892,'盐池县',3,45871,'Y'),(45903,'同心县',3,45871,'T'),(45914,'青铜峡市',3,45871,'Q'),(45926,'固原市',2,45753,'G'),(45927,'市辖区',3,45926,'S'),(45928,'原州区',3,45926,'Y'),(45944,'西吉县',3,45926,'X'),(45964,'隆德县',3,45926,'L'),(45978,'泾源县',3,45926,'J'),(45986,'彭阳县',3,45926,'P'),(45999,'中卫市',2,45753,'Z'),(46000,'市辖区',3,45999,'S'),(46012,'沙坡头区',3,45999,'S'),(46013,'中宁县',3,45999,'Z'),(46026,'海原县',3,45999,'H'),(46047,'新疆',1,0,'X'),(46048,'乌鲁木齐市',2,46047,'W'),(46049,'市辖区',3,46048,'S'),(46050,'天山区',3,46048,'T'),(46065,'沙依巴克区',3,46048,'S'),(46079,'新市区',3,46048,'X'),(46095,'水磨沟区',3,46048,'S'),(46104,'头屯河区',3,46048,'T'),(46114,'达坂城区',3,46048,'D'),(46123,'东山区',3,46048,'D'),(46128,'乌鲁木齐县',3,46048,'W'),(46138,'克拉玛依市',2,46047,'K'),(46139,'市辖区',3,46138,'S'),(46140,'独山子区',3,46138,'D'),(46144,'克拉玛依区',3,46138,'K'),(46155,'白碱滩区',3,46138,'B'),(46158,'乌尔禾区',3,46138,'W'),(46162,'吐鲁番地区',2,46047,'T'),(46163,'吐鲁番市',3,46162,'T'),(46178,'鄯善县',3,46162,'S'),(46189,'托克逊县',3,46162,'T'),(46197,'哈密地区',2,46047,'H'),(46198,'哈密市',3,46197,'H'),(46230,'巴里坤县',3,46197,'B'),(46246,'伊吾县',3,46197,'Y'),(46255,'昌吉州',2,46047,'C'),(46256,'昌吉市',3,46255,'C'),(46275,'阜康市',3,46255,'F'),(46289,'米泉市',3,46255,'M'),(46299,'呼图壁县',3,46255,'H'),(46316,'玛纳斯',3,46255,'M'),(46337,'奇台县',3,46255,'Q'),(46355,'吉木萨尔县',3,46255,'J'),(46366,'木垒县',3,46255,'M'),(46380,'博州',2,46047,'B'),(46381,'博乐市',3,46380,'B'),(46399,'精河县',3,46380,'J'),(46410,'温泉县',3,46380,'W'),(46422,'巴州',2,46047,'B'),(46423,'库尔勒市',3,46422,'K'),(46451,'轮台县',3,46422,'L'),(46463,'尉犁县',3,46422,'W'),(46476,'若羌县',3,46422,'R'),(46486,'且末县',3,46422,'Q'),(46500,'焉耆县',3,46422,'Y'),(46512,'和静县',3,46422,'H'),(46531,'和硕县',3,46422,'H'),(46542,'博湖县',3,46422,'B'),(46551,'阿克苏地区',2,46047,'A'),(46552,'阿克苏市',3,46551,'A'),(46571,'温宿县',3,46551,'W'),(46592,'库车县',3,46551,'K'),(46617,'沙雅县',3,46551,'S'),(46630,'新和县',3,46551,'X'),(46640,'拜城县',3,46551,'B'),(46657,'乌什县',3,46551,'W'),(46668,'阿瓦提县',3,46551,'A'),(46682,'柯坪县',3,46551,'K'),(46688,'克州',2,46047,'K'),(46689,'阿图什市',3,46688,'A'),(46704,'阿克陶县',3,46688,'A'),(46723,'阿合奇县',3,46688,'A'),(46733,'乌恰县',3,46688,'W'),(46747,'喀什地区',2,46047,'K'),(46748,'喀什市',3,46747,'K'),(46761,'疏附县',3,46747,'S'),(46780,'疏勒县',3,46747,'S'),(46797,'英吉沙县',3,46747,'Y'),(46813,'泽普县',3,46747,'Z'),(46830,'莎车县',3,46747,'S'),(46863,'叶城县',3,46747,'Y'),(46885,'麦盖提县',3,46747,'M'),(46902,'岳普湖县',3,46747,'Y'),(46913,'伽师县',3,46747,'Q'),(46928,'巴楚县',3,46747,'B'),(46942,'塔什库尔干县',3,46747,'T'),(46957,'和田地区',2,46047,'H'),(46958,'和田市',3,46957,'H'),(46971,'和田县',3,46957,'H'),(46983,'墨玉县',3,46957,'M'),(47002,'皮山县',3,46957,'P'),(47020,'洛浦县',3,46957,'L'),(47032,'策勒县',3,46957,'C'),(47042,'于田县',3,46957,'Y'),(47061,'民丰县',3,46957,'M'),(47069,'伊犁州',2,46047,'Y'),(47070,'伊宁市',3,47069,'Y'),(47091,'奎屯市',3,47069,'K'),(47099,'伊宁县',3,47069,'Y'),(47121,'察布查尔县',3,47069,'C'),(47143,'霍城县',3,47069,'H'),(47164,'巩留县',3,47069,'G'),(47180,'新源县',3,47069,'X'),(47196,'昭苏县',3,47069,'Z'),(47214,'特克斯县',3,47069,'T'),(47226,'尼勒克县',3,47069,'N'),(47241,'塔城地区',2,46047,'T'),(47242,'塔城市',3,47241,'T'),(47258,'乌苏市',3,47241,'W'),(47291,'额敏县',3,47241,'E'),(47315,'沙湾县',3,47241,'S'),(47338,'托里县',3,47241,'T'),(47351,'裕民县',3,47241,'Y'),(47360,'和布县',3,47241,'H'),(47374,'阿勒泰地区',2,46047,'A'),(47375,'阿勒泰市',3,47374,'A'),(47393,'布尔津县',3,47374,'B'),(47401,'富蕴县',3,47374,'F'),(47411,'福海县',3,47374,'F'),(47424,'哈巴河县',3,47374,'H'),(47433,'青河县',3,47374,'Q'),(47441,'吉木乃县',3,47374,'J'),(47450,'省直辖行政单位',2,46047,'S'),(47451,'石河子市',3,47450,'S'),(47460,'阿拉尔市',3,47450,'A'),(47477,'图木舒克市',3,47450,'T'),(47486,'五家渠市',3,47450,'W'),(47493,'台湾',1,0,'T'),(47494,'香港',1,0,'X'),(47495,'澳门',1,0,'A'),(47496,'龙华新区',3,28558,'L'),(47497,'光明新区',3,28558,'G'),(47498,'九龙',2,47494,'J'),(47499,'香港岛',2,47494,'X'),(47500,'新界',2,47494,'X'),(47501,'观塘区',3,47498,'G'),(47502,'黄大仙区',3,47498,'H'),(47503,'九龙城区',3,47498,'J'),(47504,'深水埗区',3,47498,'S'),(47505,'油尖旺区',3,47498,'Y'),(47506,'东区',3,47499,'D'),(47507,'南区',3,47499,'N'),(47508,'湾仔',3,47499,'W'),(47509,'中西区',3,47499,'Z'),(47510,'北区',3,47500,'B'),(47511,'大埔区',3,47500,'D'),(47512,'葵青区',3,47500,'K'),(47513,'离岛区',3,47500,'L'),(47514,'荃湾区',3,47500,'Q'),(47515,'沙田区',3,47500,'S'),(47516,'屯门区',3,47500,'T'),(47517,'西贡区',3,47500,'X'),(47518,'元朗区',3,47500,'Y'),(47519,'澳门半岛',2,47495,'A'),(47520,'离岛',2,47495,'L'),(47521,'大堂区',3,47519,'D'),(47522,'风顺堂区',3,47519,'F'),(47523,'花地玛堂区',3,47519,'H'),(47524,'花王堂区',3,47519,'H'),(47525,'望德堂区',3,47519,'W'),(47526,'嘉模堂区',3,47520,'J'),(47527,'路氹填海区',3,47520,'L'),(47528,'圣方济各堂区',3,47520,'S'),(47529,'高雄市',2,47493,'G'),(47530,'花莲县',2,47493,'H'),(47531,'基隆市',2,47493,'J'),(47532,'嘉义市',2,47493,'J'),(47533,'嘉义县',2,47493,'J'),(47534,'金门县',2,47493,'J'),(47535,'连江县',2,47493,'L'),(47536,'苗栗县',2,47493,'M'),(47537,'南投县',2,47493,'N'),(47538,'澎湖县',2,47493,'P'),(47539,'屏东县',2,47493,'P'),(47540,'台北市',2,47493,'T'),(47541,'台东县',2,47493,'T'),(47542,'台南市',2,47493,'T'),(47543,'台中市',2,47493,'T'),(47544,'桃园市',2,47493,'T'),(47545,'新北市',2,47493,'X'),(47546,'新竹市',2,47493,'X'),(47547,'新竹县',2,47493,'X'),(47548,'宜兰县',2,47493,'Y'),(47549,'云林县',2,47493,'Y'),(47550,'彰化县',2,47493,'Z'),(47551,'阿莲区',3,47529,'A'),(47552,'大寮区',3,47529,'D'),(47553,'大社区',3,47529,'D'),(47554,'大树区',3,47529,'D'),(47555,'凤山区',3,47529,'F'),(47556,'冈山区',3,47529,'G'),(47557,'鼓山区',3,47529,'G'),(47558,'湖内区',3,47529,'H'),(47559,'甲仙区',3,47529,'J'),(47560,'林园区',3,47529,'L'),(47561,'苓雅区',3,47529,'L'),(47562,'六龟区',3,47529,'L'),(47563,'路竹区',3,47529,'L'),(47564,'茂林区',3,47529,'M'),(47565,'美浓区',3,47529,'M'),(47566,'弥陀区',3,47529,'M'),(47567,'楠梓区',3,47529,'N'),(47568,'那玛夏区',3,47529,'N'),(47569,'内门区',3,47529,'N'),(47570,'鸟松区',3,47529,'N'),(47571,'旗津区',3,47529,'Q'),(47572,'旗门区',3,47529,'Q'),(47573,'其它区',3,47529,'Q'),(47574,'前金区',3,47529,'Q'),(47575,'前镇区',3,47529,'Q'),(47576,'桥头区',3,47529,'Q'),(47577,'茄萣区',3,47529,'Q'),(47578,'芩雅区',3,47529,'Q'),(47579,'仁武区',3,47529,'R'),(47580,'三民区',3,47529,'S'),(47581,'杉林区',3,47529,'S'),(47582,'桃源区',3,47529,'T'),(47583,'田寮区',3,47529,'T'),(47584,'小港区',3,47529,'X'),(47585,'新兴区',3,47529,'X'),(47586,'燕巢区',3,47529,'Y'),(47587,'盐埕区',3,47529,'Y'),(47588,'永安区',3,47529,'Y'),(47589,'梓官区',3,47529,'Z'),(47590,'左营区',3,47529,'Z'),(47591,'丰滨乡',3,47530,'F'),(47592,'凤林镇',3,47530,'F'),(47593,'富里乡',3,47530,'F'),(47594,'光复乡',3,47530,'G'),(47595,'花莲市',3,47530,'H'),(47596,'吉安乡',3,47530,'J'),(47597,'瑞穗乡',3,47530,'R'),(47598,'寿丰乡',3,47530,'S'),(47599,'太鲁阁',3,47530,'T'),(47600,'万荣乡',3,47530,'W'),(47601,'新城乡',3,47530,'X'),(47602,'秀林乡',3,47530,'X'),(47603,'玉里镇',3,47530,'Y'),(47604,'卓溪乡',3,47530,'Z'),(47605,'安乐区',3,47531,'A'),(47606,'暖暖区',3,47531,'N'),(47607,'七堵区',3,47531,'Q'),(47608,'其它区',3,47531,'Q'),(47609,'仁爱区',3,47531,'R'),(47610,'信义区',3,47531,'X'),(47611,'中山区',3,47531,'Z'),(47612,'中正区',3,47531,'Z'),(47613,'东区',3,47532,'D'),(47614,'西区',3,47532,'X'),(47615,'其它区',3,47532,'Q'),(47616,'阿里山乡',3,47533,'A'),(47617,'布袋镇',3,47533,'B'),(47618,'大林镇',3,47533,'D'),(47619,'大埔乡',3,47533,'D'),(47620,'东石乡',3,47533,'D'),(47621,'番路乡',3,47533,'F'),(47622,'六脚乡',3,47533,'L'),(47623,'鹿草乡',3,47533,'L'),(47624,'梅山乡',3,47533,'M'),(47625,'民雄乡',3,47533,'M'),(47626,'朴子市',3,47533,'P'),(47627,'水上乡',3,47533,'S'),(47628,'太保市',3,47533,'T'),(47629,'溪口乡',3,47533,'X'),(47630,'新港乡',3,47533,'X'),(47631,'义竹乡',3,47533,'Y'),(47632,'中埔乡',3,47533,'Z'),(47633,'竹崎乡',3,47533,'Z'),(47634,'金城镇',3,47534,'J'),(47635,'金湖镇',3,47534,'J'),(47636,'金宁乡',3,47534,'J'),(47637,'金沙镇',3,47534,'J'),(47638,'烈屿乡',3,47534,'L'),(47639,'乌邱乡',3,47534,'W'),(47640,'北竿乡',3,47535,'B'),(47641,'东引乡',3,47535,'D'),(47642,'莒光乡',3,47535,'J'),(47643,'南竿乡',3,47535,'N'),(47644,'大湖乡',3,47536,'D'),(47645,'公馆乡',3,47536,'G'),(47646,'后龙镇',3,47536,'H'),(47647,'苗栗市',3,47536,'M'),(47648,'南庄乡',3,47536,'N'),(47649,'三湾乡',3,47536,'S'),(47650,'三义乡',3,47536,'S'),(47651,'狮潭乡',3,47536,'S'),(47652,'泰安乡',3,47536,'T'),(47653,'铜锣乡',3,47536,'T'),(47654,'通宵镇',3,47536,'T'),(47655,'头份镇',3,47536,'T'),(47656,'头屋乡',3,47536,'T'),(47657,'西湖乡',3,47536,'X'),(47658,'苑里镇',3,47536,'Y'),(47659,'造桥乡',3,47536,'Z'),(47660,'竹南镇',3,47536,'Z'),(47661,'卓兰镇',3,47536,'Z'),(47662,'草屯镇',3,47537,'C'),(47663,'国姓乡',3,47537,'G'),(47664,'集集镇',3,47537,'J'),(47665,'鹿谷乡',3,47537,'L'),(47666,'名间乡',3,47537,'M'),(47667,'南投市',3,47537,'N'),(47668,'埔里镇',3,47537,'P'),(47669,'仁爱乡',3,47537,'R'),(47670,'水里乡',3,47537,'S'),(47671,'信义乡',3,47537,'X'),(47672,'鱼池乡',3,47537,'Y'),(47673,'中寮乡',3,47537,'Z'),(47674,'竹山镇',3,47537,'Z'),(47675,'白沙乡',3,47538,'B'),(47676,'湖西乡',3,47538,'H'),(47677,'马公市',3,47538,'M'),(47678,'七美乡',3,47538,'Q'),(47679,'望安乡',3,47538,'W'),(47680,'西屿乡',3,47538,'X'),(47681,'长治乡',3,47539,'C'),(47682,'潮州镇',3,47539,'C'),(47683,'车城乡',3,47539,'C'),(47684,'春日乡',3,47539,'C'),(47685,'东港镇',3,47539,'D');
INSERT INTO `hw_region` VALUES (47686,'枋寮乡',3,47539,'F'),(47687,'枋山乡',3,47539,'F'),(47688,'高树乡',3,47539,'G'),(47689,'恒春镇',3,47539,'H'),(47690,'佳冬乡',3,47539,'J'),(47691,'九如乡',3,47539,'J'),(47692,'崁顶乡',3,47539,'K'),(47693,'来义乡',3,47539,'L'),(47694,'里港乡',3,47539,'L'),(47695,'林边乡',3,47539,'L'),(47696,'麟洛乡',3,47539,'L'),(47697,'琉球乡',3,47539,'L'),(47698,'玛家乡',3,47539,'M'),(47699,'满州乡',3,47539,'M'),(47700,'牡丹乡',3,47539,'M'),(47701,'南州乡',3,47539,'N'),(47702,'内埔乡',3,47539,'N'),(47703,'屏东市',3,47539,'P'),(47704,'三地门乡',3,47539,'S'),(47705,'狮子乡',3,47539,'S'),(47706,'泰武乡',3,47539,'T'),(47707,'万丹乡',3,47539,'W'),(47708,'万峦乡',3,47539,'W'),(47709,'雾台乡',3,47539,'W'),(47710,'新埤乡',3,47539,'X'),(47711,'新园乡',3,47539,'X'),(47712,'盐埔乡',3,47539,'Y'),(47713,'竹田乡',3,47539,'Z'),(47714,'北投区',3,47540,'B'),(47715,'大安区',3,47540,'D'),(47716,'大同区',3,47540,'D'),(47717,'南港区',3,47540,'N'),(47718,'内湖区',3,47540,'N'),(47719,'士林区',3,47540,'S'),(47720,'松山区',3,47540,'S'),(47721,'万华区',3,47540,'W'),(47722,'文山区',3,47540,'W'),(47723,'信义区',3,47540,'X'),(47724,'中山区',3,47540,'Z'),(47725,'中正区',3,47540,'Z'),(47726,'其它区',3,47540,'Q'),(47727,'卑南乡',3,47541,'B'),(47728,'长滨乡',3,47541,'C'),(47729,'成功镇',3,47541,'C'),(47730,'池上乡',3,47541,'C'),(47731,'达仁乡',3,47541,'D'),(47732,'大武乡',3,47541,'D'),(47733,'东河乡',3,47541,'D'),(47734,'关山镇',3,47541,'G'),(47735,'海端乡',3,47541,'H'),(47736,'金峰乡',3,47541,'J'),(47737,'兰屿乡',3,47541,'L'),(47738,'鹿野乡',3,47541,'L'),(47739,'绿岛乡',3,47541,'L'),(47740,'台东市',3,47541,'T'),(47741,'太麻里乡',3,47541,'T'),(47742,'延平乡',3,47541,'Y'),(47743,'中西区',3,47542,'Z'),(47744,'东区',3,47542,'D'),(47745,'南区',3,47542,'N'),(47746,'北区',3,47542,'B'),(47747,'安平区',3,47542,'A'),(47748,'安南区',3,47542,'A'),(47749,'其它区',3,47542,'Q'),(47750,'永康区',3,47542,'Y'),(47751,'归仁区',3,47542,'G'),(47752,'新化区',3,47542,'X'),(47753,'左镇区',3,47542,'Z'),(47754,'玉井区',3,47542,'Y'),(47755,'楠西区',3,47542,'N'),(47756,'南化区',3,47542,'N'),(47757,'仁德区',3,47542,'R'),(47758,'关庙区',3,47542,'G'),(47759,'龙崎区',3,47542,'L'),(47760,'官田区',3,47542,'G'),(47761,'麻豆区',3,47542,'M'),(47762,'佳里区',3,47542,'J'),(47763,'西港区',3,47542,'X'),(47764,'七股区',3,47542,'Q'),(47765,'将军区',3,47542,'J'),(47766,'学甲区',3,47542,'X'),(47767,'北门区',3,47542,'B'),(47768,'新营区',3,47542,'X'),(47769,'后壁区',3,47542,'H'),(47770,'白河区',3,47542,'B'),(47771,'东山区',3,47542,'D'),(47772,'六甲区',3,47542,'L'),(47773,'下营区',3,47542,'X'),(47774,'柳营区',3,47542,'L'),(47775,'盐水区',3,47542,'Y'),(47776,'善化区',3,47542,'S'),(47777,'大内区',3,47542,'D'),(47778,'山上区',3,47542,'S'),(47779,'新市区',3,47542,'X'),(47780,'安定区',3,47542,'A'),(47781,'中区',3,47543,'Z'),(47782,'东区',3,47543,'D'),(47783,'南区',3,47543,'N'),(47784,'西区',3,47543,'X'),(47785,'北区',3,47543,'B'),(47786,'北屯区',3,47543,'B'),(47787,'西屯区',3,47543,'X'),(47788,'南屯区',3,47543,'N'),(47789,'其它区',3,47543,'Q'),(47790,'太平区',3,47543,'T'),(47791,'大里区',3,47543,'D'),(47792,'雾峰区',3,47543,'W'),(47793,'乌日区',3,47543,'W'),(47794,'丰原区',3,47543,'F'),(47795,'后里区',3,47543,'H'),(47796,'石冈区',3,47543,'S'),(47797,'东势区',3,47543,'D'),(47798,'和平区',3,47543,'H'),(47799,'新社区',3,47543,'X'),(47800,'潭子区',3,47543,'T'),(47801,'大雅区',3,47543,'D'),(47802,'神冈区',3,47543,'S'),(47803,'大肚区',3,47543,'D'),(47804,'沙鹿区',3,47543,'S'),(47805,'龙井区',3,47543,'L'),(47806,'梧栖区',3,47543,'W'),(47807,'清水区',3,47543,'Q'),(47808,'大甲区',3,47543,'D'),(47809,'外埔区',3,47543,'W'),(47810,'大安区',3,47543,'D'),(47811,'中坜区',3,47544,'Z'),(47812,'平镇区',3,47544,'P'),(47813,'龙潭区',3,47544,'L'),(47814,'杨梅区',3,47544,'Y'),(47815,'新屋区',3,47544,'X'),(47816,'观音区',3,47544,'G'),(47817,'桃园区',3,47544,'T'),(47818,'龟山区',3,47544,'G'),(47819,'八德区',3,47544,'B'),(47820,'大溪区',3,47544,'D'),(47821,'复兴区',3,47544,'F'),(47822,'大园区',3,47544,'D'),(47823,'芦竹区',3,47544,'L'),(47824,'万里区',3,47545,'W'),(47825,'金山区',3,47545,'J'),(47826,'板桥区',3,47545,'B'),(47827,'汐止区',3,47545,'X'),(47828,'深坑区',3,47545,'S'),(47829,'石碇区',3,47545,'S'),(47830,'瑞芳区',3,47545,'R'),(47831,'平溪区',3,47545,'P'),(47832,'双溪区',3,47545,'S'),(47833,'贡寮区',3,47545,'G'),(47834,'新店区',3,47545,'X'),(47835,'坪林区',3,47545,'P'),(47836,'乌来区',3,47545,'W'),(47837,'永和区',3,47545,'Y'),(47838,'中和区',3,47545,'Z'),(47839,'土城区',3,47545,'T'),(47840,'三峡区',3,47545,'S'),(47841,'树林区',3,47545,'S'),(47842,'莺歌区',3,47545,'Y'),(47843,'三重区',3,47545,'S'),(47844,'新庄区',3,47545,'X'),(47845,'泰山区',3,47545,'T'),(47846,'林口区',3,47545,'L'),(47847,'芦洲区',3,47545,'L'),(47848,'五股区',3,47545,'W'),(47849,'八里区',3,47545,'B'),(47850,'淡水区',3,47545,'D'),(47851,'三芝区',3,47545,'S'),(47852,'石门区',3,47545,'S'),(47853,'东区',3,47546,'D'),(47854,'北区',3,47546,'B'),(47855,'香山区',3,47546,'X'),(47856,'其它区',3,47546,'Q'),(47857,'竹北市',3,47547,'Z'),(47858,'湖口乡',3,47547,'H'),(47859,'新丰乡',3,47547,'X'),(47860,'新埔镇',3,47547,'X'),(47861,'关西镇',3,47547,'G'),(47862,'芎林乡',3,47547,'X'),(47863,'宝山乡',3,47547,'B'),(47864,'竹东镇',3,47547,'Z'),(47865,'五峰乡',3,47547,'W'),(47866,'横山乡',3,47547,'H'),(47867,'尖石乡',3,47547,'J'),(47868,'北埔乡',3,47547,'B'),(47869,'峨眉乡',3,47547,'E'),(47870,'宜兰市',3,47548,'Y'),(47871,'头城镇',3,47548,'T'),(47872,'礁溪乡',3,47548,'J'),(47873,'壮围乡',3,47548,'Z'),(47874,'员山乡',3,47548,'Y'),(47875,'罗东镇',3,47548,'L'),(47876,'三星乡',3,47548,'S'),(47877,'大同乡',3,47548,'D'),(47878,'五结乡',3,47548,'W'),(47879,'冬山乡',3,47548,'D'),(47880,'苏澳镇',3,47548,'S'),(47881,'南澳乡',3,47548,'N'),(47882,'钓鱼台',3,47548,'D'),(47883,'斗南镇',3,47549,'D'),(47884,'大埤乡',3,47549,'D'),(47885,'虎尾镇',3,47549,'H'),(47886,'土库镇',3,47549,'T'),(47887,'褒忠乡',3,47549,'B'),(47888,'东势乡',3,47549,'D'),(47889,'台西乡',3,47549,'T'),(47890,'仑背乡',3,47549,'L'),(47891,'麦寮乡',3,47549,'M'),(47892,'斗六市',3,47549,'D'),(47893,'林内乡',3,47549,'L'),(47894,'古坑乡',3,47549,'G'),(47895,'莿桐乡',3,47549,'C'),(47896,'西螺镇',3,47549,'X'),(47897,'二仑乡',3,47549,'E'),(47898,'北港镇',3,47549,'B'),(47899,'水林乡',3,47549,'S'),(47900,'口湖乡',3,47549,'K'),(47901,'四湖乡',3,47549,'S'),(47902,'元长乡',3,47549,'Y'),(47903,'彰化市',3,47550,'Z'),(47904,'芬园乡',3,47550,'F'),(47905,'花坛乡',3,47550,'H'),(47906,'秀水乡',3,47550,'X'),(47907,'鹿港镇',3,47550,'L'),(47908,'福兴乡',3,47550,'F'),(47909,'线西乡',3,47550,'X'),(47910,'和美镇',3,47550,'H'),(47911,'伸港乡',3,47550,'S'),(47912,'员林镇',3,47550,'Y'),(47913,'社头乡',3,47550,'S'),(47914,'永靖乡',3,47550,'Y'),(47915,'埔心乡',3,47550,'P'),(47916,'溪湖镇',3,47550,'X'),(47917,'大村乡',3,47550,'D'),(47918,'埔盐乡',3,47550,'P'),(47919,'田中镇',3,47550,'T'),(47920,'北斗镇',3,47550,'B'),(47921,'田尾乡',3,47550,'T'),(47922,'埤头乡',3,47550,'P'),(47923,'溪州乡',3,47550,'X'),(47924,'竹塘乡',3,47550,'Z'),(47925,'二林镇',3,47550,'E'),(47926,'大城乡',3,47550,'D'),(47927,'芳苑乡',3,47550,'F'),(47928,'二水乡',3,47550,'E');
/*!40000 ALTER TABLE `hw_region` ENABLE KEYS */;

#
# Structure for table "hw_scan"
#

DROP TABLE IF EXISTS `hw_scan`;
CREATE TABLE `hw_scan` (
  `id` int(11) NOT NULL AUTO_INCREMENT,
  `ip` varchar(255) NOT NULL DEFAULT '' COMMENT 'IP地址',
  `time` int(11) NOT NULL DEFAULT '0' COMMENT '浏览时间',
  PRIMARY KEY (`id`)
) ENGINE=MyISAM AUTO_INCREMENT=231 DEFAULT CHARSET=utf8 COMMENT='浏览量统计';

#
# Data for table "hw_scan"
#

/*!40000 ALTER TABLE `hw_scan` DISABLE KEYS */;
INSERT INTO `hw_scan` VALUES (1,'61.157.76.160',1575599056),(2,'61.157.76.160',1575599058),(3,'61.157.76.160',1575599065),(4,'61.157.76.160',1575599219),(5,'219.129.216.189',1575599228),(6,'61.157.76.160',1575599412),(7,'61.157.76.160',1575599415),(8,'61.157.76.160',1575599429),(9,'157.55.39.70',1575599460),(10,'61.157.76.160',1575599466),(11,'61.157.76.160',1575599468),(12,'61.157.76.160',1575599547),(13,'61.157.76.160',1575599563),(14,'61.157.76.160',1575599565),(15,'61.157.76.160',1575599569),(16,'61.157.76.160',1575599573),(17,'61.157.76.160',1575599574),(18,'61.157.76.160',1575599697),(19,'61.157.76.160',1575599700),(20,'61.157.76.160',1575599702),(21,'61.157.76.160',1575599706),(22,'61.157.76.160',1575599800),(23,'61.157.76.160',1575599802),(24,'61.157.76.160',1575599853),(25,'61.157.76.160',1575599865),(26,'61.157.76.160',1575599885),(27,'61.157.76.160',1575599888),(28,'111.177.165.106',1575599911),(29,'139.207.81.143',1575600096),(30,'139.207.81.143',1575600114),(31,'61.157.76.160',1575600254),(32,'61.157.76.160',1575600258),(33,'61.157.76.160',1575600268),(34,'61.157.76.160',1575600272),(35,'61.157.76.160',1575600274),(36,'61.157.76.160',1575600277),(37,'61.157.76.160',1575600277),(38,'61.157.76.160',1575600283),(39,'61.157.76.160',1575600284),(40,'61.157.76.160',1575600835),(41,'61.157.76.160',1575600838),(42,'61.157.76.160',1575600841),(43,'61.157.76.160',1575600853),(44,'61.157.76.160',1575600854),(45,'61.157.76.160',1575600855),(46,'61.157.76.160',1575600866),(47,'139.207.81.143',1575600913),(48,'61.157.76.160',1575601070),(49,'61.157.76.160',1575601109),(50,'61.157.76.160',1575601139),(51,'61.157.76.160',1575601149),(52,'123.125.71.50',1575601969),(53,'123.125.71.91',1575601970),(54,'61.157.76.160',1575601979),(55,'61.157.76.160',1575601983),(56,'61.157.76.160',1575601992),(57,'61.157.76.160',1575601997),(58,'61.157.76.160',1575602001),(59,'61.157.76.160',1575602002),(60,'61.157.76.160',1575602004),(61,'61.157.76.160',1575602008),(62,'61.157.76.160',1575602009),(63,'61.157.76.160',1575602010),(64,'61.157.76.160',1575602010),(65,'61.157.76.160',1575602012),(66,'61.157.76.160',1575602021),(67,'61.157.76.160',1575602027),(68,'61.157.76.160',1575602034),(69,'61.157.76.160',1575602037),(70,'61.157.76.160',1575602039),(71,'61.157.76.160',1575602057),(72,'139.207.81.143',1575602078),(73,'139.207.81.143',1575602080),(74,'139.207.81.143',1575602128),(75,'139.207.81.143',1575602136),(76,'139.207.81.143',1575602137),(77,'139.207.81.143',1575602138),(78,'61.157.76.160',1575602196),(79,'61.157.76.160',1575602214),(80,'61.157.76.160',1575602228),(81,'139.207.81.143',1575602277),(82,'139.207.81.143',1575602283),(83,'139.207.81.143',1575602284),(84,'139.207.81.143',1575602292),(85,'61.157.76.160',1575602321),(86,'61.151.178.197',1575602339),(87,'101.91.60.107',1575602343),(88,'61.157.76.160',1575602556),(89,'61.157.76.160',1575602560),(90,'61.157.76.160',1575602563),(91,'61.157.76.160',1575602564),(92,'61.157.76.160',1575602596),(93,'61.157.76.160',1575602599),(94,'61.157.76.160',1575602603),(95,'61.157.76.160',1575602605),(96,'61.157.76.160',1575602609),(97,'61.157.76.160',1575602609),(98,'61.157.76.160',1575602741),(99,'61.157.76.160',1575602799),(100,'61.157.76.160',1575602831),(101,'61.157.76.160',1575602850),(102,'61.157.76.160',1575602887),(103,'61.157.76.160',1575602951),(104,'61.157.76.160',1575602964),(105,'61.157.76.160',1575602997),(106,'61.157.76.160',1575603000),(107,'61.157.76.160',1575603004),(108,'61.157.76.160',1575603004),(109,'61.157.76.160',1575603005),(110,'61.157.76.160',1575603053),(111,'61.157.76.160',1575603103),(112,'61.157.76.160',1575603157),(113,'61.157.76.160',1575603183),(114,'61.157.76.160',1575603193),(115,'61.157.76.160',1575603195),(116,'61.157.76.160',1575603202),(117,'61.157.76.160',1575603203),(118,'61.157.76.160',1575603276),(119,'61.157.76.160',1575603299),(120,'61.157.76.160',1575603335),(121,'61.157.76.160',1575603338),(122,'61.157.76.160',1575603343),(123,'61.157.76.160',1575603361),(124,'61.157.76.160',1575603376),(125,'61.157.76.160',1575603410),(126,'61.157.76.160',1575603414),(127,'61.157.76.160',1575603538),(128,'61.157.76.160',1575603608),(129,'61.157.76.160',1575603910),(130,'61.157.76.160',1575603922),(131,'61.157.76.160',1575603928),(132,'61.157.76.160',1575603956),(133,'61.157.76.160',1575603960),(134,'123.125.71.43',1575603969),(135,'61.157.76.160',1575603972),(136,'61.157.76.160',1575604003),(137,'61.157.76.160',1575604013),(138,'61.157.76.160',1575604018),(139,'61.157.76.160',1575604019),(140,'61.157.76.160',1575604020),(141,'61.157.76.160',1575604100),(142,'61.157.76.160',1575604116),(143,'61.157.76.160',1575604117),(144,'61.157.76.160',1575604131),(145,'61.157.76.160',1575604134),(146,'61.157.76.160',1575604172),(147,'61.157.76.160',1575604217),(148,'61.157.76.160',1575604480),(149,'61.157.76.160',1575604480),(150,'61.157.76.160',1575604569),(151,'66.249.79.148',1575604692),(152,'61.157.76.160',1575604792),(153,'61.157.76.160',1575604794),(154,'61.157.76.160',1575604798),(155,'61.157.76.160',1575604800),(156,'61.157.76.160',1575604801),(157,'61.157.76.160',1575604802),(158,'61.157.76.160',1575604813),(159,'61.157.76.160',1575604835),(160,'61.157.76.160',1575604837),(161,'61.157.76.160',1575604840),(162,'61.157.76.160',1575604842),(163,'61.157.76.160',1575604846),(164,'61.157.76.160',1575604849),(165,'61.157.76.160',1575604850),(166,'61.157.76.160',1575604862),(167,'61.157.76.160',1575604911),(168,'61.157.76.160',1575605629),(169,'61.157.76.160',1575605632),(170,'46.229.168.133',1575605692),(171,'61.157.76.160',1575605845),(172,'61.157.76.160',1575605845),(173,'61.157.76.160',1575605850),(174,'61.157.76.160',1575605850),(175,'61.157.76.160',1575605851),(176,'61.157.76.160',1575605852),(177,'61.157.76.160',1575605853),(178,'61.157.76.160',1575605853),(179,'61.157.76.160',1575605855),(180,'61.157.76.160',1575605855),(181,'61.157.76.160',1575605856),(182,'61.157.76.160',1575605857),(183,'61.157.76.160',1575605859),(184,'61.157.76.160',1575605859),(185,'61.157.76.160',1575605861),(186,'61.157.76.160',1575605862),(187,'61.157.76.160',1575605863),(188,'61.157.76.160',1575605864),(189,'61.157.76.160',1575605866),(190,'61.157.76.160',1575605866),(191,'61.157.76.160',1575605867),(192,'61.157.76.160',1575605867),(193,'61.157.76.160',1575605869),(194,'61.157.76.160',1575605869),(195,'220.181.108.101',1575605969),(196,'123.125.71.47',1575607969),(197,'61.178.123.68',1575608574),(198,'123.125.71.48',1575609969),(199,'123.125.71.113',1575609970),(200,'46.229.168.145',1575610177),(201,'60.31.31.130',1575610363),(202,'60.31.31.130',1575610440),(203,'60.31.31.130',1575610449),(204,'60.31.31.130',1575610454),(205,'69.58.178.59',1575611769),(206,'69.58.178.59',1575611770),(207,'42.236.10.82',1575612667),(208,'61.157.76.160',1575613493),(209,'46.229.168.162',1575613670),(210,'123.125.67.154',1575613969),(211,'46.229.168.140',1575615721),(212,'220.181.108.160',1575615969),(213,'61.157.76.160',1575616724),(214,'61.157.76.160',1575616727),(215,'61.157.76.160',1575616728),(216,'123.125.71.42',1575617290),(217,'123.125.71.106',1575617291),(218,'61.157.76.160',1575618079),(219,'61.157.76.160',1575618090),(220,'61.157.76.160',1575618092),(221,'61.157.76.160',1575618092),(222,'61.157.76.160',1575618307),(223,'61.157.76.160',1575618310),(224,'171.213.60.27',1575622050),(225,'220.197.207.126',1575622720),(226,'220.197.207.126',1575622812),(227,'220.197.207.126',1575622963),(228,'220.197.207.126',1575623258),(229,'220.181.108.154',1575623270),(230,'180.163.220.68',1575624056);
/*!40000 ALTER TABLE `hw_scan` ENABLE KEYS */;

#
# Structure for table "hw_search_word"
#

DROP TABLE IF EXISTS `hw_search_word`;
CREATE TABLE `hw_search_word` (
  `id` int(10) NOT NULL AUTO_INCREMENT,
  `word` varchar(50) DEFAULT '' COMMENT '关键词',
  `searchNum` int(10) DEFAULT '1' COMMENT '搜索次数',
  `sort_order` int(10) DEFAULT '0' COMMENT '排序号',
  `lang` varchar(30) DEFAULT 'cn' COMMENT '语言标识',
  `add_time` int(11) DEFAULT '0' COMMENT '新增时间',
  `update_time` int(11) DEFAULT '0' COMMENT '更新时间',
  PRIMARY KEY (`id`),
  KEY `word` (`word`)
) ENGINE=MyISAM AUTO_INCREMENT=22 DEFAULT CHARSET=utf8 COMMENT='搜索词统计表';

#
# Data for table "hw_search_word"
#

/*!40000 ALTER TABLE `hw_search_word` DISABLE KEYS */;
INSERT INTO `hw_search_word` VALUES (1,'电工',120,100,'cn',1563521156,1563762185),(2,'PLC',129,100,'cn',1563762250,1565078927),(3,'西门子',140,100,'cn',1563788844,1563788844),(4,' 伺服',161,0,'cn',1573526506,0),(5,' 单片机',108,0,'cn',1573526506,0),(6,'西',18,0,'cn',1573526624,0),(7,'',34,0,'cn',1573526938,0),(8,'地方',2,0,'cn',1573527251,0),(9,'的',8,0,'cn',1573527341,0),(10,'a',2,0,'cn',1573528293,0),(11,'12',1,0,'cn',1573629307,0),(12,'smart2000',1,0,'cn',1573698417,0),(13,'smart200',1,0,'cn',1573698424,0),(14,'smart-200',1,0,'cn',1573698429,0),(15,'smart',1,0,'cn',1573698442,0),(16,'200',1,0,'cn',1573698448,0),(17,'1200',6,0,'cn',1573698457,0),(18,'驱动三菱',6,0,'cn',1574089587,0),(19,'驱动',1,0,'cn',1574089598,0),(20,'1',1,0,'cn',1574405083,0),(21,'d',2,0,'cn',1574405183,0);
/*!40000 ALTER TABLE `hw_search_word` ENABLE KEYS */;

#
# Structure for table "hw_shop_address"
#

DROP TABLE IF EXISTS `hw_shop_address`;
CREATE TABLE `hw_shop_address` (
  `addr_id` int(10) unsigned NOT NULL AUTO_INCREMENT COMMENT '地址id',
  `users_id` int(10) unsigned NOT NULL DEFAULT '0' COMMENT '会员id',
  `consignee` varchar(60) NOT NULL DEFAULT '' COMMENT '收货人',
  `country` int(10) unsigned NOT NULL DEFAULT '0' COMMENT '国家',
  `province` int(10) unsigned NOT NULL DEFAULT '0' COMMENT '省份',
  `city` int(10) unsigned NOT NULL DEFAULT '0' COMMENT '城市',
  `district` int(10) unsigned NOT NULL DEFAULT '0' COMMENT '县区',
  `address` varchar(500) NOT NULL DEFAULT '' COMMENT '详细地址',
  `zipcode` varchar(10) NOT NULL DEFAULT '' COMMENT '邮政编码',
  `mobile` varchar(20) NOT NULL DEFAULT '' COMMENT '手机',
  `is_default` tinyint(1) DEFAULT '0' COMMENT '是否默认，0否，1是。',
  `lang` varchar(30) DEFAULT 'cn' COMMENT '语言标识',
  `add_time` int(11) unsigned NOT NULL DEFAULT '0' COMMENT '添加时间',
  `update_time` int(11) unsigned NOT NULL DEFAULT '0' COMMENT '更新时间',
  PRIMARY KEY (`addr_id`),
  KEY `users_id` (`users_id`)
) ENGINE=MyISAM DEFAULT CHARSET=utf8 COMMENT='收货地址表';

#
# Data for table "hw_shop_address"
#

/*!40000 ALTER TABLE `hw_shop_address` DISABLE KEYS */;
/*!40000 ALTER TABLE `hw_shop_address` ENABLE KEYS */;

#
# Structure for table "hw_shop_cart"
#

DROP TABLE IF EXISTS `hw_shop_cart`;
CREATE TABLE `hw_shop_cart` (
  `cart_id` int(10) unsigned NOT NULL AUTO_INCREMENT COMMENT '购物车表',
  `users_id` int(10) unsigned DEFAULT '0' COMMENT '会员id',
  `product_id` int(10) unsigned DEFAULT '0' COMMENT '产品id',
  `product_num` int(10) unsigned DEFAULT '0' COMMENT '购买数量',
  `spec_value_id` varchar(100) DEFAULT '' COMMENT '规格值ID',
  `selected` tinyint(1) DEFAULT '1' COMMENT '购物车选中状态：0未选中，1选中',
  `lang` varchar(30) DEFAULT 'cn' COMMENT '语言标识',
  `add_time` int(11) DEFAULT '0' COMMENT '加入购物车的时间',
  `update_time` int(11) DEFAULT '0' COMMENT '更新时间',
  PRIMARY KEY (`cart_id`),
  KEY `users_id` (`users_id`,`product_id`) USING BTREE
) ENGINE=MyISAM DEFAULT CHARSET=utf8 COMMENT='购物车表';

#
# Data for table "hw_shop_cart"
#

/*!40000 ALTER TABLE `hw_shop_cart` DISABLE KEYS */;
/*!40000 ALTER TABLE `hw_shop_cart` ENABLE KEYS */;

#
# Structure for table "hw_shop_express"
#

DROP TABLE IF EXISTS `hw_shop_express`;
CREATE TABLE `hw_shop_express` (
  `express_id` int(10) unsigned NOT NULL AUTO_INCREMENT COMMENT '自增id',
  `express_code` varchar(32) NOT NULL DEFAULT '' COMMENT '物流code',
  `express_name` varchar(32) NOT NULL DEFAULT '' COMMENT '物流名称',
  `express_lnitials` varchar(5) DEFAULT '' COMMENT '首字母',
  `sort_order` int(10) DEFAULT '0' COMMENT '排序号',
  `add_time` int(11) DEFAULT '0' COMMENT '新增时间',
  `update_time` int(11) unsigned DEFAULT '0' COMMENT '更新时间',
  PRIMARY KEY (`express_id`)
) ENGINE=MyISAM AUTO_INCREMENT=596 DEFAULT CHARSET=utf8 COMMENT='快递公司表';

#
# Data for table "hw_shop_express"
#

/*!40000 ALTER TABLE `hw_shop_express` DISABLE KEYS */;
INSERT INTO `hw_shop_express` VALUES (1,'yuantong','圆通快递','Y',97,1553911076,1554974797),(2,'shentong','申通快递','S',98,1553911076,1554974707),(3,'shunfeng','顺丰快递','S',98,1553911076,1554974710),(4,'yunda','韵达快递','Y',99,1553911076,1553911076),(5,'debangwuliu','德邦快递','D',99,1553911076,1553911076),(6,'zhongtong','中通快递','Z',99,1553911076,1553911076),(7,'huitongkuaidi','百世快递','B',99,1553911076,1553911076),(8,'youzhengguonei','邮政包裹','Y',99,1553911076,1553911076),(9,'ems','EMS','E',99,1553911076,1553911076),(10,'youzhengguoji','邮政国际','Y',99,1553911076,1553911076),(11,'aolau','AOL澳通速递','A',100,1553911076,1553911076),(12,'a2u','A2U速递','A',100,1553911076,1553911076),(13,'aae','AAE快递','A',100,1553911076,1553911076),(14,'annengwuliu','安能物流','A',100,1553911076,1553911076),(15,'anxl','安迅物流','A',100,1553911076,1553911076),(16,'auexpress','澳邮中国快运','A',100,1553911076,1553911076),(17,'exfresh','安鲜达','A',100,1553911076,1553911076),(18,'anjie88','安捷物流','A',100,1553911076,1553911076),(19,'adodoxm','澳多多国际速递','A',100,1553911076,1553911076),(20,'ariesfar','艾瑞斯远','A',100,1553911076,1553911076),(21,'qdants','ANTS EXPRESS','A',100,1553911076,1553911076),(22,'astexpress','安世通快递','A',100,1553911076,1553911076),(23,'gda','安的快递','A',100,1553911076,1553911076),(24,'ausexpress','澳世速递','A',100,1553911076,1553911076),(25,'ibuy8','爱拜物流','A',100,1553911076,1553911076),(26,'aplusex','Aplus物流','A',100,1553911076,1553911076),(27,'adapost','安达速递','A',100,1553911076,1553911076),(28,'adiexpress','安达易国际速递','A',100,1553911076,1553911076),(29,'maxeedexpress','澳洲迈速快递','A',100,1553911076,1553911076),(30,'onway','昂威物流','A',100,1553911076,1553911076),(31,'bcwelt','BCWELT','B',100,1553911076,1553911076),(32,'balunzhi','巴伦支快递','B',100,1553911076,1553911076),(33,'xiaohongmao','北青小红帽','B',100,1553911076,1553911076),(34,'bfdf','百福东方物流','B',100,1553911076,1553911076),(35,'bangsongwuliu','邦送物流','B',100,1553911076,1553911076),(36,'lbbk','宝凯物流','B',100,1553911076,1553911076),(37,'bqcwl','百千诚物流','B',100,1553911076,1553911076),(38,'idada','百成大达物流','B',100,1553911076,1553911076),(39,'baishiwuliu','百世快运','B',100,1553911076,1553911076),(40,'baitengwuliu','百腾物流','B',100,1553911076,1553911076),(41,'birdex','笨鸟海淘','B',100,1553911076,1553911076),(42,'bsht','百事亨通','B',100,1553911076,1553911076),(43,'benteng','奔腾物流','B',100,1553911076,1553911076),(44,'cuckooexpess','布谷鸟速递','B',100,1553911076,1553911076),(45,'bgky100','邦工快运','B',100,1553911076,1553911076),(46,'bosind','堡昕德速递','B',100,1553911076,1553911076),(47,'banma','斑马物联网','B',100,1553911076,1553911076),(48,'polarisexpress','北极星快运','B',100,1553911076,1553911076),(49,'beijingfengyue','北京丰越供应链','B',100,1553911076,1553911076),(50,'europe8','败欧洲','B',100,1553911076,1553911076),(51,'bmlchina','标杆物流','B',100,1553911076,1553911076),(52,'comexpress','邦通国际','B',100,1553911076,1553911076),(53,'baotongkd','宝通快递','B',100,1553911076,1553911076),(54,'beckygo','佰麒快递','B',100,1553911076,1553911076),(55,'boyol','贝业物流','B',100,1553911076,1553911076),(56,'bdatong','八达通快递','B',100,1553911076,1553911076),(57,'bangbangpost','帮帮发','B',100,1553911076,1553911076),(58,'baoxianda','报通快递','B',100,1553911076,1553911076),(59,'coe','中国东方(COE)','Z',100,1553911076,1553911076),(60,'cloudexpress','CE易欧通国际速递','C',100,1553911076,1553911076),(61,'city100','城市100','C',100,1553911076,1553911076),(62,'chuanxiwuliu','传喜物流','C',100,1553911076,1553911076),(63,'chengjisudi','城际速递','C',100,1553911076,1553911076),(64,'lijisong','立即送','L',100,1553911076,1553911076),(65,'chukou1','出口易','C',100,1553911076,1553911076),(66,'nanjingshengbang','晟邦物流','C',100,1553911076,1553911076),(67,'flyway','程光快递','C',100,1553911076,1553911076),(68,'cbo56','钏博物流','C',100,1553911076,1553911076),(69,'cex','城铁速递','C',100,1553911076,1553911076),(70,'cnup','CNUP 中联邮','C',100,1553911076,1553911076),(71,'clsp','CL日中速运','C',100,1553911076,1553911076),(72,'cnair','CNAIR','C',100,1553911076,1553911076),(73,'cangspeed','仓鼠快递','C',100,1553911076,1553911076),(74,'spring56','春风物流','C',100,1553911076,1553911076),(75,'cunto','村通快递','C',100,1553911076,1553911076),(76,'longvast','长风物流','C',100,1553911076,1553911076),(77,'changjiang','长江国际速递','C',100,1553911076,1553911076),(78,'cncexp','C&C国际速递','C',100,1553911076,1553911076),(79,'parcelchina','诚一物流','C',100,1553911076,1553911076),(80,'chengtong','城通物流','C',100,1553911076,1553911076),(81,'otpexpress','承诺达','C',100,1553911076,1553911076),(82,'sfpost','曹操到','C',100,1553911076,1553911076),(83,'changwooair','昌宇国际','C',100,1553911076,1553911076),(84,'dhl','DHL快递（中国件）','D',100,1553911076,1553911076),(85,'dhlen','DHL（国际件）','D',100,1553911076,1553911076),(86,'dhlde','DHL（德国件）','D',100,1553911076,1553911076),(87,'dtwl','大田物流','D',100,1553911076,1553911076),(88,'disifang','递四方','D',100,1553911076,1553911076),(89,'dayangwuliu','大洋物流','D',100,1553911076,1553911076),(90,'dechuangwuliu','德创物流','D',100,1553911076,1553911076),(91,'dskd','D速物流','D',100,1553911076,1553911076),(92,'donghanwl','东瀚物流','D',100,1553911076,1553911076),(93,'dfpost','达方物流','D',100,1553911076,1553911076),(94,'dongjun','东骏快捷物流','D',100,1553911076,1553911076),(95,'dindon','叮咚澳洲转运','D',100,1553911076,1553911076),(96,'dazhong','大众佐川急便','D',100,1553911076,1553911076),(97,'ahdf','德方物流','D',100,1553911076,1553911076),(98,'dehaoyi','德豪驿','D',100,1553911076,1553911076),(99,'dhlpaket','DHL Paket','D',100,1553911076,1553911076),(100,'ubuy','德国优拜物流','D',100,1553911076,1553911076),(101,'adlerlogi','德国雄鹰速递','D',100,1553911076,1553911076),(102,'yunexpress','德国云快递','D',100,1553911076,1553911076),(103,'di5pll','递五方云仓','D',100,1553911076,1553911076),(104,'deguo8elog','德国八易转运','D',100,1553911076,1553911076),(105,'camekong','到了港','D',100,1553911076,1553911076),(106,'dbstation','db-station','D',100,1553911076,1553911076),(107,'dadaoex','大道物流','D',100,1553911076,1553911076),(108,'dekuncn','德坤物流','D',100,1553911076,1553911076),(109,'twkd56','缔惠盛合','D',100,1553911076,1553911076),(110,'gslexpress','德尚国际速递','D',100,1553911076,1553911076),(111,'eucpost','德国 EUC POST','D',100,1553911076,1553911076),(112,'est365','东方汇','D',100,1553911076,1553911076),(113,'ecotransite','东西E全运','D',100,1553911076,1553911076),(114,'euexpress','EU-EXPRESS','E',100,1553911076,1553911076),(115,'emsguoji','EMS国际快递查询','E',100,1553911076,1553911076),(116,'eshunda','俄顺达','E',100,1553911076,1553911076),(117,'ewe','EWE全球快递','E',100,1553911076,1553911076),(118,'easyexpress','EASYEXPRESS国际速递','E',100,1553911076,1553911076),(119,'edtexpress','e直运','E',100,1553911076,1553911076),(120,'ecallturn','E跨通','E',100,1553911076,1553911076),(121,'fedex','FedEx快递查询','F',100,1553911076,1553911076),(122,'fedexus','FedEx（美国）','F',100,1553911076,1553911076),(123,'fox','FOX国际速递','F',100,1553911076,1553911076),(124,'rufengda','如风达快递','R',100,1553911076,1553911076),(125,'fkd','飞康达物流','F',100,1553911076,1553911076),(126,'feibaokuaidi','飞豹快递','F',100,1553911076,1553911076),(127,'fandaguoji','颿达国际','F',100,1553911076,1553911076),(128,'feiyuanvipshop','飞远配送','F',100,1553911076,1553911076),(129,'hnfy','飞鹰物流','F',100,1553911076,1553911076),(130,'fengxingtianxia','风行天下','F',100,1553911076,1553911076),(131,'flysman','飞力士物流','F',100,1553911076,1553911076),(132,'fbkd','飞邦快递','F',100,1553911076,1553911076),(133,'sccod','丰程物流','F',100,1553911076,1553911076),(134,'crazyexpress','疯狂快递','F',100,1553911076,1553911076),(135,'ftlexpress','法翔速运','F',100,1553911076,1553911076),(136,'ftd','富腾达快递','F',100,1553911076,1553911076),(137,'arkexpress','方舟国际速递','F',100,1553911076,1553911076),(138,'fedroad','FedRoad 联邦转运','F',100,1553911076,1553911076),(139,'freakyquick','FQ狂派速递','F',100,1553911076,1553911076),(140,'fecobv','丰客物流','F',100,1553911076,1553911076),(141,'fyex','飞云快递系统','F',100,1553911076,1553911076),(142,'beebird','锋鸟物流','F',100,1553911076,1553911076),(143,'shipgce','飞洋快递','F',100,1553911076,1553911076),(144,'koali','番薯国际货运','F',100,1553911076,1553911076),(145,'epanex','泛捷国际速递','F',100,1553911076,1553911076),(146,'gaticn','GATI快递','G',100,1553911076,1553911076),(147,'gts','GTS快递','G',100,1553911076,1553911076),(148,'guotongkuaidi','国通快递','G',100,1553911076,1553911076),(149,'ndkd','能达速递','N',100,1553911076,1553911076),(150,'gongsuda','共速达','G',100,1553911076,1553911076),(151,'gtongsudi','广通速递（山东）','G',100,1553911076,1553911076),(152,'suteng','速腾物流','S',100,1553911076,1553911076),(153,'gdkd','港快速递','G',100,1553911076,1553911076),(154,'hre','高铁速递','G',100,1553911076,1553911076),(155,'gscq365','哥士传奇速递','G',100,1553911076,1553911076),(156,'gjwl','冠捷物流','G',100,1553911076,1553911076),(157,'xdshipping','国晶物流','G',100,1553911076,1553911076),(158,'ge2d','GE2D跨境物流','G',100,1553911076,1553911076),(159,'gaotieex','高铁快运','G',100,1553911076,1553911076),(160,'gansuandi','甘肃安的快递','G',100,1553911076,1553911076),(161,'gdct56','广东诚通物流','G',100,1553911076,1553911076),(162,'ghtexpress','GHT物流','G',100,1553911076,1553911076),(163,'goldjet','高捷快运','G',100,1553911076,1553911076),(164,'gtgogo','GT国际快运','G',100,1553911076,1553911076),(165,'gxwl','光线速递','G',100,1553911076,1553911076),(166,'tdhy','华宇物流','H',100,1553911076,1553911076),(167,'hl','恒路物流','H',100,1553911076,1553911076),(168,'hlyex','好来运快递','H',100,1553911076,1553911076),(169,'hebeijianhua','河北建华','H',100,1553911076,1553911076),(170,'huaqikuaiyun','华企快运','H',100,1553911076,1553911076),(171,'haosheng','昊盛物流','H',100,1553911076,1553911076),(172,'hutongwuliu','户通物流','H',100,1553911076,1553911076),(173,'hzpl','华航快递','H',100,1553911076,1553911076),(174,'huangmajia','黄马甲快递','H',100,1553911076,1553911076),(175,'ucs','合众速递（UCS）','H',100,1553911076,1553911076),(176,'pfcexpress','皇家物流','H',100,1553911076,1553911076),(177,'huoban','伙伴物流','H',100,1553911076,1553911076),(178,'nedahm','红马速递','H',100,1553911076,1553911076),(179,'huiwen','汇文配送','H',100,1553911076,1553911076),(180,'nmhuahe','华赫物流','H',100,1553911076,1553911076),(181,'hjs','猴急送','H',100,1553911076,1553911076),(182,'hangyu','航宇快递','H',100,1553911076,1553911076),(183,'huilian','辉联物流','H',100,1553911076,1553911076),(184,'huanqiu','环球速运','H',100,1553911076,1553911076),(185,'htwd','华通务达物流','H',100,1553911076,1553911076),(186,'hipito','海派通','H',100,1553911076,1553911076),(187,'hqtd','环球通达','H',100,1553911076,1553911076),(188,'airgtc','航空快递','H',100,1553911076,1553911076),(189,'haoyoukuai','好又快物流','H',100,1553911076,1553911076),(190,'ccd','河南次晨达','H',100,1553911076,1553911076),(191,'hfwuxi','和丰同城','H',100,1553911076,1553911076),(192,'higo','黑狗物流','H',100,1553911076,1553911076),(193,'hyytes','恒宇运通','H',100,1553911076,1553911076),(194,'hengrui56','恒瑞物流','H',100,1553911076,1553911076),(195,'hangrui','上海航瑞货运','S',100,1553911076,1553911076),(196,'ghl','环创物流','H',100,1553911076,1553911076),(197,'hnqst','河南全速通','H',100,1553911076,1553911076),(198,'hitaoe','Hi淘易快递','H',100,1553911076,1553911076),(199,'hhair56','华瀚快递','H',100,1553911076,1553911076),(200,'haimibuy','海米派物流','H',100,1553911076,1553911076),(201,'ht22','海淘物流','H',100,1553911076,1553911076),(202,'hivewms','海沧无忧','H',100,1553911076,1553911076),(203,'hnht56','鸿泰物流','H',100,1553911076,1553911076),(204,'hsgtsd','海硕高铁速递','H',100,1553911076,1553911076),(205,'hltop','海联快递','H',100,1553911076,1553911076),(206,'hlkytj','互联快运','H',100,1553911076,1553911076),(207,'haidaibao','海带宝转运','H',100,1553911076,1553911076),(208,'flowerkd','花瓣转运','H',100,1553911076,1553911076),(209,'heimao56','黑猫速运','H',100,1553911076,1553911076),(210,'logistics','華信物流WTO','H',100,1553911076,1553911076),(211,'hgy56','环国运物流','H',100,1553911076,1553911076),(212,'iparcel','i-parcel','I',100,1553911076,1553911076),(213,'jjwl','佳吉物流','J',100,1553911076,1553911076),(214,'jywl','佳怡物流','J',100,1553911076,1553911076),(215,'jymwl','加运美快递','J',100,1553911076,1553911076),(216,'jxd','急先达物流','J',100,1553911076,1553911076),(217,'jgsd','京广速递快件','J',100,1553911076,1553911076),(218,'jykd','晋越快递','J',100,1553911076,1553911076),(219,'jd','京东物流','J',100,1553911076,1553911076),(220,'jietekuaidi','捷特快递','J',100,1553911076,1553911076),(221,'jiuyicn','久易快递','J',100,1553911076,1553911076),(222,'jiuyescm','九曳供应链','J',100,1553911076,1553911076),(223,'junfengguoji','骏丰国际速递','J',100,1553911076,1553911076),(224,'jiajiatong56','佳家通','J',100,1553911076,1553911076),(225,'jrypex','吉日优派','J',100,1553911076,1553911076),(226,'jinchengwuliu','锦程国际物流','J',100,1553911076,1553911076),(227,'jgwl','景光物流','J',100,1553911076,1553911076),(228,'pzhjst','急顺通','J',100,1553911076,1553911076),(229,'ruexp','捷网俄全通','J',100,1553911076,1553911076),(230,'jialidatong','嘉里大通','J',100,1553911076,1553911076),(231,'jmjss','金马甲','J',100,1553911076,1553911076),(232,'jiacheng','佳成快递','J',100,1553911076,1553911076),(233,'jsexpress','骏绅物流','J',100,1553911076,1553911076),(234,'hrex','锦程快递','J',100,1553911076,1553911076),(235,'jieanda','捷安达国际速递','J',100,1553911076,1553911076),(236,'newsway','家家通快递','J',100,1553911076,1553911076),(237,'mapleexpress','今枫国际快运','J',100,1553911076,1553911076),(238,'jixiangyouau','吉祥邮（澳洲）','J',100,1553911076,1553911076),(239,'jjx888','佳捷翔物流','J',100,1553911076,1553911076),(240,'polarexpress','极地快递','J',100,1553911076,1553911076),(241,'jiazhoumao','加州猫速递','J',100,1553911076,1553911076),(242,'juzhongda','聚中大','J',100,1553911076,1553911076),(243,'jieborne','捷邦物流','J',100,1553911076,1553911076),(244,'jxfex','集先锋速递','J',100,1553911076,1553911076),(245,'jiugong','九宫物流','J',100,1553911076,1553911076),(246,'jiujiuwl','久久物流','J',100,1553911076,1553911076),(247,'jintongkd','劲通快递','J',100,1553911076,1553911076),(248,'jcsuda','嘉诚速达','J',100,1553911076,1553911076),(249,'jingshun','景顺物流','J',100,1553911076,1553911076),(250,'fastontime','加拿大联通快运','J',100,1553911076,1553911076),(251,'khzto','柬埔寨中通','J',100,1553911076,1553911076),(252,'kjkd','快捷快递','K',100,1553911076,1553911076),(253,'kangliwuliu','康力物流','K',100,1553911076,1553911076),(254,'kuayue','跨越速运','K',100,1553911076,1553911076),(255,'kuaiyouda','快优达速递','K',100,1553911076,1553911076),(256,'happylink','开心快递','K',100,1553911076,1553911076),(257,'ksudi','快速递','K',100,1553911076,1553911076),(258,'kyue','跨跃国际','K',100,1553911076,1553911076),(259,'kfwnet','快服务','K',100,1553911076,1553911076),(260,'kuai8','快8速运','K',100,1553911076,1553911076),(261,'kuaidawuliu','快达物流','K',100,1553911076,1553911076),(262,'lianb','联邦快递（国内）','L',100,1553911076,1553911076),(263,'lhtwl','联昊通物流','L',100,1553911076,1553911076),(264,'lb','龙邦速递','L',100,1553911076,1553911076),(265,'lejiedi','乐捷递','L',100,1553911076,1553911076),(266,'lanhukuaidi','蓝弧快递','L',100,1553911076,1553911076),(267,'ltexp','乐天速递','L',100,1553911076,1553911076),(268,'lutong','鲁通快运','L',100,1553911076,1553911076),(269,'ledii','乐递供应链','L',100,1553911076,1553911076),(270,'lundao','论道国际物流','L',100,1553911076,1553911076),(271,'lasy56','林安物流','L',100,1553911076,1553911076),(272,'lsexpress','6LS EXPRESS','L',100,1553911076,1553911076),(273,'szuem','联运通物流','L',100,1553911076,1553911076),(274,'blueskyexpress','蓝天国际航空快递','L',100,1553911076,1553911076),(275,'lfexpress','龙枫国际速递','L',100,1553911076,1553911076),(276,'gslhkd','联合快递','L',100,1553911076,1553911076),(277,'longfx','龙飞祥快递','L',100,1553911076,1553911076),(278,'luben','陆本速递 LUBEN EXPRESS','L',100,1553911076,1553911076),(279,'unitedex','联合速运','L',100,1553911076,1553911076),(280,'lbex','龙邦物流','L',100,1553911076,1553911076),(281,'ltparcel','联通快递','L',100,1553911076,1553911076),(282,'macroexpressco','ME物流','M',100,1553911076,1553911076),(283,'mh','民航快递','M',100,1553911076,1553911076),(284,'meiguokuaidi','美国快递','M',100,1553911076,1553911076),(285,'menduimen','门对门','M',100,1553911076,1553911076),(286,'mingliangwuliu','明亮物流','M',100,1553911076,1553911076),(287,'minbangsudi','民邦速递','M',100,1553911076,1553911076),(288,'minshengkuaidi','闽盛快递','M',100,1553911076,1553911076),(289,'yundaexus','美国韵达','M',100,1553911076,1553911076),(290,'mchy','木春货运','M',100,1553911076,1553911076),(291,'meiquick','美快国际物流','M',100,1553911076,1553911076),(292,'valueway','美通快递','M',100,1553911076,1553911076),(293,'cnmcpl','马珂博逻','M',100,1553911076,1553911076),(294,'mailongdy','迈隆递运','M',100,1553911076,1553911076),(295,'zsmhwl','明辉物流','M',100,1553911076,1553911076),(296,'mosuda','魔速达','M',100,1553911076,1553911076),(297,'meibang','美邦国际快递','M',100,1553911076,1553911076),(298,'nuoyaao','偌亚奥国际','N',100,1553911076,1553911076),(299,'nuoer','诺尔国际物流','N',100,1553911076,1553911076),(300,'nell','尼尔快递','N',100,1553911076,1553911076),(301,'ndwl','南方传媒物流','N',100,1553911076,1553911076),(302,'canhold','能装能送','N',100,1553911076,1553911076),(303,'wanjiatong','宁夏万家通','N',100,1553911076,1553911076),(304,'nlebv','欧亚专线','O',100,1553911076,1553911076),(305,'oborexpress','OBOR Express','O',100,1553911076,1553911076),(306,'pcaexpress','PCA Express','P',100,1553911076,1553911076),(307,'pingandatengfei','平安达腾飞','P',100,1553911076,1553911076),(308,'peixingwuliu','陪行物流','P',100,1553911076,1553911076),(309,'pengyuanexpress','鹏远国际速递','P',100,1553911076,1553911076),(310,'postelbe','PostElbe','P',100,1553911076,1553911076),(311,'papascm','啪啪供应链','P',100,1553911076,1553911076),(312,'bazirim','皮牙子快递','P',100,1553911076,1553911076),(313,'qfkd','全峰快递','Q',100,1553911076,1553911076),(314,'qy','全一快递','Q',100,1553911076,1553911076),(315,'qrt','全日通快递','Q',100,1553911076,1553911076),(316,'qckd','全晨快递','Q',100,1553911076,1553911076),(317,'sevendays','7天连锁物流','Q',100,1553911076,1553911076),(318,'qbexpress','秦邦快运','Q',100,1553911076,1553911076),(319,'quanxintong','全信通快递','Q',100,1553911076,1553911076),(320,'quansutong','全速通国际快递','Q',100,1553911076,1553911076),(321,'qinyuan','秦远物流','Q',100,1553911076,1553911076),(322,'qichen','启辰国际物流','Q',100,1553911076,1553911076),(323,'quansu','全速快运','Q',100,1553911076,1553911076),(324,'qzx56','全之鑫物流','Q',100,1553911076,1553911076),(325,'qskdyxgs','千顺快递','Q',100,1553911076,1553911076),(326,'zqlwl','青旅物流','Q',100,1553911076,1553911076),(327,'quanchuan56','全川物流','Q',100,1553911076,1553911076),(328,'quantwl','全通快运','Q',100,1553911076,1553911076),(329,'yatexpress','乾坤物流','Q',100,1553911076,1553911076),(330,'guexp','全联速运','Q',100,1553911076,1553911076),(331,'bjqywl','青云物流','Q',100,1553911076,1553911076),(332,'signedexpress','签收快递','Q',100,1553911076,1553911076),(333,'express7th','7号速递','Q',100,1553911076,1553911076),(334,'riyuwuliu','日昱物流','R',100,1553911076,1553911076),(335,'rfsd','瑞丰速递','R',100,1553911076,1553911076),(336,'rrs','日日顺物流','R',100,1553911076,1553911076),(337,'rytsd','日益通速递','R',100,1553911076,1553911076),(338,'rrskx','日日顺快线','R',100,1553911076,1553911076),(339,'gdrz58','容智快运','R',100,1553911076,1553911076),(340,'rrthk','日日通国际','R',100,1553911076,1553911076),(341,'homecourier','如家国际快递','R',100,1553911076,1553911076),(342,'sewl','速尔快递','S',100,1553911076,1553911076),(343,'haihongwangsong','山东海红','S',100,1553911076,1553911076),(344,'sh','盛辉物流','S',100,1553911076,1553911076),(345,'sfwl','盛丰物流','S',100,1553911076,1553911076),(346,'shiyunkuaidi','世运快递','S',100,1553911076,1553911076),(347,'shangda','上大物流','S',100,1553911076,1553911076),(348,'stsd','三态速递','S',100,1553911076,1553911076),(349,'saiaodi','赛澳递','S',100,1553911076,1553911076),(350,'ewl','申通E物流','S',100,1553911076,1553911076),(351,'shenganwuliu','圣安物流','S',100,1553911076,1553911076),(352,'sxhongmajia','山西红马甲','S',100,1553911076,1553911076),(353,'suijiawuliu','穗佳物流','S',100,1553911076,1553911076),(354,'syjiahuier','沈阳佳惠尔','S',100,1553911076,1553911076),(355,'shlindao','上海林道货运','S',100,1553911076,1553911076),(356,'sfift','十方通物流','S',100,1553911076,1553911076),(357,'shunjiefengda','顺捷丰达','S',100,1553911076,1553911076),(358,'subida','速必达物流','S',100,1553911076,1553911076),(359,'stcd','速通成达物流','S',100,1553911076,1553911076),(360,'stkd','顺通快递','S',100,1553911076,1553911076),(361,'sendtochina','速递中国','S',100,1553911076,1553911076),(362,'sihaiet','四海快递','S',100,1553911076,1553911076),(363,'staky','首通快运','S',100,1553911076,1553911076),(364,'hnssd56','顺时达物流','S',100,1553911076,1553911076),(365,'superb','Superb Grace','S',100,1553911076,1553911076),(366,'sfjhd','圣飞捷快递','S',100,1553911076,1553911076),(367,'sofast56','嗖一下同城快递','S',100,1553911076,1553911076),(368,'s2c','S2C','S',100,1553911076,1553911076),(369,'chinasqk','SQK国际速递','S',100,1553911076,1553911076),(370,'shunshid','顺士达速运','S',100,1553911076,1553911076),(371,'synship','SYNSHIP快递','S',100,1553911076,1553911076),(372,'shandiantu','闪电兔','S',100,1553911076,1553911076),(373,'sdsy888','首达速运','S',100,1553911076,1553911076),(374,'sczpds','速呈宅配','S',100,1553911076,1553911076),(375,'sureline','Sureline冠泰','S',100,1553911076,1553911076),(376,'stosolution','申通国际','S',100,1553911076,1553911076),(377,'sycawl','狮爱高铁物流','S',100,1553911076,1553911076),(378,'sxexpress','三象速递','S',100,1553911076,1553911076),(379,'shangqiao56','商桥物流','S',100,1553911076,1553911076),(380,'shd56','商海德物流','S',100,1553911076,1553911076),(381,'shenma','神马快递','S',100,1553911076,1553911076),(382,'sihiexpress','四海捷运','S',100,1553911076,1553911076),(383,'superoz','速配鸥翼','S',100,1553911076,1553911076),(384,'fastgoexpress','速派快递','S',100,1553911076,1553911076),(385,'zjstky','苏通快运','S',100,1553911076,1553911076),(386,'suning','苏宁物流','S',100,1553911076,1553911076),(387,'shaoke','捎客物流','S',100,1553911076,1553911076),(388,'sdto','速达通跨境物流','S',100,1553911076,1553911076),(389,'sut56','速通物流','S',100,1553911076,1553911076),(390,'sundarexpress','顺达快递','S',100,1553911076,1553911076),(391,'sxjdfreight','顺心捷达','S',100,1553911076,1553911076),(392,'shengtongscm','盛通快递','S',100,1553911076,1553911076),(393,'tnt','TNT快递','T',100,1553911076,1553911076),(394,'tt','天天快递','T',100,1553911076,1553911076),(395,'tianzong','天纵物流','T',100,1553911076,1553911076),(396,'chinatzx','同舟行物流','T',100,1553911076,1553911076),(397,'nntengda','腾达速递','T',100,1553911076,1553911076),(398,'sd138','泰国138','T',100,1553911076,1553911076),(399,'tongdaxing','通达兴物流','T',100,1553911076,1553911076),(400,'tlky','天联快运','T',100,1553911076,1553911076),(401,'ibenben','途鲜物流','T',100,1553911076,1553911076),(402,'krtao','淘韩国际快递','T',100,1553911076,1553911076),(403,'lntjs','特急送','T',100,1553911076,1553911076),(404,'tny','TNY物流','T',100,1553911076,1553911076),(405,'djy56','天翔东捷运','T',100,1553911076,1553911076),(406,'guoeryue','天天快物流','T',100,1553911076,1553911076),(407,'tianma','天马迅达','T',100,1553911076,1553911076),(408,'surpassgo','天越物流','T',100,1553911076,1553911076),(409,'tianxiang','天翔快递','T',100,1553911076,1553911076),(410,'tywl99','天翼物流','T',100,1553911076,1553911076),(411,'shpost','同城快寄','T',100,1553911076,1553911076),(412,'humpline','驼峰国际','T',100,1553911076,1553911076),(413,'transrush','TransRush','T',100,1553911076,1553911076),(414,'tstexp','TST速运通','T',100,1553911076,1553911076),(415,'ctoexp','泰国中通CTO','T',100,1553911076,1553911076),(416,'thaizto','泰国中通ZTO','T',100,1553911076,1553911076),(417,'tswlcloud','天使物流云','T',100,1553911076,1553911076),(418,'tzky','铁中快运','T',100,1553911076,1553911076),(419,'tcxbthai','TCXB国际物流','T',100,1553911076,1553911076),(420,'taimek','天美快递','T',100,1553911076,1553911076),(421,'taoplus','淘布斯国际物流','T',100,1553911076,1553911076),(422,'ups','UPS快递查询','U',100,1553911076,1553911076),(423,'yskd','优速快递','Y',100,1553911076,1553911076),(424,'usps','USPS美国邮政','U',100,1553911076,1553911076),(425,'ueq','UEQ快递','U',100,1553911076,1553911076),(426,'uex','UEX国际物流','U',100,1553911076,1553911076),(427,'utaoscm','UTAO 优到','U',100,1553911076,1553911076),(428,'wxwl','万象物流','W',100,1553911076,1553911076),(429,'weitepai','微特派','W',100,1553911076,1553911076),(430,'wjwl','万家物流','W',100,1553911076,1553911076),(431,'wanboex','万博快递','W',100,1553911076,1553911076),(432,'wtdchina','威时沛运','W',100,1553911076,1553911076),(433,'wzhaunyun','微转运','W',100,1553911076,1553911076),(434,'gswtkd','万通快递','W',100,1553911076,1553911076),(435,'wandougongzhu','豌豆物流','W',100,1553911076,1553911076),(436,'wjkwl','万家康物流','W',100,1553911076,1553911076),(437,'vps','维普恩物流','W',100,1553911076,1553911076),(438,'wykjt','51跨境通','W',100,1553911076,1553911076),(439,'wherexpess','威盛快递','W',100,1553911076,1553911076),(440,'weilaimingtian','未来明天快递','W',100,1553911076,1553911076),(441,'wdm','万达美','W',100,1553911076,1553911076),(442,'wto56kj','温通物流','W',100,1553911076,1553911076),(443,'56kuaiyun','五六快运','W',100,1553911076,1553911076),(444,'wowvip','沃埃家','W',100,1553911076,1553911076),(445,'grivertek','潍鸿','W',100,1553911076,1553911076),(446,'xbwl','新邦物流','X',100,1553911076,1553911076),(447,'xfwl','信丰物流','X',100,1553911076,1553911076),(448,'newegg','新蛋物流','X',100,1553911076,1553911076),(449,'xianglongyuntong','祥龙运通物流','X',100,1553911076,1553911076),(450,'xianchengliansudi','西安城联速递','X',100,1553911076,1553911076),(451,'xilaikd','喜来快递','X',100,1553911076,1553911076),(452,'xsrd','鑫世锐达','X',100,1553911076,1553911076),(453,'xtb','鑫通宝物流','X',100,1553911076,1553911076),(454,'xintianjie','信天捷快递','X',100,1553911076,1553911076),(455,'xaetc','西安胜峰','X',100,1553911076,1553911076),(456,'xianfeng','先锋快递','X',100,1553911076,1553911076),(457,'sunspeedy','新速航','X',100,1553911076,1553911076),(458,'xipost','西邮寄','X',100,1553911076,1553911076),(459,'sinatone','信联通','X',100,1553911076,1553911076),(460,'sunjex','新杰物流','X',100,1553911076,1553911076),(461,'alog','心怡物流','X',100,1553911076,1553911076),(462,'csxss','新时速物流','X',100,1553911076,1553911076),(463,'xiangteng','翔腾物流','X',100,1553911076,1553911076),(464,'westwing','西翼物流','X',100,1553911076,1553911076),(465,'littlebearbear','小熊物流','X',100,1553911076,1553911076),(466,'huanqiuabc','中国香港环球快运','Z',100,1553911076,1553911076),(467,'xinning','新宁物流','X',100,1553911076,1553911076),(468,'wlwex','星空国际','X',100,1553911076,1553911076),(469,'yyexp','西安运逸快递','X',100,1553911076,1553911076),(470,'xiyoug','西游寄','X',100,1553911076,1553911076),(471,'xlobo','xLobo','X',100,1553911076,1553911076),(472,'xunsuexpress','迅速快递','X',100,1553911076,1553911076),(473,'whgjkd','香港伟豪国际物流','X',100,1553911076,1553911076),(474,'xyd666','鑫远东速运','X',100,1553911076,1553911076),(475,'xdexpress','迅达速递','X',100,1553911076,1553911076),(476,'ytkd','运通快递','Y',100,1553911076,1553911076),(477,'ycwl','远成物流','Y',100,1553911076,1553911076),(478,'yfsd','亚风速递','Y',100,1553911076,1553911076),(479,'yishunhang','亿顺航','Y',100,1553911076,1553911076),(480,'yfwl','越丰物流','Y',100,1553911076,1553911076),(481,'yad','源安达快递','Y',100,1553911076,1553911076),(482,'yfh','原飞航物流','Y',100,1553911076,1553911076),(483,'yinjiesudi','银捷速递','Y',100,1553911076,1553911076),(484,'yitongfeihong','一统飞鸿','Y',100,1553911076,1553911076),(485,'yuxinwuliu','宇鑫物流','Y',100,1553911076,1553911076),(486,'yitongda','易通达','Y',100,1553911076,1553911076),(487,'youbijia','邮必佳','Y',100,1553911076,1553911076),(488,'yiqiguojiwuliu','一柒物流','Y',100,1553911076,1553911076),(489,'yinsu','音素快运','Y',100,1553911076,1553911076),(490,'yilingsuyun','亿领速运','Y',100,1553911076,1553911076),(491,'yujiawuliu','煜嘉物流','Y',100,1553911076,1553911076),(492,'gml','英脉物流','Y',100,1553911076,1553911076),(493,'leopard','云豹国际货运','Y',100,1553911076,1553911076),(494,'czwlyn','云南中诚','Y',100,1553911076,1553911076),(495,'sdyoupei','优配速运','Y',100,1553911076,1553911076),(496,'yongchang','永昌物流','Y',100,1553911076,1553911076),(497,'yufeng','御风速运','Y',100,1553911076,1553911076),(498,'yousutongda','优速通达','Y',100,1553911076,1553911076),(499,'yongwangda','永旺达快递','Y',100,1553911076,1553911076),(500,'yingchao','英超物流','Y',100,1553911076,1553911076),(501,'edlogistics','益递物流','Y',100,1553911076,1553911076),(502,'yjxlm','宜家行','Y',100,1553911076,1553911076),(503,'onehcang','一号仓','Y',100,1553911076,1553911076),(504,'ycgky','远成快运','Y',100,1553911076,1553911076),(505,'yunfeng56','韵丰物流','Y',100,1553911076,1553911076),(506,'iyoungspeed','驿扬国际速运','Y',100,1553911076,1553911076),(507,'zgyzt','一站通快递','Y',100,1553911076,1553911076),(508,'eupackage','易优包裹','Y',100,1553911076,1553911076),(509,'ydglobe','云达通','Y',100,1553911076,1553911076),(510,'el56','YLTD','Y',100,1553911076,1553911076),(511,'yundx','运东西','Y',100,1553911076,1553911076),(512,'yangbaoguo','洋包裹','Y',100,1553911076,1553911076),(513,'uluckex','优联吉运','Y',100,1553911076,1553911076),(514,'ecmscn','易客满','Y',100,1553911076,1553911076),(515,'ubonex','优邦速运','Y',100,1553911076,1553911076),(516,'yue777','玥玛速运','Y',100,1553911076,1553911076),(517,'ywexpress','远为快递','Y',100,1553911076,1553911076),(518,'ezhuanyuan','易转运','Y',100,1553911076,1553911076),(519,'yiqisong','一起送','Y',100,1553911076,1553911076),(520,'yongbangwuliu','永邦国际物流','Y',100,1553911076,1553911076),(521,'yyox','邮客全球速递','Y',100,1553911076,1553911076),(522,'yihangmall','易航物流','Y',100,1553911076,1553911076),(523,'yiouzhou','易欧洲国际物流','Y',100,1553911076,1553911076),(524,'ykouan','洋口岸','Y',100,1553911076,1553911076),(525,'youyou','优优速递','Y',100,1553911076,1553911076),(526,'ytky168','运通快运','Y',100,1553911076,1553911076),(527,'sixroad','易普递','Y',100,1553911076,1553911076),(528,'yourscm','雅澳物流','Y',100,1553911076,1553911076),(529,'euguoji','易邮国际','Y',100,1553911076,1553911076),(530,'uscbexpress','易境达国际物流','Y',100,1553911076,1553911076),(531,'yfsuyun','驭丰速运','Y',100,1553911076,1553911076),(532,'yimidida','壹米滴答','Y',100,1553911076,1553911076),(533,'ugoexpress','邮鸽速运','Y',100,1553911076,1553911076),(534,'youban','邮邦国际','Y',100,1553911076,1553911076),(535,'hkems','云邮跨境快递','Y',100,1553911076,1553911076),(536,'youlai','邮来速递','Y',100,1553911076,1553911076),(537,'eta100','易达国际速递','Y',100,1553911076,1553911076),(538,'yatfai','一辉物流','Y',100,1553911076,1553911076),(539,'yzswuliu','亚洲顺物流','Y',100,1553911076,1553911076),(540,'yifankd','艺凡快递','Y',100,1553911076,1553911076),(541,'mantoo','优能物流','Y',100,1553911076,1553911076),(542,'vctrans','越中国际物流','Y',100,1553911076,1553911076),(543,'yhtlogistics','宇航通物流','Y',100,1553911076,1553911076),(544,'ycgglobal','YCG物流','Y',100,1553911076,1553911076),(545,'yidihui','驿递汇速递','Y',100,1553911076,1553911076),(546,'yuanhhk','远航国际快运','Y',100,1553911076,1553911076),(547,'yiyou','易邮速运','Y',100,1553911076,1553911076),(548,'eusacn','优莎速运','Y',100,1553911076,1553911076),(549,'uhi','优海国际速递','Y',100,1553911076,1553911076),(550,'zjs','宅急送','Z',100,1553911076,1553911076),(551,'ztky','中铁快运','Z',100,1553911076,1553911076),(552,'ztwl','中铁物流','Z',100,1553911076,1553911076),(553,'zywl','中邮物流','Z',100,1553911076,1553911076),(554,'zhimakaimen','芝麻开门','Z',100,1553911076,1553911076),(555,'zhengzhoujianhua','郑州建华','Z',100,1553911076,1553911076),(556,'zhongsukuaidi','中速快件','Z',100,1553911076,1553911076),(557,'zhongtianwanyun','中天万运','Z',100,1553911076,1553911076),(558,'zhongruisudi','中睿速递','Z',100,1553911076,1553911076),(559,'zhongwaiyun','中外运速递','Z',100,1553911076,1553911076),(560,'zengyisudi','增益速递','Z',100,1553911076,1553911076),(561,'sujievip','郑州速捷','Z',100,1553911076,1553911076),(562,'ztong','智通物流','Z',100,1553911076,1553911076),(563,'zhichengtongda','至诚通达快递','Z',100,1553911076,1553911076),(564,'zhdwl','众辉达物流','Z',100,1553911076,1553911076),(565,'kuachangwuliu','直邮易','Z',100,1553911076,1553911076),(566,'topspeedex','中运全速','Z',100,1553911076,1553911076),(567,'otobv','中欧快运','Z',100,1553911076,1553911076),(568,'zsky123','准实快运','Z',100,1553911076,1553911076),(569,'cnws','中国翼','Z',100,1553911076,1553911076),(570,'zytdscm','中宇天地','Z',100,1553911076,1553911076),(571,'zhuanyunsifang','转运四方','Z',100,1553911076,1553911076),(572,'hrbzykd','卓烨快递','Z',100,1553911076,1553911076),(573,'zhuoshikuaiyun','卓实快运','Z',100,1553911076,1553911076),(574,'chinaicip','卓志速运','Z',100,1553911076,1553911076),(575,'ynztsy','纵通速运','Z',100,1553911076,1553911076),(576,'zdepost','直德邮','Z',100,1553911076,1553911076),(577,'chinapostcb','中邮电商','Z',100,1553911076,1553911076),(578,'chunghwa56','中骅物流','Z',100,1553911076,1553911076),(579,'cosco','中远e环球','Z',100,1553911076,1553911076),(580,'zf365','珠峰速运','Z',100,1553911076,1553911076),(581,'zhongtongkuaiyun','中通快运','Z',100,1553911076,1553911076),(582,'eucnrail','中欧国际物流','Z',100,1553911076,1553911076),(583,'chnexp','中翼国际物流','Z',100,1553911076,1553911076),(584,'cccc58','中集冷云','Z',100,1553911076,1553911076),(585,'auvanda','中联速递','Z',100,1553911076,1553911076),(586,'zyzoom','增速跨境','Z',100,1553911076,1553911076),(587,'zhpex','众派速递','Z',100,1553911076,1553911076),(588,'byht','展勤快递','Z',100,1553911076,1553911076),(589,'zhongchuan','众川国际','Z',100,1553911076,1553911076),(590,'zhonghuanus','中环转运','Z',100,1553911076,1553911076),(591,'zhonghuan','中环快递','Z',100,1553911076,1553911076),(592,'uszcn','转运中国','Z',100,1553911076,1553911076),(593,'zhitengwuliu','志腾物流','Z',100,1553911076,1553911076),(594,'zsda56','转瞬达集运','Z',100,1553911076,1553911076),(595,'zjgj56','振捷国际货运','Z',100,1553911076,1553911076);
/*!40000 ALTER TABLE `hw_shop_express` ENABLE KEYS */;

#
# Structure for table "hw_shop_order"
#

DROP TABLE IF EXISTS `hw_shop_order`;
CREATE TABLE `hw_shop_order` (
  `order_id` int(10) unsigned NOT NULL AUTO_INCREMENT COMMENT '订单id',
  `order_code` varchar(20) NOT NULL DEFAULT '' COMMENT '订单编号',
  `users_id` int(11) unsigned NOT NULL DEFAULT '0' COMMENT '会员id',
  `order_status` tinyint(1) NOT NULL DEFAULT '0' COMMENT '订单状态：0未付款(已下单)，1已付款(待发货)，2已发货(待收货)，3已完成(确认收货)，-1订单取消(已关闭)，4订单过期',
  `payment_method` tinyint(1) DEFAULT '0' COMMENT '订单支付方式，0为在线支付，1为货到付款，默认0',
  `pay_time` int(11) unsigned NOT NULL DEFAULT '0' COMMENT '支付时间',
  `pay_name` varchar(20) NOT NULL DEFAULT '' COMMENT '支付方式名称',
  `wechat_pay_type` varchar(20) NOT NULL DEFAULT '' COMMENT '微信支付时，标记使用的支付类型（扫码支付，微信内部，微信H5页面）',
  `pay_details` text COMMENT '支付时返回的数据，以serialize序列化后存入，用于后续查询。',
  `express_order` varchar(32) DEFAULT '' COMMENT '发货物流单号',
  `express_name` varchar(32) DEFAULT '' COMMENT '发货物流名称',
  `express_code` varchar(32) DEFAULT '' COMMENT '发货物流code',
  `express_time` int(11) DEFAULT '0' COMMENT '发货时间',
  `consignee` varchar(30) NOT NULL DEFAULT '' COMMENT '收货人',
  `confirm_time` int(11) DEFAULT '0' COMMENT '收货确认时间',
  `shipping_fee` decimal(10,2) DEFAULT '0.00' COMMENT '订单运费',
  `order_total_amount` decimal(10,2) DEFAULT '0.00' COMMENT '订单总价',
  `order_amount` decimal(10,2) NOT NULL DEFAULT '0.00' COMMENT '应付款金额',
  `order_total_num` int(10) DEFAULT '0' COMMENT '订单总数',
  `country` int(10) unsigned NOT NULL DEFAULT '0' COMMENT '国家',
  `province` int(10) unsigned NOT NULL DEFAULT '0' COMMENT '省份',
  `city` int(10) unsigned NOT NULL DEFAULT '0' COMMENT '城市',
  `district` int(10) unsigned NOT NULL DEFAULT '0' COMMENT '县区',
  `address` varchar(500) NOT NULL DEFAULT '' COMMENT '收货地址',
  `mobile` varchar(20) DEFAULT '' COMMENT '手机',
  `prom_type` tinyint(1) unsigned DEFAULT '0' COMMENT '订单类型：0所有课程，1单节课程',
  `virtual_delivery` text COMMENT '虚拟订单时，卖家发货给买家的回复',
  `admin_note` text COMMENT '管理员操作备注',
  `user_note` text COMMENT '会员备注',
  `lang` varchar(30) DEFAULT 'cn' COMMENT '语言标识',
  `add_time` int(11) unsigned DEFAULT '0' COMMENT '下单时间',
  `update_time` int(11) unsigned DEFAULT '0' COMMENT '更新时间',
  PRIMARY KEY (`order_id`),
  UNIQUE KEY `order_code` (`order_code`),
  KEY `users_id` (`users_id`)
) ENGINE=InnoDB AUTO_INCREMENT=79 DEFAULT CHARSET=utf8 COMMENT='订单主表';

#
# Data for table "hw_shop_order"
#

INSERT INTO `hw_shop_order` VALUES (67,'20191126157473158568',27,0,0,0,'wechat','WeChatInternal',NULL,'','','',0,'',0,0.00,0.01,0.01,1,0,0,0,0,'','',1,NULL,NULL,NULL,'cn',1574731585,0),(68,'20191126157473168279',27,1,0,1574732982,'alipay','','a:17:{s:1:\"m\";s:5:\"index\";s:1:\"c\";s:3:\"Pay\";s:1:\"a\";s:13:\"alipay_return\";s:16:\"transaction_type\";s:1:\"2\";s:16:\"is_ailpay_notify\";s:1:\"2\";s:7:\"charset\";s:5:\"UTF-8\";s:12:\"out_trade_no\";s:20:\"20191126157473168279\";s:6:\"method\";s:27:\"alipay.trade.wap.pay.return\";s:12:\"total_amount\";s:4:\"0.01\";s:4:\"sign\";s:344:\"WluFTtz7V2IFyVhZSWxoaOuoJMH97SptotXoMaKp2CJd/6mv28auqlugn9pwtsjQeh1+NaAUIE2XdCsg95EgPssyLLzkWr00R4UpHbFg3P6qnXiyMVq1sKeT0sg1CjP0QyeKlVeVVpP/Vc/Xnfw6OxpQ15YuVR1hK6LyJ/h8LnqwitwN2DSN/PPxJLkHzctAy0gQ+uQfYDq7nq9SDD/lbCd2Ms2k0iq3qLOCRw7nnmE78jetRWRJyxmvo+oyezvs+g9MXKE19jCgMRLqBc7YDhOiYYrQjb+ZvFxk++wXrj5xe9R6bZFun/jbk/UpWhmhUdCngNk5EV+jqObO1LVtSQ==\";s:8:\"trade_no\";s:28:\"2019112622001473251419615055\";s:11:\"auth_app_id\";s:16:\"2019111269055890\";s:7:\"version\";s:3:\"1.0\";s:6:\"app_id\";s:16:\"2019111269055890\";s:9:\"sign_type\";s:4:\"RSA2\";s:9:\"seller_id\";s:16:\"2088631760353972\";s:9:\"timestamp\";s:19:\"2019-11-26 09:49:40\";}','','','',0,'',0,0.00,0.01,0.01,1,0,0,0,0,'','',1,NULL,NULL,NULL,'cn',1574731682,1574732982),(69,'20191126157473363692',27,0,0,0,'wechat','WeChatInternal',NULL,'','','',0,'',0,0.00,0.00,0.00,1,0,0,0,0,'','',1,NULL,NULL,NULL,'cn',1574733636,0),(70,'20191126157473477575',27,0,0,0,'wechat','WeChatInternal',NULL,'','','',0,'',0,0.00,320.00,320.00,1,0,0,0,0,'','',1,NULL,NULL,NULL,'cn',1574734775,0),(71,'20191128157491943121',27,0,0,0,'','',NULL,'','','',0,'',0,0.00,320.00,320.00,1,0,0,0,0,'','',1,NULL,NULL,NULL,'cn',1574919431,0),(72,'20191128157491955167',27,0,0,0,'','',NULL,'','','',0,'',0,0.00,320.00,320.00,1,0,0,0,0,'','',1,NULL,NULL,NULL,'cn',1574919551,0),(73,'20191206157556296424',37,0,0,0,'','',NULL,'','','',0,'',0,0.00,30.00,30.00,1,0,0,0,0,'','',1,NULL,NULL,NULL,'cn',1575562964,0),(74,'20191206157556641436',37,0,0,0,'','',NULL,'','','',0,'',0,0.00,20.00,20.00,1,0,0,0,0,'','',1,NULL,NULL,NULL,'cn',1575566414,0),(75,'20191206157556669645',37,0,0,0,'','',NULL,'','','',0,'',0,0.00,20.00,20.00,1,0,0,0,0,'','',1,NULL,NULL,NULL,'cn',1575566696,0),(76,'20191206157560086766',37,0,0,0,'','',NULL,'','','',0,'',0,0.00,30.00,30.00,1,0,0,0,0,'','',1,NULL,NULL,NULL,'cn',1575600867,0),(77,'20191206157560203936',37,0,0,0,'','',NULL,'','','',0,'',0,0.00,30.00,30.00,1,0,0,0,0,'','',1,NULL,NULL,NULL,'cn',1575602039,0),(78,'20191206157560213838',37,0,0,0,'','',NULL,'','','',0,'',0,0.00,30.00,30.00,1,0,0,0,0,'','',1,NULL,NULL,NULL,'cn',1575602138,0);

#
# Structure for table "hw_shop_order_details"
#

DROP TABLE IF EXISTS `hw_shop_order_details`;
CREATE TABLE `hw_shop_order_details` (
  `details_id` int(10) unsigned NOT NULL AUTO_INCREMENT COMMENT '自增id',
  `order_id` int(10) DEFAULT '0' COMMENT '订单ID',
  `users_id` int(10) unsigned NOT NULL DEFAULT '0' COMMENT '会员id',
  `product_id` int(10) unsigned NOT NULL DEFAULT '0' COMMENT '产品id',
  `product_name` varchar(100) DEFAULT '' COMMENT '产品名称',
  `num` int(10) DEFAULT '0' COMMENT '单个产品数量',
  `data` text COMMENT '序列化额外数据',
  `product_price` decimal(10,2) NOT NULL DEFAULT '0.00' COMMENT '产品单价',
  `prom_type` tinyint(1) unsigned DEFAULT '0' COMMENT '订单类型：0所有课程，1单节课程',
  `litpic` varchar(500) DEFAULT '' COMMENT '封面图片',
  `lang` varchar(30) NOT NULL DEFAULT 'cn' COMMENT '语言标识',
  `add_time` int(11) unsigned NOT NULL DEFAULT '0' COMMENT '下单时间',
  `update_time` int(11) unsigned NOT NULL DEFAULT '0' COMMENT '更新时间',
  `single_cou_id` int(11) unsigned NOT NULL DEFAULT '0' COMMENT '单课程ID',
  PRIMARY KEY (`details_id`),
  KEY `users_id` (`users_id`)
) ENGINE=InnoDB AUTO_INCREMENT=79 DEFAULT CHARSET=utf8 COMMENT='订单详情表';

#
# Data for table "hw_shop_order_details"
#

INSERT INTO `hw_shop_order_details` VALUES (67,67,27,155,'第一节：移位寄存器',1,NULL,0.01,1,'/uploads/allimg/20191114/1-191114105234336.jpg','cn',1574731585,0,228),(68,68,27,155,'第一节：移位寄存器',1,NULL,0.01,1,'/uploads/allimg/20191114/1-191114105234336.jpg','cn',1574731682,1574732982,228),(69,69,27,169,'手机组态软件',1,NULL,0.00,0,'/uploads/allimg/20191119/1-191119221614913.jpg','cn',1574733636,0,0),(70,70,27,155,'smart-200',1,NULL,320.00,0,'/uploads/allimg/20191114/1-191114105234336.jpg','cn',1574734775,0,0),(71,71,27,155,'smart-200',1,NULL,320.00,0,'/uploads/allimg/20191114/1-191114105234336.jpg','cn',1574919431,0,0),(72,72,27,155,'smart-200',1,NULL,320.00,0,'/uploads/allimg/20191114/1-191114105234336.jpg','cn',1574919551,0,0),(73,73,37,162,'子程序调用',1,NULL,30.00,1,'/uploads/allimg/20191205/1-191205234941428.png','cn',1575562964,0,252),(74,74,37,161,'smart-200 中断',1,NULL,20.00,1,'/uploads/allimg/20191114/1-19111401131G53.png','cn',1575566414,0,253),(75,75,37,161,'smart-200 中断',1,NULL,20.00,1,'/uploads/allimg/20191114/1-19111401131G53.png','cn',1575566696,0,253),(76,76,37,162,'子程序调用',1,NULL,30.00,1,'/uploads/allimg/20191205/1-191205234941428.png','cn',1575600867,0,252),(77,77,37,162,'子程序调用',1,NULL,30.00,1,'/uploads/allimg/20191205/1-191205234941428.png','cn',1575602039,0,252),(78,78,37,162,'子程序调用',1,NULL,30.00,1,'/uploads/allimg/20191205/1-191205234941428.png','cn',1575602138,0,252);

#
# Structure for table "hw_shop_order_log"
#

DROP TABLE IF EXISTS `hw_shop_order_log`;
CREATE TABLE `hw_shop_order_log` (
  `action_id` int(10) unsigned NOT NULL AUTO_INCREMENT COMMENT '自增id',
  `order_id` int(10) unsigned NOT NULL DEFAULT '0' COMMENT '订单ID',
  `users_id` int(10) unsigned NOT NULL DEFAULT '0' COMMENT '会员ID',
  `action_user` int(10) DEFAULT '0' COMMENT '操作人；0:用户操作；1以上:管理员id',
  `order_status` tinyint(1) NOT NULL DEFAULT '0' COMMENT '订单状态，单条记录状态',
  `express_status` tinyint(1) NOT NULL DEFAULT '0' COMMENT '物流状态，0:未发货，1:已发货',
  `pay_status` tinyint(1) NOT NULL DEFAULT '0' COMMENT '支付状态，0:未支付，1:已支付',
  `action_desc` varchar(255) DEFAULT '' COMMENT '状态描述',
  `action_note` varchar(255) NOT NULL DEFAULT '' COMMENT '操作备注',
  `lang` varchar(30) DEFAULT 'cn' COMMENT '语言标识',
  `add_time` int(11) unsigned NOT NULL DEFAULT '0' COMMENT '操作时间',
  `update_time` int(11) unsigned NOT NULL DEFAULT '0' COMMENT '操作时间',
  PRIMARY KEY (`action_id`),
  KEY `order_id` (`order_id`)
) ENGINE=MyISAM AUTO_INCREMENT=107 DEFAULT CHARSET=utf8 COMMENT='订单操作记录表';

#
# Data for table "hw_shop_order_log"
#

/*!40000 ALTER TABLE `hw_shop_order_log` DISABLE KEYS */;
INSERT INTO `hw_shop_order_log` VALUES (3,8,6,0,0,0,0,'提交订单！','会员提交订单成功！','cn',1573550231,0),(94,67,27,0,0,0,0,'提交订单！','会员提交订单成功！','cn',1574731585,0),(95,68,27,0,0,0,0,'提交订单！','会员提交订单成功！','cn',1574731682,0),(96,68,27,0,1,0,1,'支付成功！','会员使用支付宝完成支付！','cn',1574732982,0),(97,69,27,0,0,0,0,'提交订单！','会员提交订单成功！','cn',1574733636,0),(98,70,27,0,0,0,0,'提交订单！','会员提交订单成功！','cn',1574734775,0),(99,71,27,0,0,0,0,'提交订单！','会员提交订单成功！','cn',1574919431,0),(100,72,27,0,0,0,0,'提交订单！','会员提交订单成功！','cn',1574919551,0),(101,73,37,0,0,0,0,'提交订单！','会员提交订单成功！','cn',1575562964,0),(102,74,37,0,0,0,0,'提交订单！','会员提交订单成功！','cn',1575566414,0),(103,75,37,0,0,0,0,'提交订单！','会员提交订单成功！','cn',1575566696,0),(104,76,37,0,0,0,0,'提交订单！','会员提交订单成功！','cn',1575600867,0),(105,77,37,0,0,0,0,'提交订单！','会员提交订单成功！','cn',1575602039,0),(106,78,37,0,0,0,0,'提交订单！','会员提交订单成功！','cn',1575602138,0);
/*!40000 ALTER TABLE `hw_shop_order_log` ENABLE KEYS */;

#
# Structure for table "hw_shop_shipping_template"
#

DROP TABLE IF EXISTS `hw_shop_shipping_template`;
CREATE TABLE `hw_shop_shipping_template` (
  `template_id` int(10) unsigned NOT NULL AUTO_INCREMENT COMMENT '运费模板ID',
  `template_region` varchar(255) NOT NULL DEFAULT '' COMMENT '模板运送区域',
  `template_money` decimal(10,2) unsigned NOT NULL DEFAULT '0.00' COMMENT '模板运费',
  `province_id` int(10) unsigned NOT NULL DEFAULT '0' COMMENT 'region表id',
  `lang` varchar(30) DEFAULT 'cn' COMMENT '语言标识',
  `update_time` int(11) DEFAULT '0' COMMENT '更新时间',
  PRIMARY KEY (`template_id`)
) ENGINE=MyISAM AUTO_INCREMENT=36 DEFAULT CHARSET=utf8 COMMENT='运费模板表';

#
# Data for table "hw_shop_shipping_template"
#

/*!40000 ALTER TABLE `hw_shop_shipping_template` DISABLE KEYS */;
INSERT INTO `hw_shop_shipping_template` VALUES (1,'北京市',0.00,1,'cn',1554775610),(2,'天津市',0.00,338,'cn',1554775610),(3,'河北省',0.00,636,'cn',1554775610),(4,'山西省',0.00,3102,'cn',1554775610),(5,'内蒙古自治区',0.00,4670,'cn',1554775610),(6,'辽宁省',0.00,5827,'cn',1554775610),(7,'吉林省',0.00,7531,'cn',1554775921),(8,'黑龙江省',0.00,8558,'cn',1554775610),(9,'上海市',0.00,10543,'cn',1554775610),(10,'江苏省',0.00,10808,'cn',1554775610),(11,'浙江省',0.00,12596,'cn',1554775610),(12,'安徽省',0.00,14234,'cn',1554775610),(13,'福建省',0.00,16068,'cn',1554775610),(14,'江西省',0.00,17359,'cn',1554775962),(15,'山东省',0.00,19280,'cn',1554775610),(16,'河南省',0.00,21387,'cn',1554775610),(17,'湖北省',0.00,24022,'cn',1554775610),(18,'湖南省',0.00,25579,'cn',1554775610),(19,'广东省',0.00,28240,'cn',1554775610),(20,'广西壮族自治区',0.00,30164,'cn',1554775610),(21,'海南省',0.00,31563,'cn',1555483193),(22,'重庆市',0.00,31929,'cn',1554775610),(23,'四川省',0.00,33007,'cn',1554775610),(24,'贵州省',0.00,37906,'cn',1554775610),(25,'云南省',0.00,39556,'cn',1554775610),(26,'西藏自治区',0.00,41103,'cn',1554775610),(27,'陕西省',0.00,41877,'cn',1554775610),(28,'甘肃省',0.00,43776,'cn',1554775610),(29,'青海省',0.00,45286,'cn',1554775610),(30,'宁夏回族自治区',0.00,45753,'cn',1554775610),(31,'新疆维吾尔自治区',0.00,46047,'cn',1554775610),(32,'台湾省',0.00,47493,'cn',1554775610),(33,'香港特别行政区',0.00,47494,'cn',1554775610),(34,'澳门特别行政区',0.00,47495,'cn',1554775610),(35,'统一配送价格',0.00,100000,'cn',1556618311);
/*!40000 ALTER TABLE `hw_shop_shipping_template` ENABLE KEYS */;

#
# Structure for table "hw_single_content"
#

DROP TABLE IF EXISTS `hw_single_content`;
CREATE TABLE `hw_single_content` (
  `id` int(10) NOT NULL AUTO_INCREMENT,
  `aid` int(10) unsigned NOT NULL DEFAULT '0' COMMENT '文档ID',
  `typeid` int(10) DEFAULT '0' COMMENT '栏目ID',
  `content` longtext COMMENT '内容详情',
  `add_time` int(11) DEFAULT '0' COMMENT '新增时间',
  `update_time` int(11) DEFAULT '0' COMMENT '更新时间',
  PRIMARY KEY (`id`),
  KEY `aid` (`aid`) USING BTREE
) ENGINE=MyISAM AUTO_INCREMENT=19 DEFAULT CHARSET=utf8 COMMENT='单页附加表';

#
# Data for table "hw_single_content"
#

/*!40000 ALTER TABLE `hw_single_content` DISABLE KEYS */;
INSERT INTO `hw_single_content` VALUES (1,1,1,'',1565225189,1565225189),(2,2,8,'&lt;p&gt;公司成立于2003年，总部设在北京中关村高科技产业园，是以AR/VR仿真、交互体验软件为主营业务的国家级高新技术企业。依托某某省工业大学、理工大学等的科研技术，致力于开发虚拟仿真、增强现实、交互式体验、互动传感控制等多方面互动展示技术应用。拥有多项达到国际领先水平的创新型技术和标准化产品，可为客户提供项目策划、整体设计、硬件集成、核心技术研发、定制加工、安装调试、售后维护升级等一站式服务。&lt;/p&gt;&lt;p&gt;打造极速建站只为更好的减速建站平台！&lt;/p&gt;&lt;p&gt;互联网信息公司是国内领先的B2B电子商务服务提供商，依托其核心互联网产品买卖通以及雄厚的传统营销渠道--广告与中国资讯大全、研究院行业分析报告为客户提供线上、线下的全方位服务，这种优势互补，纵横立体的架构，已成为中国B2B行业的典范，对电子商务的发展具有革命性影响。&lt;/p&gt;&lt;p&gt;互联网信息服务有限公司依托某某大学、师范大学等高校，拥有丰富的高校资源、强大的技术优势和广泛的人才来源渠道以及语言服务、网站设计制作、互联网营销经验，同时，其运营省人政府英文门户网站作为湖南省唯一一家英文主流宣传媒体，具备强大的国际化宣传和推广能力，也为我们带来了良好的媒体关系和绝对优势的政府资源。&lt;/p&gt;&lt;p&gt;&lt;br/&gt;&lt;/p&gt;&lt;p&gt;&lt;br/&gt;&lt;/p&gt;',1565161839,1565161839),(3,3,13,'&lt;div yne-bulb-block=&quot;paragraph&quot; style=&quot;box-sizing: border-box; color: rgb(34, 34, 34); font-family: &amp;quot;Segoe UI&amp;quot;, &amp;quot;Lucida Grande&amp;quot;, Helvetica, Arial, &amp;quot;Microsoft YaHei&amp;quot;, FreeSans, Arimo, &amp;quot;Droid Sans&amp;quot;, &amp;quot;wenquanyi micro hei&amp;quot;, &amp;quot;Hiragino Sans GB&amp;quot;, &amp;quot;Hiragino Sans GB W3&amp;quot;, Roboto, Arial, sans-serif; font-size: 18px; white-space: normal;&quot;&gt;针对不同服务器、虚拟空间，运行PHP的环境也有所不同，目前主要分为：Nginx、apache、IIS以及其他服务器。下面分享如何去掉URL上的index.php字符，&lt;span style=&quot;box-sizing: border-box; color: rgb(255, 0, 0);&quot;&gt;记得最后要重启服务器，在管理后台清除缓存哦！&lt;/span&gt;&lt;/div&gt;&lt;div yne-bulb-block=&quot;paragraph&quot; style=&quot;box-sizing: border-box; color: rgb(34, 34, 34); font-family: &amp;quot;Segoe UI&amp;quot;, &amp;quot;Lucida Grande&amp;quot;, Helvetica, Arial, &amp;quot;Microsoft YaHei&amp;quot;, FreeSans, Arimo, &amp;quot;Droid Sans&amp;quot;, &amp;quot;wenquanyi micro hei&amp;quot;, &amp;quot;Hiragino Sans GB&amp;quot;, &amp;quot;Hiragino Sans GB W3&amp;quot;, Roboto, Arial, sans-serif; font-size: 18px; white-space: normal;&quot;&gt;&amp;nbsp;&lt;/div&gt;&lt;div yne-bulb-block=&quot;paragraph&quot; style=&quot;box-sizing: border-box; color: rgb(34, 34, 34); font-family: &amp;quot;Segoe UI&amp;quot;, &amp;quot;Lucida Grande&amp;quot;, Helvetica, Arial, &amp;quot;Microsoft YaHei&amp;quot;, FreeSans, Arimo, &amp;quot;Droid Sans&amp;quot;, &amp;quot;wenquanyi micro hei&amp;quot;, &amp;quot;Hiragino Sans GB&amp;quot;, &amp;quot;Hiragino Sans GB W3&amp;quot;, Roboto, Arial, sans-serif; font-size: 18px; white-space: normal;&quot;&gt;【IIS服务器】&lt;/div&gt;&lt;div yne-bulb-block=&quot;paragraph&quot; style=&quot;box-sizing: border-box; color: rgb(34, 34, 34); font-family: &amp;quot;Segoe UI&amp;quot;, &amp;quot;Lucida Grande&amp;quot;, Helvetica, Arial, &amp;quot;Microsoft YaHei&amp;quot;, FreeSans, Arimo, &amp;quot;Droid Sans&amp;quot;, &amp;quot;wenquanyi micro hei&amp;quot;, &amp;quot;Hiragino Sans GB&amp;quot;, &amp;quot;Hiragino Sans GB W3&amp;quot;, Roboto, Arial, sans-serif; font-size: 18px; white-space: normal;&quot;&gt;在网站根目录下有个 web.config 文件，这个文件的作用是重写URL，让URL变得简短，易于SEO优化，以及用户的记忆。打开 web.config 文件，在原有的基础上加以下代码片段即可。&lt;/div&gt;&lt;div yne-bulb-block=&quot;paragraph&quot; style=&quot;box-sizing: border-box; color: rgb(34, 34, 34); font-family: &amp;quot;Segoe UI&amp;quot;, &amp;quot;Lucida Grande&amp;quot;, Helvetica, Arial, &amp;quot;Microsoft YaHei&amp;quot;, FreeSans, Arimo, &amp;quot;Droid Sans&amp;quot;, &amp;quot;wenquanyi micro hei&amp;quot;, &amp;quot;Hiragino Sans GB&amp;quot;, &amp;quot;Hiragino Sans GB W3&amp;quot;, Roboto, Arial, sans-serif; font-size: 18px; white-space: normal;&quot;&gt;&lt;span style=&quot;box-sizing: border-box; color: rgb(255, 0, 0);&quot;&gt;&amp;lt;rewrite&amp;gt;&lt;/span&gt;&lt;/div&gt;&lt;div yne-bulb-block=&quot;paragraph&quot; style=&quot;box-sizing: border-box; color: rgb(34, 34, 34); font-family: &amp;quot;Segoe UI&amp;quot;, &amp;quot;Lucida Grande&amp;quot;, Helvetica, Arial, &amp;quot;Microsoft YaHei&amp;quot;, FreeSans, Arimo, &amp;quot;Droid Sans&amp;quot;, &amp;quot;wenquanyi micro hei&amp;quot;, &amp;quot;Hiragino Sans GB&amp;quot;, &amp;quot;Hiragino Sans GB W3&amp;quot;, Roboto, Arial, sans-serif; font-size: 18px; white-space: normal;&quot;&gt;&lt;span style=&quot;box-sizing: border-box; color: rgb(255, 0, 0);&quot;&gt;&amp;lt;rules&amp;gt;&lt;/span&gt;&lt;/div&gt;&lt;div yne-bulb-block=&quot;paragraph&quot; style=&quot;box-sizing: border-box; color: rgb(34, 34, 34); font-family: &amp;quot;Segoe UI&amp;quot;, &amp;quot;Lucida Grande&amp;quot;, Helvetica, Arial, &amp;quot;Microsoft YaHei&amp;quot;, FreeSans, Arimo, &amp;quot;Droid Sans&amp;quot;, &amp;quot;wenquanyi micro hei&amp;quot;, &amp;quot;Hiragino Sans GB&amp;quot;, &amp;quot;Hiragino Sans GB W3&amp;quot;, Roboto, Arial, sans-serif; font-size: 18px; white-space: normal;&quot;&gt;&lt;span style=&quot;box-sizing: border-box; color: rgb(255, 0, 0);&quot;&gt;&amp;lt;rule name=&amp;quot;Imported Rule 1&amp;quot; enabled=&amp;quot;true&amp;quot; stopProcessing=&amp;quot;true&amp;quot;&amp;gt;&lt;/span&gt;&lt;/div&gt;&lt;div yne-bulb-block=&quot;paragraph&quot; style=&quot;box-sizing: border-box; color: rgb(34, 34, 34); font-family: &amp;quot;Segoe UI&amp;quot;, &amp;quot;Lucida Grande&amp;quot;, Helvetica, Arial, &amp;quot;Microsoft YaHei&amp;quot;, FreeSans, Arimo, &amp;quot;Droid Sans&amp;quot;, &amp;quot;wenquanyi micro hei&amp;quot;, &amp;quot;Hiragino Sans GB&amp;quot;, &amp;quot;Hiragino Sans GB W3&amp;quot;, Roboto, Arial, sans-serif; font-size: 18px; white-space: normal;&quot;&gt;&lt;span style=&quot;box-sizing: border-box; color: rgb(255, 0, 0);&quot;&gt;&amp;lt;match url=&amp;quot;^(.*)$&amp;quot; /&amp;gt;&lt;/span&gt;&lt;/div&gt;&lt;div yne-bulb-block=&quot;paragraph&quot; style=&quot;box-sizing: border-box; color: rgb(34, 34, 34); font-family: &amp;quot;Segoe UI&amp;quot;, &amp;quot;Lucida Grande&amp;quot;, Helvetica, Arial, &amp;quot;Microsoft YaHei&amp;quot;, FreeSans, Arimo, &amp;quot;Droid Sans&amp;quot;, &amp;quot;wenquanyi micro hei&amp;quot;, &amp;quot;Hiragino Sans GB&amp;quot;, &amp;quot;Hiragino Sans GB W3&amp;quot;, Roboto, Arial, sans-serif; font-size: 18px; white-space: normal;&quot;&gt;&lt;span style=&quot;box-sizing: border-box; color: rgb(255, 0, 0);&quot;&gt;&amp;lt;conditions logicalGrouping=&amp;quot;MatchAll&amp;quot;&amp;gt;&lt;/span&gt;&lt;/div&gt;&lt;div yne-bulb-block=&quot;paragraph&quot; style=&quot;box-sizing: border-box; color: rgb(34, 34, 34); font-family: &amp;quot;Segoe UI&amp;quot;, &amp;quot;Lucida Grande&amp;quot;, Helvetica, Arial, &amp;quot;Microsoft YaHei&amp;quot;, FreeSans, Arimo, &amp;quot;Droid Sans&amp;quot;, &amp;quot;wenquanyi micro hei&amp;quot;, &amp;quot;Hiragino Sans GB&amp;quot;, &amp;quot;Hiragino Sans GB W3&amp;quot;, Roboto, Arial, sans-serif; font-size: 18px; white-space: normal;&quot;&gt;&lt;span style=&quot;box-sizing: border-box; color: rgb(255, 0, 0);&quot;&gt;&amp;lt;add input=&amp;quot;{HTTP_HOST}&amp;quot; pattern=&amp;quot;^(.*)$&amp;quot; /&amp;gt;&lt;/span&gt;&lt;/div&gt;&lt;div yne-bulb-block=&quot;paragraph&quot; style=&quot;box-sizing: border-box; color: rgb(34, 34, 34); font-family: &amp;quot;Segoe UI&amp;quot;, &amp;quot;Lucida Grande&amp;quot;, Helvetica, Arial, &amp;quot;Microsoft YaHei&amp;quot;, FreeSans, Arimo, &amp;quot;Droid Sans&amp;quot;, &amp;quot;wenquanyi micro hei&amp;quot;, &amp;quot;Hiragino Sans GB&amp;quot;, &amp;quot;Hiragino Sans GB W3&amp;quot;, Roboto, Arial, sans-serif; font-size: 18px; white-space: normal;&quot;&gt;&lt;span style=&quot;box-sizing: border-box; color: rgb(255, 0, 0);&quot;&gt;&amp;lt;add input=&amp;quot;{REQUEST_FILENAME}&amp;quot; matchType=&amp;quot;IsFile&amp;quot; negate=&amp;quot;true&amp;quot; /&amp;gt;&lt;/span&gt;&lt;/div&gt;&lt;div yne-bulb-block=&quot;paragraph&quot; style=&quot;box-sizing: border-box; color: rgb(34, 34, 34); font-family: &amp;quot;Segoe UI&amp;quot;, &amp;quot;Lucida Grande&amp;quot;, Helvetica, Arial, &amp;quot;Microsoft YaHei&amp;quot;, FreeSans, Arimo, &amp;quot;Droid Sans&amp;quot;, &amp;quot;wenquanyi micro hei&amp;quot;, &amp;quot;Hiragino Sans GB&amp;quot;, &amp;quot;Hiragino Sans GB W3&amp;quot;, Roboto, Arial, sans-serif; font-size: 18px; white-space: normal;&quot;&gt;&lt;span style=&quot;box-sizing: border-box; color: rgb(255, 0, 0);&quot;&gt;&amp;lt;add input=&amp;quot;{REQUEST_FILENAME}&amp;quot; matchType=&amp;quot;IsDirectory&amp;quot; negate=&amp;quot;true&amp;quot; /&amp;gt;&lt;/span&gt;&lt;/div&gt;&lt;div yne-bulb-block=&quot;paragraph&quot; style=&quot;box-sizing: border-box; color: rgb(34, 34, 34); font-family: &amp;quot;Segoe UI&amp;quot;, &amp;quot;Lucida Grande&amp;quot;, Helvetica, Arial, &amp;quot;Microsoft YaHei&amp;quot;, FreeSans, Arimo, &amp;quot;Droid Sans&amp;quot;, &amp;quot;wenquanyi micro hei&amp;quot;, &amp;quot;Hiragino Sans GB&amp;quot;, &amp;quot;Hiragino Sans GB W3&amp;quot;, Roboto, Arial, sans-serif; font-size: 18px; white-space: normal;&quot;&gt;&lt;span style=&quot;box-sizing: border-box; color: rgb(255, 0, 0);&quot;&gt;&amp;lt;/conditions&amp;gt;&lt;/span&gt;&lt;/div&gt;&lt;div yne-bulb-block=&quot;paragraph&quot; style=&quot;box-sizing: border-box; color: rgb(34, 34, 34); font-family: &amp;quot;Segoe UI&amp;quot;, &amp;quot;Lucida Grande&amp;quot;, Helvetica, Arial, &amp;quot;Microsoft YaHei&amp;quot;, FreeSans, Arimo, &amp;quot;Droid Sans&amp;quot;, &amp;quot;wenquanyi micro hei&amp;quot;, &amp;quot;Hiragino Sans GB&amp;quot;, &amp;quot;Hiragino Sans GB W3&amp;quot;, Roboto, Arial, sans-serif; font-size: 18px; white-space: normal;&quot;&gt;&lt;span style=&quot;box-sizing: border-box; color: rgb(255, 0, 0);&quot;&gt;&amp;lt;action type=&amp;quot;Rewrite&amp;quot; url=&amp;quot;index.php/{R:1}&amp;quot; /&amp;gt;&lt;/span&gt;&lt;/div&gt;&lt;div yne-bulb-block=&quot;paragraph&quot; style=&quot;box-sizing: border-box; color: rgb(34, 34, 34); font-family: &amp;quot;Segoe UI&amp;quot;, &amp;quot;Lucida Grande&amp;quot;, Helvetica, Arial, &amp;quot;Microsoft YaHei&amp;quot;, FreeSans, Arimo, &amp;quot;Droid Sans&amp;quot;, &amp;quot;wenquanyi micro hei&amp;quot;, &amp;quot;Hiragino Sans GB&amp;quot;, &amp;quot;Hiragino Sans GB W3&amp;quot;, Roboto, Arial, sans-serif; font-size: 18px; white-space: normal;&quot;&gt;&lt;span style=&quot;box-sizing: border-box; color: rgb(255, 0, 0);&quot;&gt;&amp;lt;/rule&amp;gt;&lt;/span&gt;&lt;/div&gt;&lt;div yne-bulb-block=&quot;paragraph&quot; style=&quot;box-sizing: border-box; color: rgb(34, 34, 34); font-family: &amp;quot;Segoe UI&amp;quot;, &amp;quot;Lucida Grande&amp;quot;, Helvetica, Arial, &amp;quot;Microsoft YaHei&amp;quot;, FreeSans, Arimo, &amp;quot;Droid Sans&amp;quot;, &amp;quot;wenquanyi micro hei&amp;quot;, &amp;quot;Hiragino Sans GB&amp;quot;, &amp;quot;Hiragino Sans GB W3&amp;quot;, Roboto, Arial, sans-serif; font-size: 18px; white-space: normal;&quot;&gt;&lt;span style=&quot;box-sizing: border-box; color: rgb(255, 0, 0);&quot;&gt;&amp;lt;/rules&amp;gt;&lt;/span&gt;&lt;/div&gt;&lt;div yne-bulb-block=&quot;paragraph&quot; style=&quot;box-sizing: border-box; color: rgb(34, 34, 34); font-family: &amp;quot;Segoe UI&amp;quot;, &amp;quot;Lucida Grande&amp;quot;, Helvetica, Arial, &amp;quot;Microsoft YaHei&amp;quot;, FreeSans, Arimo, &amp;quot;Droid Sans&amp;quot;, &amp;quot;wenquanyi micro hei&amp;quot;, &amp;quot;Hiragino Sans GB&amp;quot;, &amp;quot;Hiragino Sans GB W3&amp;quot;, Roboto, Arial, sans-serif; font-size: 18px; white-space: normal;&quot;&gt;&lt;span style=&quot;box-sizing: border-box; color: rgb(255, 0, 0);&quot;&gt;&amp;lt;/rewrite&amp;gt;&lt;/span&gt;&lt;/div&gt;&lt;div yne-bulb-block=&quot;paragraph&quot; style=&quot;box-sizing: border-box; color: rgb(34, 34, 34); font-family: &amp;quot;Segoe UI&amp;quot;, &amp;quot;Lucida Grande&amp;quot;, Helvetica, Arial, &amp;quot;Microsoft YaHei&amp;quot;, FreeSans, Arimo, &amp;quot;Droid Sans&amp;quot;, &amp;quot;wenquanyi micro hei&amp;quot;, &amp;quot;Hiragino Sans GB&amp;quot;, &amp;quot;Hiragino Sans GB W3&amp;quot;, Roboto, Arial, sans-serif; font-size: 18px; white-space: normal;&quot;&gt;&amp;nbsp;&lt;/div&gt;&lt;div yne-bulb-block=&quot;paragraph&quot; style=&quot;box-sizing: border-box; color: rgb(34, 34, 34); font-family: &amp;quot;Segoe UI&amp;quot;, &amp;quot;Lucida Grande&amp;quot;, Helvetica, Arial, &amp;quot;Microsoft YaHei&amp;quot;, FreeSans, Arimo, &amp;quot;Droid Sans&amp;quot;, &amp;quot;wenquanyi micro hei&amp;quot;, &amp;quot;Hiragino Sans GB&amp;quot;, &amp;quot;Hiragino Sans GB W3&amp;quot;, Roboto, Arial, sans-serif; font-size: 18px; white-space: normal;&quot;&gt;以下是某个香港虚拟空间的效果：&lt;/div&gt;&lt;div yne-bulb-block=&quot;paragraph&quot; style=&quot;box-sizing: border-box; color: rgb(34, 34, 34); font-family: &amp;quot;Segoe UI&amp;quot;, &amp;quot;Lucida Grande&amp;quot;, Helvetica, Arial, &amp;quot;Microsoft YaHei&amp;quot;, FreeSans, Arimo, &amp;quot;Droid Sans&amp;quot;, &amp;quot;wenquanyi micro hei&amp;quot;, &amp;quot;Hiragino Sans GB&amp;quot;, &amp;quot;Hiragino Sans GB W3&amp;quot;, Roboto, Arial, sans-serif; font-size: 18px; white-space: normal;&quot;&gt;&amp;lt;?xml version=&amp;quot;1.0&amp;quot; encoding=&amp;quot;UTF-8&amp;quot;?&amp;gt;&lt;/div&gt;&lt;div yne-bulb-block=&quot;paragraph&quot; style=&quot;box-sizing: border-box; color: rgb(34, 34, 34); font-family: &amp;quot;Segoe UI&amp;quot;, &amp;quot;Lucida Grande&amp;quot;, Helvetica, Arial, &amp;quot;Microsoft YaHei&amp;quot;, FreeSans, Arimo, &amp;quot;Droid Sans&amp;quot;, &amp;quot;wenquanyi micro hei&amp;quot;, &amp;quot;Hiragino Sans GB&amp;quot;, &amp;quot;Hiragino Sans GB W3&amp;quot;, Roboto, Arial, sans-serif; font-size: 18px; white-space: normal;&quot;&gt;&amp;lt;configuration&amp;gt;&lt;/div&gt;&lt;div yne-bulb-block=&quot;paragraph&quot; style=&quot;box-sizing: border-box; color: rgb(34, 34, 34); font-family: &amp;quot;Segoe UI&amp;quot;, &amp;quot;Lucida Grande&amp;quot;, Helvetica, Arial, &amp;quot;Microsoft YaHei&amp;quot;, FreeSans, Arimo, &amp;quot;Droid Sans&amp;quot;, &amp;quot;wenquanyi micro hei&amp;quot;, &amp;quot;Hiragino Sans GB&amp;quot;, &amp;quot;Hiragino Sans GB W3&amp;quot;, Roboto, Arial, sans-serif; font-size: 18px; white-space: normal;&quot;&gt;&amp;lt;system.webServer&amp;gt;&lt;/div&gt;&lt;div yne-bulb-block=&quot;paragraph&quot; style=&quot;box-sizing: border-box; color: rgb(34, 34, 34); font-family: &amp;quot;Segoe UI&amp;quot;, &amp;quot;Lucida Grande&amp;quot;, Helvetica, Arial, &amp;quot;Microsoft YaHei&amp;quot;, FreeSans, Arimo, &amp;quot;Droid Sans&amp;quot;, &amp;quot;wenquanyi micro hei&amp;quot;, &amp;quot;Hiragino Sans GB&amp;quot;, &amp;quot;Hiragino Sans GB W3&amp;quot;, Roboto, Arial, sans-serif; font-size: 18px; white-space: normal;&quot;&gt;&amp;lt;handlers&amp;gt;&lt;/div&gt;&lt;div yne-bulb-block=&quot;paragraph&quot; style=&quot;box-sizing: border-box; color: rgb(34, 34, 34); font-family: &amp;quot;Segoe UI&amp;quot;, &amp;quot;Lucida Grande&amp;quot;, Helvetica, Arial, &amp;quot;Microsoft YaHei&amp;quot;, FreeSans, Arimo, &amp;quot;Droid Sans&amp;quot;, &amp;quot;wenquanyi micro hei&amp;quot;, &amp;quot;Hiragino Sans GB&amp;quot;, &amp;quot;Hiragino Sans GB W3&amp;quot;, Roboto, Arial, sans-serif; font-size: 18px; white-space: normal;&quot;&gt;&amp;lt;remove name=&amp;quot;PHP-7.0-7i24.com&amp;quot; /&amp;gt;&lt;/div&gt;&lt;div yne-bulb-block=&quot;paragraph&quot; style=&quot;box-sizing: border-box; color: rgb(34, 34, 34); font-family: &amp;quot;Segoe UI&amp;quot;, &amp;quot;Lucida Grande&amp;quot;, Helvetica, Arial, &amp;quot;Microsoft YaHei&amp;quot;, FreeSans, Arimo, &amp;quot;Droid Sans&amp;quot;, &amp;quot;wenquanyi micro hei&amp;quot;, &amp;quot;Hiragino Sans GB&amp;quot;, &amp;quot;Hiragino Sans GB W3&amp;quot;, Roboto, Arial, sans-serif; font-size: 18px; white-space: normal;&quot;&gt;&amp;lt;remove name=&amp;quot;PHP-5.6-7i24.com&amp;quot; /&amp;gt;&lt;/div&gt;&lt;div yne-bulb-block=&quot;paragraph&quot; style=&quot;box-sizing: border-box; color: rgb(34, 34, 34); font-family: &amp;quot;Segoe UI&amp;quot;, &amp;quot;Lucida Grande&amp;quot;, Helvetica, Arial, &amp;quot;Microsoft YaHei&amp;quot;, FreeSans, Arimo, &amp;quot;Droid Sans&amp;quot;, &amp;quot;wenquanyi micro hei&amp;quot;, &amp;quot;Hiragino Sans GB&amp;quot;, &amp;quot;Hiragino Sans GB W3&amp;quot;, Roboto, Arial, sans-serif; font-size: 18px; white-space: normal;&quot;&gt;&amp;lt;remove name=&amp;quot;PHP-5.5-7i24.com&amp;quot; /&amp;gt;&lt;/div&gt;&lt;div yne-bulb-block=&quot;paragraph&quot; style=&quot;box-sizing: border-box; color: rgb(34, 34, 34); font-family: &amp;quot;Segoe UI&amp;quot;, &amp;quot;Lucida Grande&amp;quot;, Helvetica, Arial, &amp;quot;Microsoft YaHei&amp;quot;, FreeSans, Arimo, &amp;quot;Droid Sans&amp;quot;, &amp;quot;wenquanyi micro hei&amp;quot;, &amp;quot;Hiragino Sans GB&amp;quot;, &amp;quot;Hiragino Sans GB W3&amp;quot;, Roboto, Arial, sans-serif; font-size: 18px; white-space: normal;&quot;&gt;&amp;lt;remove name=&amp;quot;PHP-5.4-7i24.com&amp;quot; /&amp;gt;&lt;/div&gt;&lt;div yne-bulb-block=&quot;paragraph&quot; style=&quot;box-sizing: border-box; color: rgb(34, 34, 34); font-family: &amp;quot;Segoe UI&amp;quot;, &amp;quot;Lucida Grande&amp;quot;, Helvetica, Arial, &amp;quot;Microsoft YaHei&amp;quot;, FreeSans, Arimo, &amp;quot;Droid Sans&amp;quot;, &amp;quot;wenquanyi micro hei&amp;quot;, &amp;quot;Hiragino Sans GB&amp;quot;, &amp;quot;Hiragino Sans GB W3&amp;quot;, Roboto, Arial, sans-serif; font-size: 18px; white-space: normal;&quot;&gt;&amp;lt;remove name=&amp;quot;PHP-5.3-7i24.com&amp;quot; /&amp;gt;&lt;/div&gt;&lt;div yne-bulb-block=&quot;paragraph&quot; style=&quot;box-sizing: border-box; color: rgb(34, 34, 34); font-family: &amp;quot;Segoe UI&amp;quot;, &amp;quot;Lucida Grande&amp;quot;, Helvetica, Arial, &amp;quot;Microsoft YaHei&amp;quot;, FreeSans, Arimo, &amp;quot;Droid Sans&amp;quot;, &amp;quot;wenquanyi micro hei&amp;quot;, &amp;quot;Hiragino Sans GB&amp;quot;, &amp;quot;Hiragino Sans GB W3&amp;quot;, Roboto, Arial, sans-serif; font-size: 18px; white-space: normal;&quot;&gt;&amp;lt;remove name=&amp;quot;PHP-5.2-7i24.com&amp;quot; /&amp;gt;&lt;/div&gt;&lt;div yne-bulb-block=&quot;paragraph&quot; style=&quot;box-sizing: border-box; color: rgb(34, 34, 34); font-family: &amp;quot;Segoe UI&amp;quot;, &amp;quot;Lucida Grande&amp;quot;, Helvetica, Arial, &amp;quot;Microsoft YaHei&amp;quot;, FreeSans, Arimo, &amp;quot;Droid Sans&amp;quot;, &amp;quot;wenquanyi micro hei&amp;quot;, &amp;quot;Hiragino Sans GB&amp;quot;, &amp;quot;Hiragino Sans GB W3&amp;quot;, Roboto, Arial, sans-serif; font-size: 18px; white-space: normal;&quot;&gt;&amp;lt;add name=&amp;quot;PHP-5.4-7i24.com&amp;quot; path=&amp;quot;*.php&amp;quot; verb=&amp;quot;*&amp;quot; modules=&amp;quot;FastCgiModule&amp;quot; scriptProcessor=&amp;quot;c:php.4php-cgi.exe&amp;quot; resourceType=&amp;quot;Either&amp;quot; /&amp;gt;&lt;/div&gt;&lt;div yne-bulb-block=&quot;paragraph&quot; style=&quot;box-sizing: border-box; color: rgb(34, 34, 34); font-family: &amp;quot;Segoe UI&amp;quot;, &amp;quot;Lucida Grande&amp;quot;, Helvetica, Arial, &amp;quot;Microsoft YaHei&amp;quot;, FreeSans, Arimo, &amp;quot;Droid Sans&amp;quot;, &amp;quot;wenquanyi micro hei&amp;quot;, &amp;quot;Hiragino Sans GB&amp;quot;, &amp;quot;Hiragino Sans GB W3&amp;quot;, Roboto, Arial, sans-serif; font-size: 18px; white-space: normal;&quot;&gt;&amp;lt;/handlers&amp;gt;&lt;/div&gt;&lt;div yne-bulb-block=&quot;paragraph&quot; style=&quot;box-sizing: border-box; color: rgb(34, 34, 34); font-family: &amp;quot;Segoe UI&amp;quot;, &amp;quot;Lucida Grande&amp;quot;, Helvetica, Arial, &amp;quot;Microsoft YaHei&amp;quot;, FreeSans, Arimo, &amp;quot;Droid Sans&amp;quot;, &amp;quot;wenquanyi micro hei&amp;quot;, &amp;quot;Hiragino Sans GB&amp;quot;, &amp;quot;Hiragino Sans GB W3&amp;quot;, Roboto, Arial, sans-serif; font-size: 18px; white-space: normal;&quot;&gt;&lt;span style=&quot;box-sizing: border-box; color: rgb(255, 0, 0);&quot;&gt;&amp;lt;rewrite&amp;gt;&lt;/span&gt;&lt;/div&gt;&lt;div yne-bulb-block=&quot;paragraph&quot; style=&quot;box-sizing: border-box; color: rgb(34, 34, 34); font-family: &amp;quot;Segoe UI&amp;quot;, &amp;quot;Lucida Grande&amp;quot;, Helvetica, Arial, &amp;quot;Microsoft YaHei&amp;quot;, FreeSans, Arimo, &amp;quot;Droid Sans&amp;quot;, &amp;quot;wenquanyi micro hei&amp;quot;, &amp;quot;Hiragino Sans GB&amp;quot;, &amp;quot;Hiragino Sans GB W3&amp;quot;, Roboto, Arial, sans-serif; font-size: 18px; white-space: normal;&quot;&gt;&lt;span style=&quot;box-sizing: border-box; color: rgb(255, 0, 0);&quot;&gt;&amp;lt;rules&amp;gt;&lt;/span&gt;&lt;/div&gt;&lt;div yne-bulb-block=&quot;paragraph&quot; style=&quot;box-sizing: border-box; color: rgb(34, 34, 34); font-family: &amp;quot;Segoe UI&amp;quot;, &amp;quot;Lucida Grande&amp;quot;, Helvetica, Arial, &amp;quot;Microsoft YaHei&amp;quot;, FreeSans, Arimo, &amp;quot;Droid Sans&amp;quot;, &amp;quot;wenquanyi micro hei&amp;quot;, &amp;quot;Hiragino Sans GB&amp;quot;, &amp;quot;Hiragino Sans GB W3&amp;quot;, Roboto, Arial, sans-serif; font-size: 18px; white-space: normal;&quot;&gt;&lt;span style=&quot;box-sizing: border-box; color: rgb(255, 0, 0);&quot;&gt;&amp;lt;rule name=&amp;quot;Imported Rule 1&amp;quot; enabled=&amp;quot;true&amp;quot; stopProcessing=&amp;quot;true&amp;quot;&amp;gt;&lt;/span&gt;&lt;/div&gt;&lt;div yne-bulb-block=&quot;paragraph&quot; style=&quot;box-sizing: border-box; color: rgb(34, 34, 34); font-family: &amp;quot;Segoe UI&amp;quot;, &amp;quot;Lucida Grande&amp;quot;, Helvetica, Arial, &amp;quot;Microsoft YaHei&amp;quot;, FreeSans, Arimo, &amp;quot;Droid Sans&amp;quot;, &amp;quot;wenquanyi micro hei&amp;quot;, &amp;quot;Hiragino Sans GB&amp;quot;, &amp;quot;Hiragino Sans GB W3&amp;quot;, Roboto, Arial, sans-serif; font-size: 18px; white-space: normal;&quot;&gt;&lt;span style=&quot;box-sizing: border-box; color: rgb(255, 0, 0);&quot;&gt;&amp;lt;match url=&amp;quot;^(.*)$&amp;quot; /&amp;gt;&lt;/span&gt;&lt;/div&gt;&lt;div yne-bulb-block=&quot;paragraph&quot; style=&quot;box-sizing: border-box; color: rgb(34, 34, 34); font-family: &amp;quot;Segoe UI&amp;quot;, &amp;quot;Lucida Grande&amp;quot;, Helvetica, Arial, &amp;quot;Microsoft YaHei&amp;quot;, FreeSans, Arimo, &amp;quot;Droid Sans&amp;quot;, &amp;quot;wenquanyi micro hei&amp;quot;, &amp;quot;Hiragino Sans GB&amp;quot;, &amp;quot;Hiragino Sans GB W3&amp;quot;, Roboto, Arial, sans-serif; font-size: 18px; white-space: normal;&quot;&gt;&lt;span style=&quot;box-sizing: border-box; color: rgb(255, 0, 0);&quot;&gt;&amp;lt;conditions logicalGrouping=&amp;quot;MatchAll&amp;quot;&amp;gt;&lt;/span&gt;&lt;/div&gt;&lt;div yne-bulb-block=&quot;paragraph&quot; style=&quot;box-sizing: border-box; color: rgb(34, 34, 34); font-family: &amp;quot;Segoe UI&amp;quot;, &amp;quot;Lucida Grande&amp;quot;, Helvetica, Arial, &amp;quot;Microsoft YaHei&amp;quot;, FreeSans, Arimo, &amp;quot;Droid Sans&amp;quot;, &amp;quot;wenquanyi micro hei&amp;quot;, &amp;quot;Hiragino Sans GB&amp;quot;, &amp;quot;Hiragino Sans GB W3&amp;quot;, Roboto, Arial, sans-serif; font-size: 18px; white-space: normal;&quot;&gt;&lt;span style=&quot;box-sizing: border-box; color: rgb(255, 0, 0);&quot;&gt;&amp;lt;add input=&amp;quot;{HTTP_HOST}&amp;quot; pattern=&amp;quot;^(.*)$&amp;quot; /&amp;gt;&lt;/span&gt;&lt;/div&gt;&lt;div yne-bulb-block=&quot;paragraph&quot; style=&quot;box-sizing: border-box; color: rgb(34, 34, 34); font-family: &amp;quot;Segoe UI&amp;quot;, &amp;quot;Lucida Grande&amp;quot;, Helvetica, Arial, &amp;quot;Microsoft YaHei&amp;quot;, FreeSans, Arimo, &amp;quot;Droid Sans&amp;quot;, &amp;quot;wenquanyi micro hei&amp;quot;, &amp;quot;Hiragino Sans GB&amp;quot;, &amp;quot;Hiragino Sans GB W3&amp;quot;, Roboto, Arial, sans-serif; font-size: 18px; white-space: normal;&quot;&gt;&lt;span style=&quot;box-sizing: border-box; color: rgb(255, 0, 0);&quot;&gt;&amp;lt;add input=&amp;quot;{REQUEST_FILENAME}&amp;quot; matchType=&amp;quot;IsFile&amp;quot; negate=&amp;quot;true&amp;quot; /&amp;gt;&lt;/span&gt;&lt;/div&gt;&lt;div yne-bulb-block=&quot;paragraph&quot; style=&quot;box-sizing: border-box; color: rgb(34, 34, 34); font-family: &amp;quot;Segoe UI&amp;quot;, &amp;quot;Lucida Grande&amp;quot;, Helvetica, Arial, &amp;quot;Microsoft YaHei&amp;quot;, FreeSans, Arimo, &amp;quot;Droid Sans&amp;quot;, &amp;quot;wenquanyi micro hei&amp;quot;, &amp;quot;Hiragino Sans GB&amp;quot;, &amp;quot;Hiragino Sans GB W3&amp;quot;, Roboto, Arial, sans-serif; font-size: 18px; white-space: normal;&quot;&gt;&lt;span style=&quot;box-sizing: border-box; color: rgb(255, 0, 0);&quot;&gt;&amp;lt;add input=&amp;quot;{REQUEST_FILENAME}&amp;quot; matchType=&amp;quot;IsDirectory&amp;quot; negate=&amp;quot;true&amp;quot; /&amp;gt;&lt;/span&gt;&lt;/div&gt;&lt;div yne-bulb-block=&quot;paragraph&quot; style=&quot;box-sizing: border-box; color: rgb(34, 34, 34); font-family: &amp;quot;Segoe UI&amp;quot;, &amp;quot;Lucida Grande&amp;quot;, Helvetica, Arial, &amp;quot;Microsoft YaHei&amp;quot;, FreeSans, Arimo, &amp;quot;Droid Sans&amp;quot;, &amp;quot;wenquanyi micro hei&amp;quot;, &amp;quot;Hiragino Sans GB&amp;quot;, &amp;quot;Hiragino Sans GB W3&amp;quot;, Roboto, Arial, sans-serif; font-size: 18px; white-space: normal;&quot;&gt;&lt;span style=&quot;box-sizing: border-box; color: rgb(255, 0, 0);&quot;&gt;&amp;lt;/conditions&amp;gt;&lt;/span&gt;&lt;/div&gt;&lt;div yne-bulb-block=&quot;paragraph&quot; style=&quot;box-sizing: border-box; color: rgb(34, 34, 34); font-family: &amp;quot;Segoe UI&amp;quot;, &amp;quot;Lucida Grande&amp;quot;, Helvetica, Arial, &amp;quot;Microsoft YaHei&amp;quot;, FreeSans, Arimo, &amp;quot;Droid Sans&amp;quot;, &amp;quot;wenquanyi micro hei&amp;quot;, &amp;quot;Hiragino Sans GB&amp;quot;, &amp;quot;Hiragino Sans GB W3&amp;quot;, Roboto, Arial, sans-serif; font-size: 18px; white-space: normal;&quot;&gt;&lt;span style=&quot;box-sizing: border-box; color: rgb(255, 0, 0);&quot;&gt;&amp;lt;action type=&amp;quot;Rewrite&amp;quot; url=&amp;quot;index.php/{R:1}&amp;quot; /&amp;gt;&lt;/span&gt;&lt;/div&gt;&lt;div yne-bulb-block=&quot;paragraph&quot; style=&quot;box-sizing: border-box; color: rgb(34, 34, 34); font-family: &amp;quot;Segoe UI&amp;quot;, &amp;quot;Lucida Grande&amp;quot;, Helvetica, Arial, &amp;quot;Microsoft YaHei&amp;quot;, FreeSans, Arimo, &amp;quot;Droid Sans&amp;quot;, &amp;quot;wenquanyi micro hei&amp;quot;, &amp;quot;Hiragino Sans GB&amp;quot;, &amp;quot;Hiragino Sans GB W3&amp;quot;, Roboto, Arial, sans-serif; font-size: 18px; white-space: normal;&quot;&gt;&lt;span style=&quot;box-sizing: border-box; color: rgb(255, 0, 0);&quot;&gt;&amp;lt;/rule&amp;gt;&lt;/span&gt;&lt;/div&gt;&lt;div yne-bulb-block=&quot;paragraph&quot; style=&quot;box-sizing: border-box; color: rgb(34, 34, 34); font-family: &amp;quot;Segoe UI&amp;quot;, &amp;quot;Lucida Grande&amp;quot;, Helvetica, Arial, &amp;quot;Microsoft YaHei&amp;quot;, FreeSans, Arimo, &amp;quot;Droid Sans&amp;quot;, &amp;quot;wenquanyi micro hei&amp;quot;, &amp;quot;Hiragino Sans GB&amp;quot;, &amp;quot;Hiragino Sans GB W3&amp;quot;, Roboto, Arial, sans-serif; font-size: 18px; white-space: normal;&quot;&gt;&lt;span style=&quot;box-sizing: border-box; color: rgb(255, 0, 0);&quot;&gt;&amp;lt;/rules&amp;gt;&lt;/span&gt;&lt;/div&gt;&lt;div yne-bulb-block=&quot;paragraph&quot; style=&quot;box-sizing: border-box; color: rgb(34, 34, 34); font-family: &amp;quot;Segoe UI&amp;quot;, &amp;quot;Lucida Grande&amp;quot;, Helvetica, Arial, &amp;quot;Microsoft YaHei&amp;quot;, FreeSans, Arimo, &amp;quot;Droid Sans&amp;quot;, &amp;quot;wenquanyi micro hei&amp;quot;, &amp;quot;Hiragino Sans GB&amp;quot;, &amp;quot;Hiragino Sans GB W3&amp;quot;, Roboto, Arial, sans-serif; font-size: 18px; white-space: normal;&quot;&gt;&lt;span style=&quot;box-sizing: border-box; color: rgb(255, 0, 0);&quot;&gt;&amp;lt;/rewrite&amp;gt;&lt;/span&gt;&lt;/div&gt;&lt;div yne-bulb-block=&quot;paragraph&quot; style=&quot;box-sizing: border-box; color: rgb(34, 34, 34); font-family: &amp;quot;Segoe UI&amp;quot;, &amp;quot;Lucida Grande&amp;quot;, Helvetica, Arial, &amp;quot;Microsoft YaHei&amp;quot;, FreeSans, Arimo, &amp;quot;Droid Sans&amp;quot;, &amp;quot;wenquanyi micro hei&amp;quot;, &amp;quot;Hiragino Sans GB&amp;quot;, &amp;quot;Hiragino Sans GB W3&amp;quot;, Roboto, Arial, sans-serif; font-size: 18px; white-space: normal;&quot;&gt;&amp;lt;/system.webServer&amp;gt;&lt;/div&gt;&lt;div yne-bulb-block=&quot;paragraph&quot; style=&quot;box-sizing: border-box; color: rgb(34, 34, 34); font-family: &amp;quot;Segoe UI&amp;quot;, &amp;quot;Lucida Grande&amp;quot;, Helvetica, Arial, &amp;quot;Microsoft YaHei&amp;quot;, FreeSans, Arimo, &amp;quot;Droid Sans&amp;quot;, &amp;quot;wenquanyi micro hei&amp;quot;, &amp;quot;Hiragino Sans GB&amp;quot;, &amp;quot;Hiragino Sans GB W3&amp;quot;, Roboto, Arial, sans-serif; font-size: 18px; white-space: normal;&quot;&gt;&amp;lt;/configuration&amp;gt;&lt;/div&gt;&lt;div yne-bulb-block=&quot;paragraph&quot; style=&quot;box-sizing: border-box; color: rgb(34, 34, 34); font-family: &amp;quot;Segoe UI&amp;quot;, &amp;quot;Lucida Grande&amp;quot;, Helvetica, Arial, &amp;quot;Microsoft YaHei&amp;quot;, FreeSans, Arimo, &amp;quot;Droid Sans&amp;quot;, &amp;quot;wenquanyi micro hei&amp;quot;, &amp;quot;Hiragino Sans GB&amp;quot;, &amp;quot;Hiragino Sans GB W3&amp;quot;, Roboto, Arial, sans-serif; font-size: 18px; white-space: normal;&quot;&gt;&amp;nbsp;&lt;/div&gt;&lt;div yne-bulb-block=&quot;paragraph&quot; style=&quot;box-sizing: border-box; color: rgb(34, 34, 34); font-family: &amp;quot;Segoe UI&amp;quot;, &amp;quot;Lucida Grande&amp;quot;, Helvetica, Arial, &amp;quot;Microsoft YaHei&amp;quot;, FreeSans, Arimo, &amp;quot;Droid Sans&amp;quot;, &amp;quot;wenquanyi micro hei&amp;quot;, &amp;quot;Hiragino Sans GB&amp;quot;, &amp;quot;Hiragino Sans GB W3&amp;quot;, Roboto, Arial, sans-serif; font-size: 18px; white-space: normal;&quot;&gt;【Nginx服务器】&lt;/div&gt;&lt;div yne-bulb-block=&quot;paragraph&quot; style=&quot;box-sizing: border-box; color: rgb(34, 34, 34); font-family: &amp;quot;Segoe UI&amp;quot;, &amp;quot;Lucida Grande&amp;quot;, Helvetica, Arial, &amp;quot;Microsoft YaHei&amp;quot;, FreeSans, Arimo, &amp;quot;Droid Sans&amp;quot;, &amp;quot;wenquanyi micro hei&amp;quot;, &amp;quot;Hiragino Sans GB&amp;quot;, &amp;quot;Hiragino Sans GB W3&amp;quot;, Roboto, Arial, sans-serif; font-size: 18px; white-space: normal;&quot;&gt;在原有的nginx重写文件里新增以下代码片段：&lt;/div&gt;&lt;div yne-bulb-block=&quot;paragraph&quot; style=&quot;box-sizing: border-box; color: rgb(34, 34, 34); font-family: &amp;quot;Segoe UI&amp;quot;, &amp;quot;Lucida Grande&amp;quot;, Helvetica, Arial, &amp;quot;Microsoft YaHei&amp;quot;, FreeSans, Arimo, &amp;quot;Droid Sans&amp;quot;, &amp;quot;wenquanyi micro hei&amp;quot;, &amp;quot;Hiragino Sans GB&amp;quot;, &amp;quot;Hiragino Sans GB W3&amp;quot;, Roboto, Arial, sans-serif; font-size: 18px; white-space: normal;&quot;&gt;&lt;span style=&quot;box-sizing: border-box; color: rgb(255, 0, 0);&quot;&gt;location / {&lt;/span&gt;&lt;/div&gt;&lt;div yne-bulb-block=&quot;paragraph&quot; style=&quot;box-sizing: border-box; color: rgb(34, 34, 34); font-family: &amp;quot;Segoe UI&amp;quot;, &amp;quot;Lucida Grande&amp;quot;, Helvetica, Arial, &amp;quot;Microsoft YaHei&amp;quot;, FreeSans, Arimo, &amp;quot;Droid Sans&amp;quot;, &amp;quot;wenquanyi micro hei&amp;quot;, &amp;quot;Hiragino Sans GB&amp;quot;, &amp;quot;Hiragino Sans GB W3&amp;quot;, Roboto, Arial, sans-serif; font-size: 18px; white-space: normal;&quot;&gt;&lt;span style=&quot;box-sizing: border-box; color: rgb(255, 0, 0);&quot;&gt;if (!-e $request_filename) {&lt;/span&gt;&lt;/div&gt;&lt;div yne-bulb-block=&quot;paragraph&quot; style=&quot;box-sizing: border-box; color: rgb(34, 34, 34); font-family: &amp;quot;Segoe UI&amp;quot;, &amp;quot;Lucida Grande&amp;quot;, Helvetica, Arial, &amp;quot;Microsoft YaHei&amp;quot;, FreeSans, Arimo, &amp;quot;Droid Sans&amp;quot;, &amp;quot;wenquanyi micro hei&amp;quot;, &amp;quot;Hiragino Sans GB&amp;quot;, &amp;quot;Hiragino Sans GB W3&amp;quot;, Roboto, Arial, sans-serif; font-size: 18px; white-space: normal;&quot;&gt;&lt;span style=&quot;box-sizing: border-box; color: rgb(255, 0, 0);&quot;&gt;rewrite ^(.*)$ /index.php?s=/$1 last;&lt;/span&gt;&lt;/div&gt;&lt;div yne-bulb-block=&quot;paragraph&quot; style=&quot;box-sizing: border-box; color: rgb(34, 34, 34); font-family: &amp;quot;Segoe UI&amp;quot;, &amp;quot;Lucida Grande&amp;quot;, Helvetica, Arial, &amp;quot;Microsoft YaHei&amp;quot;, FreeSans, Arimo, &amp;quot;Droid Sans&amp;quot;, &amp;quot;wenquanyi micro hei&amp;quot;, &amp;quot;Hiragino Sans GB&amp;quot;, &amp;quot;Hiragino Sans GB W3&amp;quot;, Roboto, Arial, sans-serif; font-size: 18px; white-space: normal;&quot;&gt;&lt;span style=&quot;box-sizing: border-box; color: rgb(255, 0, 0);&quot;&gt;break;&lt;/span&gt;&lt;/div&gt;&lt;div yne-bulb-block=&quot;paragraph&quot; style=&quot;box-sizing: border-box; color: rgb(34, 34, 34); font-family: &amp;quot;Segoe UI&amp;quot;, &amp;quot;Lucida Grande&amp;quot;, Helvetica, Arial, &amp;quot;Microsoft YaHei&amp;quot;, FreeSans, Arimo, &amp;quot;Droid Sans&amp;quot;, &amp;quot;wenquanyi micro hei&amp;quot;, &amp;quot;Hiragino Sans GB&amp;quot;, &amp;quot;Hiragino Sans GB W3&amp;quot;, Roboto, Arial, sans-serif; font-size: 18px; white-space: normal;&quot;&gt;&lt;span style=&quot;box-sizing: border-box; color: rgb(255, 0, 0);&quot;&gt;}&lt;/span&gt;&lt;/div&gt;&lt;div yne-bulb-block=&quot;paragraph&quot; style=&quot;box-sizing: border-box; color: rgb(34, 34, 34); font-family: &amp;quot;Segoe UI&amp;quot;, &amp;quot;Lucida Grande&amp;quot;, Helvetica, Arial, &amp;quot;Microsoft YaHei&amp;quot;, FreeSans, Arimo, &amp;quot;Droid Sans&amp;quot;, &amp;quot;wenquanyi micro hei&amp;quot;, &amp;quot;Hiragino Sans GB&amp;quot;, &amp;quot;Hiragino Sans GB W3&amp;quot;, Roboto, Arial, sans-serif; font-size: 18px; white-space: normal;&quot;&gt;&lt;span style=&quot;box-sizing: border-box; color: rgb(255, 0, 0);&quot;&gt;}&lt;/span&gt;&lt;/div&gt;&lt;div yne-bulb-block=&quot;paragraph&quot; style=&quot;box-sizing: border-box; color: rgb(34, 34, 34); font-family: &amp;quot;Segoe UI&amp;quot;, &amp;quot;Lucida Grande&amp;quot;, Helvetica, Arial, &amp;quot;Microsoft YaHei&amp;quot;, FreeSans, Arimo, &amp;quot;Droid Sans&amp;quot;, &amp;quot;wenquanyi micro hei&amp;quot;, &amp;quot;Hiragino Sans GB&amp;quot;, &amp;quot;Hiragino Sans GB W3&amp;quot;, Roboto, Arial, sans-serif; font-size: 18px; white-space: normal;&quot;&gt;&amp;nbsp;&lt;/div&gt;&lt;div yne-bulb-block=&quot;paragraph&quot; style=&quot;box-sizing: border-box; color: rgb(34, 34, 34); font-family: &amp;quot;Segoe UI&amp;quot;, &amp;quot;Lucida Grande&amp;quot;, Helvetica, Arial, &amp;quot;Microsoft YaHei&amp;quot;, FreeSans, Arimo, &amp;quot;Droid Sans&amp;quot;, &amp;quot;wenquanyi micro hei&amp;quot;, &amp;quot;Hiragino Sans GB&amp;quot;, &amp;quot;Hiragino Sans GB W3&amp;quot;, Roboto, Arial, sans-serif; font-size: 18px; white-space: normal;&quot;&gt;【apache服务器】&lt;br style=&quot;box-sizing: border-box;&quot;/&gt;易优CMS在apache服务器环境默认自动隐藏index.php入口。&lt;br style=&quot;box-sizing: border-box;&quot;/&gt;如果发现没隐藏，可以检查根目录.htaccess是否含有以下代码段：&lt;/div&gt;&lt;div yne-bulb-block=&quot;paragraph&quot; style=&quot;box-sizing: border-box; color: rgb(34, 34, 34); font-family: &amp;quot;Segoe UI&amp;quot;, &amp;quot;Lucida Grande&amp;quot;, Helvetica, Arial, &amp;quot;Microsoft YaHei&amp;quot;, FreeSans, Arimo, &amp;quot;Droid Sans&amp;quot;, &amp;quot;wenquanyi micro hei&amp;quot;, &amp;quot;Hiragino Sans GB&amp;quot;, &amp;quot;Hiragino Sans GB W3&amp;quot;, Roboto, Arial, sans-serif; font-size: 18px; white-space: normal;&quot;&gt;&amp;lt;IfModule mod_rewrite.c&amp;gt;&lt;/div&gt;&lt;div yne-bulb-block=&quot;paragraph&quot; style=&quot;box-sizing: border-box; color: rgb(34, 34, 34); font-family: &amp;quot;Segoe UI&amp;quot;, &amp;quot;Lucida Grande&amp;quot;, Helvetica, Arial, &amp;quot;Microsoft YaHei&amp;quot;, FreeSans, Arimo, &amp;quot;Droid Sans&amp;quot;, &amp;quot;wenquanyi micro hei&amp;quot;, &amp;quot;Hiragino Sans GB&amp;quot;, &amp;quot;Hiragino Sans GB W3&amp;quot;, Roboto, Arial, sans-serif; font-size: 18px; white-space: normal;&quot;&gt;&lt;div style=&quot;box-sizing: border-box;&quot;&gt;Options +FollowSymlinks -Multiviews&lt;/div&gt;&lt;div style=&quot;box-sizing: border-box;&quot;&gt;&lt;span style=&quot;box-sizing: border-box; color: rgb(255, 0, 0);&quot;&gt;RewriteEngine on&lt;/span&gt;&lt;/div&gt;&lt;div style=&quot;box-sizing: border-box;&quot;&gt;&lt;span style=&quot;box-sizing: border-box; color: rgb(255, 0, 0);&quot;&gt;RewriteCond %{REQUEST_FILENAME} !-d&lt;/span&gt;&lt;/div&gt;&lt;div style=&quot;box-sizing: border-box;&quot;&gt;&lt;span style=&quot;box-sizing: border-box; color: rgb(255, 0, 0);&quot;&gt;RewriteCond %{REQUEST_FILENAME} !-f&lt;/span&gt;&lt;/div&gt;&lt;div style=&quot;box-sizing: border-box;&quot;&gt;&lt;span style=&quot;box-sizing: border-box; color: rgb(255, 0, 0);&quot;&gt;RewriteRule ^(.*)$ index.php/$1 [QSA,PT,L]&lt;/span&gt;&lt;/div&gt;&lt;/div&gt;&lt;div yne-bulb-block=&quot;paragraph&quot; style=&quot;box-sizing: border-box; color: rgb(34, 34, 34); font-family: &amp;quot;Segoe UI&amp;quot;, &amp;quot;Lucida Grande&amp;quot;, Helvetica, Arial, &amp;quot;Microsoft YaHei&amp;quot;, FreeSans, Arimo, &amp;quot;Droid Sans&amp;quot;, &amp;quot;wenquanyi micro hei&amp;quot;, &amp;quot;Hiragino Sans GB&amp;quot;, &amp;quot;Hiragino Sans GB W3&amp;quot;, Roboto, Arial, sans-serif; font-size: 18px; white-space: normal;&quot;&gt;&amp;lt;/IfModule&amp;gt;&lt;br style=&quot;box-sizing: border-box;&quot;/&gt;&lt;br style=&quot;box-sizing: border-box;&quot;/&gt;如果存在，继续查看apache是否开启了URL重写模块 rewrite_module ， 然后重启服务就行了。&lt;/div&gt;&lt;p&gt;&lt;br/&gt;&lt;/p&gt;',0,1531710225),(4,45,31,'',1545272580,1545272580),(5,46,32,'&lt;p&gt;EyouCms is known for its many templates, easy to optimize, and open source. It is a new PHP open source website management system and the most popular PHP CMS system. After years of development, the current version is no matter. In terms of functions and ease of use in the background, there has been considerable development and progress. The main target users of eyoucms free version are locked in groups that have the needs of enterprises to establish their stations. Of course, there are also some users and schools that use the system.&lt;/p&gt;&lt;p&gt;&lt;br/&gt;&lt;/p&gt;&lt;p&gt;Enterprise websites, whether large ｏｒ small ｏｒ medium-sized enterprises, use the network to transmit information to a certain extent to improve the efficiency of business and improve the competitiveness of enterprises. EyouCms website construction system to do various websites, what is EyouCms, EyouCms is a free and open source content management system, it is a content publishing system (CMS) that can be used independently. In China, EyouCms belongs to the most popular CMS system.&lt;/p&gt;&lt;p&gt;&lt;br/&gt;&lt;/p&gt;&lt;p&gt;Government agencies, through the establishment of government portals, facilitate the integration of various information and resources, and strengthen communication and communication between the government and the public, so that the government can work faster, more conveniently, and more effectively.&lt;/p&gt;&lt;p&gt;&lt;br/&gt;&lt;/p&gt;&lt;p&gt;Educational institutions, through the introduction of network information, enable information transmission between educational institutions and within educational institutions and educators, and comprehensively enhance the level of educational websites.&lt;/p&gt;&lt;p&gt;&lt;br/&gt;&lt;/p&gt;&lt;p&gt;advantage&lt;/p&gt;&lt;p&gt;Easy to use: You can use it for ten minutes to build a corporate website with easy-to-use background.&lt;/p&gt;&lt;p&gt;&lt;br/&gt;&lt;/p&gt;&lt;p&gt;Perfect: Yiyou Basic contains all the features needed for a regular corporate website.&lt;/p&gt;&lt;p&gt;&lt;br/&gt;&lt;/p&gt;&lt;p&gt;Scalability: Yiyou can also support more functions through the plugin library, such as third-party extensions such as Ali SMS ｏｒ applet.&lt;/p&gt;&lt;p&gt;&lt;br/&gt;&lt;/p&gt;&lt;p&gt;Rich information: As a domestic cms, Yiyou has a complete help document and label manual.&lt;/p&gt;&lt;p&gt;&lt;br/&gt;&lt;/p&gt;&lt;p&gt;Rich template: Yiyou has a large number of free and beautiful templates, covering all walks of life, and users are free to choose.&lt;/p&gt;&lt;p&gt;&lt;br/&gt;&lt;/p&gt;&lt;p&gt;Disadvantage&lt;/p&gt;&lt;p&gt;Innovative: Yiyou is a system developed based on user needs. User needs are constantly changing, and we strive to follow and change.&lt;/p&gt;&lt;p&gt;&lt;br/&gt;&lt;/p&gt;&lt;p&gt;Community: Currently focused on template building, this is not really established for an open source project.&lt;/p&gt;&lt;p&gt;&lt;br/&gt;&lt;/p&gt;&lt;p&gt;&lt;br/&gt;&lt;/p&gt;&lt;p&gt;&lt;br/&gt;&lt;/p&gt;&lt;p&gt;In the future, we look forward to working with users to create a better and more excellent CMS...2018.6.1&lt;/p&gt;&lt;p&gt;&lt;br/&gt;&lt;/p&gt;',1545272565,1545272565),(6,47,39,'&lt;p&gt;For different servers and virtual spaces, the environment for running PHP is also different, currently mainly divided into: Nginx, apache, IIS and other servers. Here&amp;#39;s how to remove the index. PHP character from the URL. Remember to restart the server and clear the cache in the management background.&lt;/p&gt;&lt;p&gt;[IIS Server]&lt;/p&gt;&lt;p&gt;There is a web. config file in the root directory of the website. The function of this file is to rewrite the URL, make the URL short, easy to optimize by SEO, and the user&amp;#39;s memory. Open the web. config file and add the following code fragments on the original basis.&lt;/p&gt;&lt;p&gt;&amp;lt;rewrite&amp;gt;&lt;/p&gt;&lt;p&gt;&amp;lt;rules&amp;gt;&lt;/p&gt;&lt;p&gt;&amp;lt;rule name= &amp;quot;Imported Rule 1&amp;quot; enabled= &amp;quot;true&amp;quot; stopProcessing= &amp;quot;true&amp;quot;&amp;gt;&lt;/p&gt;&lt;p&gt;&amp;lt;match url=&amp;quot;^(. *)$&amp;quot;/&amp;gt;&lt;/p&gt;&lt;p&gt;&amp;lt;conditions logicalGrouping=&amp;quot;MatchAll&amp;quot;&amp;gt;&lt;/p&gt;&lt;p&gt;&amp;lt;add input=&amp;quot;{HTTP_HOST}&amp;quot; pattern=&amp;quot;^(. *)$&amp;quot;/&amp;gt;&amp;quot;&lt;/p&gt;&lt;p&gt;&amp;lt;add input=&amp;quot;{REQUEST_FILENAME}&amp;quot; matchType= &amp;quot;IsFile&amp;quot; negate= &amp;quot;true&amp;quot;/&amp;gt;&lt;/p&gt;&lt;p&gt;&amp;lt;add input=&amp;quot;{REQUEST_FILENAME}&amp;quot; matchType= &amp;quot;IsDirectory&amp;quot; negate= &amp;quot;true&amp;quot;/&amp;gt;&lt;/p&gt;&lt;p&gt;&amp;lt;/conditions&amp;gt;&lt;/p&gt;&lt;p&gt;&amp;lt;action type=&amp;quot;Rewrite&amp;quot; url=&amp;quot;index.php/{R:1}&amp;quot;/&amp;gt;&lt;/p&gt;&lt;p&gt;&amp;lt;/rule&amp;gt;&lt;/p&gt;&lt;p&gt;&amp;lt;/rules&amp;gt;&lt;/p&gt;&lt;p&gt;&amp;lt;/rewrite&amp;gt;&lt;/p&gt;&lt;p&gt;The following is the effect of a Hong Kong virtual space:&lt;/p&gt;&lt;p&gt;&amp;lt;? XML version = &amp;quot;1.0&amp;quot; encoding = &amp;quot;UTF-8&amp;quot;?&amp;gt;&lt;/p&gt;&lt;p&gt;&amp;lt;configuration&amp;gt;&lt;/p&gt;&lt;p&gt;&amp;lt;system.webServer&amp;gt;&lt;/p&gt;&lt;p&gt;&amp;lt;handlers&amp;gt;&lt;/p&gt;&lt;p&gt;&amp;lt;remove name=&amp;quot;PHP-7.0-7i24.com&amp;quot;/&amp;gt;&lt;/p&gt;&lt;p&gt;&amp;lt;remove name=&amp;quot;PHP-5.6-7i24.com&amp;quot;/&amp;gt;&lt;/p&gt;&lt;p&gt;&amp;lt;remove name=&amp;quot;PHP-5.5-7i24.com&amp;quot;/&amp;gt;&lt;/p&gt;&lt;p&gt;&amp;lt;remove name=&amp;quot;PHP-5.4-7i24.com&amp;quot;/&amp;gt;&lt;/p&gt;&lt;p&gt;&amp;lt;remove name=&amp;quot;PHP-5.3-7i24.com&amp;quot;/&amp;gt;&lt;/p&gt;&lt;p&gt;&amp;lt;remove name=&amp;quot;PHP-5.2-7i24.com&amp;quot;/&amp;gt;&lt;/p&gt;&lt;p&gt;&amp;lt;add name=&amp;quot;PHP-5.4-7i24.com&amp;quot; path=&amp;quot;*.php&amp;quot; verb=&amp;quot;*&amp;quot; modules=&amp;quot;FastCgiModule&amp;quot; scriptProcessor=&amp;quot;c:php.4php-cgi.exe&amp;quot; resourceType=&amp;quot;Either&amp;quot;/&amp;gt;&lt;/p&gt;&lt;p&gt;&amp;lt;/handlers&amp;gt;&lt;/p&gt;&lt;p&gt;&amp;lt;rewrite&amp;gt;&lt;/p&gt;&lt;p&gt;&amp;lt;rules&amp;gt;&lt;/p&gt;&lt;p&gt;&amp;lt;rule name= &amp;quot;Imported Rule 1&amp;quot; enabled= &amp;quot;true&amp;quot; stopProcessing= &amp;quot;true&amp;quot;&amp;gt;&lt;/p&gt;&lt;p&gt;&amp;lt;match url=&amp;quot;^(. *)$&amp;quot;/&amp;gt;&lt;/p&gt;&lt;p&gt;&amp;lt;conditions logicalGrouping=&amp;quot;MatchAll&amp;quot;&amp;gt;&lt;/p&gt;&lt;p&gt;&amp;lt;add input=&amp;quot;{HTTP_HOST}&amp;quot; pattern=&amp;quot;^(. *)$&amp;quot;/&amp;gt;&amp;quot;&lt;/p&gt;&lt;p&gt;&amp;lt;add input=&amp;quot;{REQUEST_FILENAME}&amp;quot; matchType= &amp;quot;IsFile&amp;quot; negate= &amp;quot;true&amp;quot;/&amp;gt;&lt;/p&gt;&lt;p&gt;&amp;lt;add input=&amp;quot;{REQUEST_FILENAME}&amp;quot; matchType= &amp;quot;IsDirectory&amp;quot; negate= &amp;quot;true&amp;quot;/&amp;gt;&lt;/p&gt;&lt;p&gt;&amp;lt;/conditions&amp;gt;&lt;/p&gt;&lt;p&gt;&amp;lt;action type=&amp;quot;Rewrite&amp;quot; url=&amp;quot;index.php/{R:1}&amp;quot;/&amp;gt;&lt;/p&gt;&lt;p&gt;&amp;lt;/rule&amp;gt;&lt;/p&gt;&lt;p&gt;&amp;lt;/rules&amp;gt;&lt;/p&gt;&lt;p&gt;&amp;lt;/rewrite&amp;gt;&lt;/p&gt;&lt;p&gt;&amp;lt;/system.webServer&amp;gt;&lt;/p&gt;&lt;p&gt;&amp;lt;/configuration&amp;gt;&lt;/p&gt;&lt;p&gt;[Nginx Server]&lt;/p&gt;&lt;p&gt;Add the following code fragments to the original nginx rewrite file:&lt;/p&gt;&lt;p&gt;Location / {&lt;/p&gt;&lt;p&gt;If (!-e $request_filename) {&lt;/p&gt;&lt;p&gt;Rewrite ^(. *)$/ index. php? S=/$1 last;&lt;/p&gt;&lt;p&gt;Break;&lt;/p&gt;&lt;p&gt;}&lt;/p&gt;&lt;p&gt;}&lt;/p&gt;&lt;p&gt;[apache server]&lt;/p&gt;&lt;p&gt;Yiyou CMS automatically hides index. PHP entries by default in Apache server environment.&lt;/p&gt;&lt;p&gt;If no hiding is found, you can check whether the root directory. htaccess contains the following code snippets:&lt;/p&gt;&lt;p&gt;&amp;lt;IfModule mod_rewrite.c&amp;gt;&lt;/p&gt;&lt;p&gt;Options + FollowSymlinks - Multiviews&lt;/p&gt;&lt;p&gt;RewriteEngine on&lt;/p&gt;&lt;p&gt;RewriteCond%{REQUEST_FILENAME}!-d&lt;/p&gt;&lt;p&gt;RewriteCond%{REQUEST_FILENAME}!-f&lt;/p&gt;&lt;p&gt;RewriteRule ^(*)$index.php/$1 [QSA, PT, L]&lt;/p&gt;&lt;p&gt;&amp;lt;/IfModule&amp;gt;&lt;/p&gt;&lt;p&gt;If it exists, go ahead and see if Apache has opened the URL rewrite_module and restart the service.&lt;/p&gt;&lt;p&gt;&lt;br/&gt;&lt;/p&gt;',1545270877,1545270877),(7,88,54,'&lt;p style=&quot;text-align: center;&quot;&gt;电话: 400-123-4567&lt;br style=&quot;outline: none; box-sizing: border-box; color: rgb(47, 47, 47); font-family: Arial, &amp;quot;Helvetica Neue&amp;quot;, Helvetica, sans-serif; font-size: 14px; text-align: center; white-space: normal;&quot;/&gt;传真: + 86-123-4567&lt;br style=&quot;outline: none; box-sizing: border-box; color: rgb(47, 47, 47); font-family: Arial, &amp;quot;Helvetica Neue&amp;quot;, Helvetica, sans-serif; font-size: 14px; text-align: center; white-space: normal;&quot;/&gt;QQ:1234567890&lt;br style=&quot;outline: none; box-sizing: border-box; color: rgb(47, 47, 47); font-family: Arial, &amp;quot;Helvetica Neue&amp;quot;, Helvetica, sans-serif; font-size: 14px; text-align: center; white-space: normal;&quot;/&gt;邮箱: admin@youweb.com&lt;br style=&quot;outline: none; box-sizing: border-box; color: rgb(47, 47, 47); font-family: Arial, &amp;quot;Helvetica Neue&amp;quot;, Helvetica, sans-serif; font-size: 14px; text-align: center; white-space: normal;&quot;/&gt;地址: 广东省广州市天河区某某工业区88号&lt;/p&gt;&lt;p&gt;&lt;br/&gt;&lt;/p&gt;&lt;p style=&quot;text-align: center;&quot;&gt;&lt;iframe class=&quot;ueditor_baidumap&quot; src=&quot;/public/plugins/Ueditor/dialogs/map/show.html#center=116.404,39.915&amp;zoom=10&amp;width=530&amp;height=340&amp;markers=116.404,39.915&amp;markerStyles=l,A&quot; frameborder=&quot;0&quot; width=&quot;534&quot; height=&quot;344&quot;&gt;&lt;/iframe&gt;&lt;/p&gt;',1564645627,1564645627),(8,104,72,NULL,1572420554,1572420554),(9,105,73,NULL,1572430572,1572430572),(10,106,78,NULL,1572420755,1572420755),(11,108,55,NULL,1572430186,1572430186),(12,109,79,NULL,1572430489,1572430489),(13,232,139,'&lt;p&gt;&lt;span style=&quot;font-size: 24px;&quot;&gt;招商：&lt;/span&gt;&lt;/p&gt;&lt;p&gt;小敏手机组态软件面向全国各地诚招：代理商&lt;/p&gt;&lt;p&gt;招商条件：附合本公司的基本条件、一直至于电力工控发展、在代理商区域内必须是在本地的电子市场或者是建材市场有中心经营场所。&lt;/p&gt;&lt;p&gt;&lt;br/&gt;&lt;/p&gt;&lt;p&gt;&lt;br/&gt;&lt;/p&gt;',1573725785,1573725785),(14,255,225,NULL,1575603029,1575603029),(15,256,226,NULL,1575602946,1575602946),(16,258,227,NULL,1575603274,1575603274),(17,259,228,'&lt;p&gt;会员权限会员权限会员权限会员权限会员权限会员权限会员权限会员权限会员权限&lt;/p&gt;',1575603393,1575603393),(18,260,229,NULL,1575603296,1575603296);
/*!40000 ALTER TABLE `hw_single_content` ENABLE KEYS */;

#
# Structure for table "hw_smtp_record"
#

DROP TABLE IF EXISTS `hw_smtp_record`;
CREATE TABLE `hw_smtp_record` (
  `record_id` int(10) NOT NULL AUTO_INCREMENT COMMENT '自增ID',
  `source` tinyint(1) DEFAULT '0' COMMENT '来源，与场景ID对应：0=默认，2=注册，3=绑定邮箱，4=找回密码',
  `email` varchar(50) DEFAULT '' COMMENT '邮件地址',
  `users_id` int(10) DEFAULT '0' COMMENT '用户ID',
  `code` varchar(20) DEFAULT '' COMMENT '发送邮件内容',
  `status` tinyint(1) DEFAULT '0' COMMENT '是否使用，默认0，0为未使用，1为使用',
  `lang` varchar(50) DEFAULT 'cn' COMMENT '语言标识',
  `add_time` int(11) DEFAULT '0' COMMENT '新增时间',
  `update_time` int(11) DEFAULT '0' COMMENT '更新时间',
  PRIMARY KEY (`record_id`)
) ENGINE=MyISAM AUTO_INCREMENT=2 DEFAULT CHARSET=utf8 COMMENT='邮件发送记录表';

#
# Data for table "hw_smtp_record"
#

/*!40000 ALTER TABLE `hw_smtp_record` DISABLE KEYS */;
INSERT INTO `hw_smtp_record` VALUES (1,3,'1006312300@qq.com',1,'967507',1,'cn',1572419497,1572419511);
/*!40000 ALTER TABLE `hw_smtp_record` ENABLE KEYS */;

#
# Structure for table "hw_smtp_tpl"
#

DROP TABLE IF EXISTS `hw_smtp_tpl`;
CREATE TABLE `hw_smtp_tpl` (
  `tpl_id` int(10) NOT NULL AUTO_INCREMENT COMMENT '自增ID',
  `tpl_name` varchar(200) DEFAULT '' COMMENT '模板名称',
  `tpl_title` varchar(200) DEFAULT '' COMMENT '邮件标题',
  `tpl_content` text COMMENT '发送邮件内容',
  `send_scene` tinyint(1) DEFAULT '0' COMMENT '邮件发送场景(1=留言表单）',
  `is_open` tinyint(1) DEFAULT '0' COMMENT '是否开启使用这个模板，1为是，0为否。',
  `lang` varchar(50) DEFAULT 'cn' COMMENT '语言标识',
  `add_time` int(11) DEFAULT '0' COMMENT '添加时间',
  `update_time` int(11) DEFAULT '0' COMMENT '更新时间',
  PRIMARY KEY (`tpl_id`)
) ENGINE=MyISAM AUTO_INCREMENT=9 DEFAULT CHARSET=utf8 COMMENT='邮件模板表';

#
# Data for table "hw_smtp_tpl"
#

/*!40000 ALTER TABLE `hw_smtp_tpl` DISABLE KEYS */;
INSERT INTO `hw_smtp_tpl` VALUES (1,'留言表单','您有新的留言消息，请查收！','${content}',1,1,'cn',1544763495,1552638302),(2,'会员注册','验证码已发送至您的邮箱，请登录邮箱查看验证码！','${content}',2,1,'cn',1544763495,1552667056),(3,'绑定邮箱','验证码已发送至您的邮箱，请登录邮箱查看验证码！','${content}',3,1,'cn',1544763495,1552667400),(4,'找回密码','验证码已发送至您的邮箱，请登录邮箱查看验证码！','${content}',4,1,'cn',1544763495,1552663577),(5,'留言表单','您有新的留言消息，请查收！','${content}',1,1,'en',1544763495,1552638302),(6,'会员注册','验证码已发送至您的邮箱，请登录邮箱查看验证码！','${content}',2,1,'en',1544763495,1552667056),(7,'绑定邮箱','验证码已发送至您的邮箱，请登录邮箱查看验证码！','${content}',3,1,'en',1544763495,1552667400),(8,'找回密码','验证码已发送至您的邮箱，请登录邮箱查看验证码！','${content}',4,1,'en',1544763495,1552663577);
/*!40000 ALTER TABLE `hw_smtp_tpl` ENABLE KEYS */;

#
# Structure for table "hw_tagindex"
#

DROP TABLE IF EXISTS `hw_tagindex`;
CREATE TABLE `hw_tagindex` (
  `id` int(10) unsigned NOT NULL AUTO_INCREMENT COMMENT 'tagid',
  `tag` varchar(50) NOT NULL DEFAULT '' COMMENT 'tag内容',
  `typeid` smallint(5) unsigned NOT NULL DEFAULT '0' COMMENT '栏目ID',
  `count` int(10) unsigned DEFAULT '0' COMMENT '点击',
  `total` int(10) unsigned DEFAULT '0' COMMENT '文档数',
  `weekcc` int(10) unsigned DEFAULT '0' COMMENT '周统计',
  `monthcc` int(10) unsigned DEFAULT '0' COMMENT '月统计',
  `weekup` int(10) unsigned DEFAULT '0' COMMENT '每周更新',
  `monthup` int(10) unsigned DEFAULT '0' COMMENT '每月更新',
  `lang` varchar(50) DEFAULT 'cn' COMMENT '语言标识',
  `add_time` int(10) unsigned DEFAULT '0' COMMENT '添加时间',
  PRIMARY KEY (`id`),
  KEY `typeid` (`typeid`) USING BTREE,
  KEY `count` (`count`,`total`,`weekcc`,`monthcc`,`weekup`,`monthup`,`add_time`) USING BTREE,
  KEY `tag` (`tag`) USING BTREE
) ENGINE=MyISAM AUTO_INCREMENT=51 DEFAULT CHARSET=utf8 COMMENT='标签索引表';

#
# Data for table "hw_tagindex"
#

/*!40000 ALTER TABLE `hw_tagindex` DISABLE KEYS */;
/*!40000 ALTER TABLE `hw_tagindex` ENABLE KEYS */;

#
# Structure for table "hw_taglist"
#

DROP TABLE IF EXISTS `hw_taglist`;
CREATE TABLE `hw_taglist` (
  `tid` int(10) unsigned NOT NULL DEFAULT '0' COMMENT 'tagid',
  `aid` int(10) unsigned NOT NULL DEFAULT '0' COMMENT '文档ID',
  `typeid` smallint(5) unsigned NOT NULL DEFAULT '0' COMMENT '栏目ID',
  `tag` varchar(50) DEFAULT '' COMMENT 'tag内容',
  `arcrank` tinyint(1) DEFAULT '0' COMMENT '阅读权限',
  `lang` varchar(50) DEFAULT 'cn' COMMENT '语言标识',
  `add_time` int(11) DEFAULT '0' COMMENT '新增时间',
  `update_time` int(11) DEFAULT '0' COMMENT '更新时间',
  PRIMARY KEY (`tid`,`aid`),
  KEY `aid` (`aid`,`typeid`) USING BTREE
) ENGINE=MyISAM DEFAULT CHARSET=utf8 COMMENT='文章标签表';

#
# Data for table "hw_taglist"
#

/*!40000 ALTER TABLE `hw_taglist` DISABLE KEYS */;
/*!40000 ALTER TABLE `hw_taglist` ENABLE KEYS */;

#
# Structure for table "hw_ui_config"
#

DROP TABLE IF EXISTS `hw_ui_config`;
CREATE TABLE `hw_ui_config` (
  `id` int(11) unsigned NOT NULL AUTO_INCREMENT COMMENT '表id',
  `md5key` varchar(100) NOT NULL DEFAULT '' COMMENT '唯一键值（由 theme_style、page、name）组成',
  `theme_style` varchar(20) DEFAULT 'pc' COMMENT '模板风格',
  `page` varchar(64) DEFAULT '' COMMENT '页面分组',
  `type` varchar(50) DEFAULT '' COMMENT '编辑类型',
  `name` varchar(50) DEFAULT '' COMMENT '与页面的e-id对应',
  `value` text COMMENT '页面美化的val值',
  `lang` varchar(50) DEFAULT 'cn' COMMENT '语言标识',
  `add_time` int(11) DEFAULT '0' COMMENT '新增时间',
  `update_time` int(11) DEFAULT '0' COMMENT '更新时间',
  PRIMARY KEY (`id`),
  UNIQUE KEY `md5key` (`md5key`) USING BTREE
) ENGINE=MyISAM AUTO_INCREMENT=2 DEFAULT CHARSET=utf8 COMMENT='可视化参数设置';

#
# Data for table "hw_ui_config"
#

/*!40000 ALTER TABLE `hw_ui_config` DISABLE KEYS */;
/*!40000 ALTER TABLE `hw_ui_config` ENABLE KEYS */;

#
# Structure for table "hw_users"
#

DROP TABLE IF EXISTS `hw_users`;
CREATE TABLE `hw_users` (
  `users_id` int(11) unsigned NOT NULL AUTO_INCREMENT COMMENT '表id',
  `username` varchar(30) NOT NULL DEFAULT '' COMMENT '用户名',
  `password` varchar(32) NOT NULL DEFAULT '' COMMENT '登录密码',
  `nickname` varchar(50) NOT NULL DEFAULT '' COMMENT '昵称',
  `is_mobile` tinyint(1) DEFAULT '1' COMMENT '绑定手机号，0为不绑定，1为绑定',
  `mobile` varchar(20) NOT NULL DEFAULT '' COMMENT '手机号码（仅用于登录）',
  `is_email` tinyint(1) DEFAULT '1' COMMENT '绑定邮箱，0为不绑定，1为绑定',
  `email` varchar(60) NOT NULL DEFAULT '' COMMENT '电子邮件（仅用于登录）',
  `paypwd` varchar(50) DEFAULT '' COMMENT '支付密码，暂时未用到，可保留。',
  `users_money` decimal(10,2) DEFAULT '0.00' COMMENT '用户金额',
  `frozen_money` decimal(10,2) DEFAULT '0.00' COMMENT '冻结金额',
  `reg_time` int(11) unsigned DEFAULT '0' COMMENT '注册时间',
  `last_login` int(11) unsigned DEFAULT '0' COMMENT '最后登录时间',
  `last_ip` varchar(15) DEFAULT '' COMMENT '最后登录ip',
  `login_count` int(11) DEFAULT '0' COMMENT '登陆次数',
  `head_pic` varchar(255) DEFAULT '' COMMENT '头像',
  `province` int(6) DEFAULT '0' COMMENT '省份',
  `city` int(6) DEFAULT '0' COMMENT '市区',
  `district` int(6) DEFAULT '0' COMMENT '县',
  `level` smallint(5) DEFAULT '0' COMMENT '会员等级',
  `open_level_time` int(11) unsigned DEFAULT '0' COMMENT '开通会员级别时间',
  `level_maturity_days` varchar(20) DEFAULT '' COMMENT '会员级别到期天数',
  `discount` decimal(10,2) DEFAULT '1.00' COMMENT '会员折扣，默认1不享受',
  `total_amount` decimal(10,2) DEFAULT '0.00' COMMENT '消费累计额度',
  `is_activation` tinyint(1) DEFAULT '1' COMMENT '是否激活，0否，1是。\r\n后台注册默认为1激活。\r\n前台注册时，当会员功能设置选择后台审核，需后台激活才可以登陆。',
  `register_place` tinyint(1) DEFAULT '2' COMMENT '注册位置。后台注册不受注册验证影响，1为后台注册，2为前台注册。默认为2。',
  `open_id` varchar(30) NOT NULL DEFAULT '' COMMENT '微信唯一标识openid',
  `is_lock` tinyint(1) DEFAULT '0' COMMENT '是否被锁定冻结',
  `admin_id` int(10) DEFAULT '0' COMMENT '关联管理员ID',
  `lang` varchar(20) DEFAULT 'cn' COMMENT '语言标识',
  `is_del` tinyint(1) DEFAULT '0' COMMENT '伪删除，1=是，0=否',
  `update_time` int(11) unsigned DEFAULT '0' COMMENT '更新时间',
  PRIMARY KEY (`users_id`)
) ENGINE=MyISAM AUTO_INCREMENT=39 DEFAULT CHARSET=utf8 COMMENT='会员信息表';

#
# Data for table "hw_users"
#

/*!40000 ALTER TABLE `hw_users` DISABLE KEYS */;
INSERT INTO `hw_users` VALUES (1,'admin','a7f27d4189171a7d172f2098a3d90b77','admin',1,'13333333333',1,'1006312300@qq.com','',0.00,0.00,1564475243,1575616614,'117.172.8.165',4,'/uploads/20191122/d6b8ba333624a92ec6282c7ad7530ff4.jpeg',0,0,0,3,1572486652,'806',1.00,0.00,1,2,'',0,1,'cn',0,1575616614),(21,'曾小贱','ca0a5a0a31115f5de3097c310a8de7a1','曾小贱',1,'18780083109',1,'','',0.00,0.00,1574151705,1575090478,'171.88.190.171',0,'/public/static/common/images/dfboy.png',0,0,0,4,1574152626,'100000',1.00,0.00,1,2,'',0,0,'cn',0,1575562620),(27,'sdadsa','a7f27d4189171a7d172f2098a3d90b77','fdsdsf',1,'18408219941',1,'1006312300@163.com','',0.00,0.00,1574212818,1575604845,'61.157.76.160',0,'/uploads/20191126/067a448c7d8766d1f7649a36e0a65dfc.png',0,0,0,5,1574737157,'11120',1.00,0.00,1,2,'',0,0,'cn',0,1575604831),(29,'用户8743','35983ff50b7e9f0284bb234116c13618','用户8743',1,'15911208743',1,'1154319071@qq.com','',0.00,0.00,1575121927,1575238193,'182.241.17.117',0,'/public/static/common/images/dfboy.png',0,0,0,1,0,'0',1.00,0.00,1,2,'',0,0,'cn',0,1575179124),(37,'用户4751','d8174cf80edde01ac753c95429317679','用户4751',1,'17761284751',1,'17761284751@qq.com','',0.00,0.00,1575562884,1575602126,'139.207.81.143',0,'/public/static/common/images/dfboy.png',0,0,0,4,1575562951,'9999',1.00,0.00,1,2,'',0,0,'cn',0,1575562951),(38,'199835158795','b0a69ee25a05f243f812ff652d25d0e0','199835158795',1,'19983515895',1,'','',0.00,0.00,1575599791,1575599852,'61.157.76.160',0,'/public/static/common/images/dfboy.png',0,0,0,4,1575599791,'99999',1.00,0.00,1,1,'',0,0,'cn',0,1575599841);
/*!40000 ALTER TABLE `hw_users` ENABLE KEYS */;

#
# Structure for table "hw_users_collect"
#

DROP TABLE IF EXISTS `hw_users_collect`;
CREATE TABLE `hw_users_collect` (
  `id` int(11) NOT NULL AUTO_INCREMENT,
  `aid` int(11) NOT NULL DEFAULT '0' COMMENT '课程ID',
  `users_id` int(11) NOT NULL DEFAULT '0' COMMENT '用户ID',
  `type` tinyint(3) NOT NULL DEFAULT '1' COMMENT '1收藏 2学习记录',
  `collet_time` int(11) NOT NULL DEFAULT '0' COMMENT '收藏时间',
  PRIMARY KEY (`id`)
) ENGINE=MyISAM AUTO_INCREMENT=1010 DEFAULT CHARSET=utf8 COMMENT='学习收藏表';

#
# Data for table "hw_users_collect"
#

/*!40000 ALTER TABLE `hw_users_collect` DISABLE KEYS */;
INSERT INTO `hw_users_collect` VALUES (7,2,6,2,1573551451),(9,1,11,2,1573636349),(138,163,15,2,1573666535),(950,156,15,2,1574764243),(957,157,21,2,1575090548),(964,154,15,2,1575133963),(965,167,15,2,1575133985),(982,169,29,2,1575238198),(987,4,27,2,1575433517),(995,161,37,2,1575566386),(996,162,37,2,1575602136),(1009,155,27,2,1575605869);
/*!40000 ALTER TABLE `hw_users_collect` ENABLE KEYS */;

#
# Structure for table "hw_users_config"
#

DROP TABLE IF EXISTS `hw_users_config`;
CREATE TABLE `hw_users_config` (
  `id` int(11) NOT NULL AUTO_INCREMENT COMMENT '会员功能配置表ID',
  `name` varchar(50) DEFAULT '' COMMENT '配置的key键名',
  `value` text COMMENT '配置的value值',
  `desc` varchar(100) DEFAULT '' COMMENT '键名说明',
  `inc_type` varchar(64) DEFAULT '' COMMENT '配置分组',
  `lang` varchar(50) DEFAULT 'cn' COMMENT '语言标识',
  `update_time` int(11) DEFAULT '0' COMMENT '更新时间',
  PRIMARY KEY (`id`)
) ENGINE=MyISAM AUTO_INCREMENT=9 DEFAULT CHARSET=utf8 COMMENT='会员功能配置表';

#
# Data for table "hw_users_config"
#

/*!40000 ALTER TABLE `hw_users_config` DISABLE KEYS */;
INSERT INTO `hw_users_config` VALUES (1,'shop_open','0','','shop','cn',1574930887),(2,'pay_open','1','','pay','cn',1573553737),(3,'users_reg_notallow','www,bbs,ftp,mail,user,users,admin,administrator,eyoucms','不允许注册的会员名','users','cn',1547890773),(4,'level_member_upgrade','1','','level','cn',1564555772),(5,'users_open_release','1','','users','cn',1573779240),(6,'shop_open_spec','1','','shop','cn',1571037736),(7,'pay_wechat_config','a:5:{s:14:\"is_open_wechat\";s:1:\"0\";s:5:\"appid\";s:18:\"wx8671e65d39f19fb2\";s:5:\"mchid\";s:10:\"1561750481\";s:3:\"key\";s:32:\"Detxgtcdplc123456Detxgtcdplc1234\";s:9:\"appsecret\";s:32:\"d55a2243fe9c74e7c9e6be9027cfffbd\";}','','pay','cn',1573710856),(8,'pay_alipay_config','a:8:{s:14:\"is_open_alipay\";s:1:\"0\";s:7:\"version\";s:1:\"0\";s:6:\"app_id\";s:16:\"2019111269055890\";s:20:\"merchant_private_key\";s:1592:\"MIIEpAIBAAKCAQEAvxLAfTL/2u1eNqsULa7unMXbkmNtwKj5uQ7fXzhB9tvojzGvaHEmtYQbGpvorp24bmx9y71Brijf57ifaOilM6CT0PtECVwuXP0q/NRTUbz694H0DU68FsG7nedPdu1VxWFHooCKPIilgZkqhYa6pwXhpgxzHGNnmCo9aKTUg2togsV1qMwwfQFYZ13mNYg3USD4QLckcHj5bSzIcQnCfKX/plfM42IXCYi+Ks+m1CuBd00P5ilcxlFz9zowNK2My84fIWI4xlDl9j7qaDizFD09kkLI09m/Ci50ka1GKEqxn87v3OvfRBQlo/y2hyIajmoatR1R+ipslgAMQLtmDQIDAQABAoIBAHHyUd6YCmLZyaSac6cmul+90srDBtGtM3d7+hPD7fq0fETg4XVMfUQkazF8Js/zeOhJRN+6lq+w6o462L3sd5CJQ32OSq22TmPgCsHKMYH+TEBMPGmvOZXspOFu70HCGbNi5yBuvYGKEAFwgR4uEaPHayDmLcOROFdTYVnFaoKQAfEn9lfS3Nj+ggvbI56tXnOLke7Bkn0boTtVnkjvKwRRdHQgTdsA2OfdVkn2/v5fD5rodzijlut7YlILA7wnVyZSzVq6YbfJHtWrUmAWahlrWZSwcpIQkHig/Ei0c9Q47iblS/FYBjCDna0th//MUrRjDVjM85Xy2XPly6ZE2zUCgYEA/dCK0W7JVaMtFcsBfvytcmQ0VYLWv+x5VPO34RHEvGRebxD7E8+rdC7Us+P5LVN9tRGZjl2J6On+dvtNE4rMMSApZpF/tMjXIKUplkVesD4Fu31IAMBJf/g0q+4Y4w82Dc+KGAwEUb2Bc0+cHzc4OvvHlVKbjEosGzXDl4J6clMCgYEAwLfqTO1s4MKUjZThI556/EFZaT+w3p6KAYGynzZBjyCqzssHfguAYA0UOMLgWJKUg9QGbiGkd2JYVZ47Agk8sQp7yoTlN8ckpAsUqQYIQrOzefxWdLc36EktcFuguV9OdlftKDViW7v/V8gQnnTLoMCIjtTCa3dYQxd4Aatkeh8CgYEAo4TtSkxjraZ472dgSV2kqOPhy42FqRRCfvadaoU2CGFpbYi1GWhbf3iEVHj1GbyGalcyZMPii4nlBOaWG5b6QlQEGC545hHWdxOxHT0H6eerbcUi1EkNkUJpPLMimXY9Ttx8jU2AouDCO3X4kSvUMDvxs0QLLnDCxaz3m+7V0D0CgYBGr66qxLMYxYYDYEYr8Gcfu0B2UDwpi3EHGHFR4G6vdsXvz5xR6RoPIPz3zNLI6gq7R7uMDZ7rgxDvZngySP0P2s6I+7GvgcW4va+4R1QkUxFTfvCfIszI0H5wJcuP8psu4RVFmD8Zcp03r1QZKrG9pqDv8q3VCRNAmI0V362c9QKBgQCcG6emeXfJD9MeiB5pfqUOCsZcRrwgrBkwx3e3RrgUQGVeATvzosnUGA76bi+0GcUasF8TaaR9n+/gXbJkjO3lxO1o13UA+zsTiAgpCU1ROy5o80BUOMFscTnke9C7btgtJKBYX15jL1cow/MuDC7gq6ZIT5UB7j6OcgunTDuCUg==\";s:17:\"alipay_public_key\";s:392:\"MIIBIjANBgkqhkiG9w0BAQEFAAOCAQ8AMIIBCgKCAQEA6hZ+lYzjtX27x5S3Y/CmD3b+Bxr6IW+E/Ihb49M5Hj23yGTdkdrbcDXcRXBvs8O1kRnNFBM0pg5QkG13FBfwiKDzLfQO+gAQWi2EuiZG2cRf0wGsqmn+dZO63d0eJVMF6KPd4L5lxw7L4ZnHiSrCDwR9YyEcQsrEOkpBCE9o6VgZmHJqYQFC1cC5/GMjvRnPsFjbSB6Inw1P3sAd8ayNS1F0lQpomNsjR5FI3AZsvhysQDopQYw0yzEIXcySznSY808whv8DlCw2Ku/Wzt1nozN/8J4FM422MJm5eDBQeZju6cr4OTk9C8tvPUJFlve3dSfkGHSHeLvgxUNh/WNGPQIDAQAB\";s:7:\"account\";s:0:\"\";s:4:\"code\";s:0:\"\";s:2:\"id\";s:0:\"\";}','','pay','cn',1573612094);
/*!40000 ALTER TABLE `hw_users_config` ENABLE KEYS */;

#
# Structure for table "hw_users_level"
#

DROP TABLE IF EXISTS `hw_users_level`;
CREATE TABLE `hw_users_level` (
  `level_id` int(10) unsigned NOT NULL AUTO_INCREMENT COMMENT '自增ID',
  `level_name` varchar(30) DEFAULT '' COMMENT '级别名称',
  `level_value` int(10) DEFAULT '0' COMMENT '会员等级值',
  `is_system` tinyint(1) DEFAULT '0' COMMENT '类型，1=系统，0=用户',
  `amount` decimal(10,2) DEFAULT '0.00' COMMENT '消费额度',
  `discount` int(10) DEFAULT '100' COMMENT '折扣率，初始值为100即100%，无折扣',
  `posts_count` int(10) DEFAULT '5' COMMENT '会员投稿次数限制',
  `ask_is_release` tinyint(1) DEFAULT '1' COMMENT '允许在问答中发布问题，1=是，0=否',
  `ask_is_review` tinyint(1) DEFAULT '0' COMMENT '在问答中发布问题或回答是否需要审核，1=是，0=否',
  `lang` varchar(20) DEFAULT 'cn' COMMENT '语言标识',
  `add_time` int(11) DEFAULT '0' COMMENT '新增时间',
  `update_time` int(11) DEFAULT '0' COMMENT '更新时间',
  PRIMARY KEY (`level_id`)
) ENGINE=MyISAM AUTO_INCREMENT=6 DEFAULT CHARSET=utf8 COMMENT='会员级别表';

#
# Data for table "hw_users_level"
#

/*!40000 ALTER TABLE `hw_users_level` DISABLE KEYS */;
INSERT INTO `hw_users_level` VALUES (1,'普通会员',10,1,0.00,100,5,1,0,'cn',0,1575601240),(2,'初级会员',30,1,0.00,100,10,1,0,'cn',1564532901,1575601240),(3,'中级会员',120,1,0.00,100,20,1,0,'cn',1564532901,1575601240),(4,'高级会员',210,1,0.00,100,5,1,0,'cn',1575560128,1575601240),(5,'vip会员',360,1,0.00,100,5,1,0,'cn',1575601240,1575601240);
/*!40000 ALTER TABLE `hw_users_level` ENABLE KEYS */;

#
# Structure for table "hw_users_list"
#

DROP TABLE IF EXISTS `hw_users_list`;
CREATE TABLE `hw_users_list` (
  `list_id` int(10) unsigned NOT NULL AUTO_INCREMENT COMMENT '自增ID',
  `users_id` int(10) NOT NULL DEFAULT '0' COMMENT '会员ID',
  `para_id` int(10) NOT NULL DEFAULT '0' COMMENT '属性ID',
  `info` text COMMENT '属性值',
  `lang` varchar(50) NOT NULL DEFAULT 'cn' COMMENT '语言标识',
  `add_time` int(11) NOT NULL DEFAULT '0' COMMENT '新增时间',
  `update_time` int(11) NOT NULL DEFAULT '0' COMMENT '更新时间',
  PRIMARY KEY (`list_id`)
) ENGINE=MyISAM AUTO_INCREMENT=41 DEFAULT CHARSET=utf8 COMMENT='会员属性表(信息）';

#
# Data for table "hw_users_list"
#

/*!40000 ALTER TABLE `hw_users_list` DISABLE KEYS */;
INSERT INTO `hw_users_list` VALUES (1,1,1,'13333333333','cn',1564475243,1573030476),(2,1,2,'1006312300@qq.com','cn',1564475243,1573030476),(5,6,1,'','cn',1573466704,1573466704),(6,6,2,'','cn',1573466704,1573466704),(11,21,1,'18780083109','cn',1574152626,1575562620),(12,21,2,'','cn',1574152626,1575562620),(17,26,1,NULL,'cn',1574212688,0),(18,26,2,NULL,'cn',1574212688,0),(19,27,1,'18408219941','cn',1574212818,1575604831),(20,27,2,'1006312300@163.com','cn',1574212818,1575604831),(23,29,1,'15911208743','cn',1575121927,1575179124),(24,29,2,'1154319071@qq.com','cn',1575121927,1575179124),(37,37,1,'17761284751','cn',1575562884,1575562951),(38,37,2,'17761284751@qq.com','cn',1575562884,1575562951),(39,38,1,'19983515895','cn',1575599841,1575599841),(40,38,2,'','cn',1575599841,1575599841);
/*!40000 ALTER TABLE `hw_users_list` ENABLE KEYS */;

#
# Structure for table "hw_users_menu"
#

DROP TABLE IF EXISTS `hw_users_menu`;
CREATE TABLE `hw_users_menu` (
  `id` int(10) unsigned NOT NULL AUTO_INCREMENT COMMENT '自增ID',
  `title` varchar(30) DEFAULT '' COMMENT '导航名称',
  `mca` varchar(50) DEFAULT '' COMMENT '分组/控制器/操作名',
  `is_userpage` tinyint(1) DEFAULT '0' COMMENT '默认会员首页',
  `sort_order` int(10) DEFAULT '0' COMMENT '排序号',
  `status` tinyint(1) DEFAULT '1' COMMENT '状态，1=显示，0=隐藏',
  `lang` varchar(20) DEFAULT 'cn' COMMENT '语言标识',
  `add_time` int(11) DEFAULT '0' COMMENT '新增时间',
  `update_time` int(11) DEFAULT '0' COMMENT '更新时间',
  PRIMARY KEY (`id`)
) ENGINE=MyISAM AUTO_INCREMENT=6 DEFAULT CHARSET=utf8 COMMENT='会员菜单表';

#
# Data for table "hw_users_menu"
#

/*!40000 ALTER TABLE `hw_users_menu` DISABLE KEYS */;
INSERT INTO `hw_users_menu` VALUES (1,'个人信息','user/Users/index',1,100,1,'cn',1555904190,1555917737),(2,'账户充值','user/Pay/pay_consumer_details',0,100,1,'cn',1555904190,1573553737),(3,'商城中心','user/Shop/shop_centre',0,100,1,'cn',1555904190,1573459374),(4,'会员升级','user/Level/level_centre',0,100,1,'cn',1555904190,1564555772),(5,'会员投稿','user/UsersRelease/release_centre',0,100,1,'cn',1555904190,1573779240);
/*!40000 ALTER TABLE `hw_users_menu` ENABLE KEYS */;

#
# Structure for table "hw_users_money"
#

DROP TABLE IF EXISTS `hw_users_money`;
CREATE TABLE `hw_users_money` (
  `moneyid` int(10) unsigned NOT NULL AUTO_INCREMENT COMMENT '金额明细表ID',
  `users_id` int(10) DEFAULT '0' COMMENT '会员表ID',
  `money` decimal(10,2) DEFAULT '0.00' COMMENT '金额',
  `users_money` decimal(10,2) DEFAULT '0.00' COMMENT '此条记录的账户金额',
  `cause` text COMMENT '事由，暂时在升级消费中使用到，以serialize序列化后存入，用于后续查询。',
  `cause_type` tinyint(1) DEFAULT '0' COMMENT '数据类型，0为消费，1为充值。其余后续添加。',
  `status` tinyint(1) DEFAULT '1' COMMENT '是否成功，默认1，0失败，1未付款，2已付款，3已完成，4订单取消。',
  `pay_method` varchar(10) DEFAULT '' COMMENT '支付方式，wechat为微信支付，alipay为支付宝支付',
  `wechat_pay_type` varchar(20) NOT NULL DEFAULT '' COMMENT '微信支付时，标记使用的支付类型（扫码支付，微信内部，微信H5页面）',
  `pay_details` text COMMENT '支付时返回的数据，以serialize序列化后存入，用于后续查询。',
  `order_number` varchar(30) DEFAULT '' COMMENT '订单号',
  `lang` varchar(50) DEFAULT 'cn' COMMENT '语言标识',
  `add_time` int(11) DEFAULT '0' COMMENT '新增时间',
  `update_time` int(11) DEFAULT '0' COMMENT '更新时间',
  PRIMARY KEY (`moneyid`)
) ENGINE=MyISAM AUTO_INCREMENT=50 DEFAULT CHARSET=utf8 COMMENT='金额明细表';

#
# Data for table "hw_users_money"
#

/*!40000 ALTER TABLE `hw_users_money` DISABLE KEYS */;
INSERT INTO `hw_users_money` VALUES (2,1,100.00,100.00,'账户充值',1,1,'wechat','',NULL,'20191111157345748967','cn',1573457489,0),(3,1,100.00,100.00,'账户充值',1,1,'alipay','',NULL,'20191111157345779287','cn',1573457792,0),(4,1,2000.00,2000.00,'账户充值',1,1,'alipay','',NULL,'20191111157345779996','cn',1573457799,0),(5,1,100.00,0.00,'a:9:{s:7:\"type_id\";i:1;s:9:\"type_name\";s:21:\"升级为本站会员\";s:8:\"level_id\";i:2;s:5:\"price\";s:6:\"100.00\";s:8:\"limit_id\";i:6;s:10:\"sort_order\";i:1;s:4:\"lang\";s:2:\"cn\";s:8:\"add_time\";i:1564532901;s:11:\"update_time\";i:1573451636;}',0,2,'alipay','','s:115:\"会员当前级别为【高级会员】，使用支付宝支付【 升级为本站会员】，支付金额为100.00\";','20191111157345790969','cn',1573457909,1573458438),(6,6,0.01,0.00,'激活会员',0,2,'alipay','',NULL,'201911131546291573631189470','cn',1573631189,1573631240),(21,21,10.00,0.00,'激活会员',0,1,'','',NULL,'201911191621521574151712877','cn',1574151712,0),(22,21,10.00,0.00,'激活会员',0,2,'wechat','',NULL,'201911191622191574151739980','cn',1574151739,1574151755),(24,25,10.00,0.00,'激活会员',0,1,'','',NULL,'201911191758531574157533705','cn',1574157533,0),(25,25,10.00,0.00,'激活会员',0,1,'','',NULL,'201911191805271574157927898','cn',1574157927,0),(26,26,10.00,0.00,'激活会员',0,1,'','',NULL,'201911200918111574212691897','cn',1574212691,0),(27,27,10.00,0.00,'激活会员',0,1,'','',NULL,'201911200920231574212823575','cn',1574212823,0),(28,27,10.00,0.00,'激活会员',0,1,'','',NULL,'201911221437001574404620847','cn',1574404620,0),(30,27,10.00,0.00,'激活会员',0,1,'','',NULL,'201911241805181574589918584','cn',1574589918,0),(31,27,0.01,0.00,'激活会员',0,2,'wechat','',NULL,'201911241819361574590776484','cn',1574590776,1574590803),(32,29,10.00,0.00,'激活会员',0,2,'wechat','',NULL,'201911302152171575121937560','cn',1575121937,1575185238),(33,29,10.00,0.00,'激活会员',0,1,'','',NULL,'201911302154101575122050724','cn',1575122050,0),(34,29,10.00,0.00,'激活会员',0,1,'','',NULL,'201911302155041575122104702','cn',1575122104,0),(35,29,10.00,0.00,'激活会员',0,1,'','',NULL,'201911302158281575122308231','cn',1575122308,0),(36,29,10.00,0.00,'激活会员',0,1,'','',NULL,'201911302204141575122654720','cn',1575122654,0),(37,29,10.00,0.00,'激活会员',0,1,'','',NULL,'201912010942241575164544128','cn',1575164544,0),(38,27,0.01,0.00,'激活会员',0,2,'wechat','',NULL,'201912011355371575179737847','cn',1575179737,1575181795),(39,27,10.00,0.00,'激活会员',0,1,'','',NULL,'201912011402491575180169878','cn',1575180169,0),(40,27,0.01,0.00,'激活会员',0,2,'wechat','',NULL,'201912011405171575180317566','cn',1575180317,1575182372),(41,27,0.01,0.00,'激活会员',0,2,'wechat','',NULL,'201912011420441575181244385','cn',1575181244,1575181264),(49,37,10.00,0.00,'激活会员',0,2,'wechat','',NULL,'201912060021271575562887629','cn',1575562887,1575562909);
/*!40000 ALTER TABLE `hw_users_money` ENABLE KEYS */;

#
# Structure for table "hw_users_parameter"
#

DROP TABLE IF EXISTS `hw_users_parameter`;
CREATE TABLE `hw_users_parameter` (
  `para_id` int(10) NOT NULL AUTO_INCREMENT COMMENT 'id',
  `title` varchar(100) NOT NULL DEFAULT '' COMMENT '标题',
  `name` varchar(100) NOT NULL DEFAULT '' COMMENT '名称',
  `dtype` varchar(32) NOT NULL DEFAULT '' COMMENT '字段类型',
  `dfvalue` varchar(1000) NOT NULL DEFAULT '' COMMENT '默认值',
  `is_system` tinyint(1) DEFAULT '0' COMMENT '是否为系统属性，系统属性不可删除，1为是，0为否，默认0。',
  `is_hidden` tinyint(1) DEFAULT '0' COMMENT '是否禁用属性，1为是，0为否',
  `is_required` tinyint(1) DEFAULT '0' COMMENT '是否为必填属性，1为是，0为否，默认0。',
  `sort_order` smallint(5) NOT NULL DEFAULT '0' COMMENT '排序',
  `lang` varchar(50) NOT NULL DEFAULT 'cn' COMMENT '语言标识',
  `add_time` int(11) NOT NULL DEFAULT '0' COMMENT '新增时间',
  `update_time` int(11) NOT NULL DEFAULT '0' COMMENT '更新时间',
  PRIMARY KEY (`para_id`)
) ENGINE=MyISAM AUTO_INCREMENT=3 DEFAULT CHARSET=utf8 COMMENT='会员属性表(字段)';

#
# Data for table "hw_users_parameter"
#

/*!40000 ALTER TABLE `hw_users_parameter` DISABLE KEYS */;
INSERT INTO `hw_users_parameter` VALUES (1,'手机号码','mobile_1','mobile','',1,0,1,1,'cn',0,1573028561),(2,'邮箱地址','email_2','email','',1,0,1,1,'cn',0,1551238549);
/*!40000 ALTER TABLE `hw_users_parameter` ENABLE KEYS */;

#
# Structure for table "hw_users_type_manage"
#

DROP TABLE IF EXISTS `hw_users_type_manage`;
CREATE TABLE `hw_users_type_manage` (
  `type_id` int(10) unsigned NOT NULL AUTO_INCREMENT COMMENT '自增ID',
  `type_name` varchar(30) DEFAULT '' COMMENT '类型名称',
  `level_id` int(10) DEFAULT '0' COMMENT '会员等级ID',
  `price` decimal(10,2) NOT NULL DEFAULT '0.00' COMMENT '价格',
  `limit_id` int(10) DEFAULT '0' COMMENT '会员期限限制，存储ID，值对应常量表的admin_member_limit_arr数组',
  `sort_order` smallint(5) NOT NULL DEFAULT '0' COMMENT '排序',
  `lang` varchar(20) DEFAULT 'cn' COMMENT '语言标识',
  `add_time` int(11) DEFAULT '0' COMMENT '新增时间',
  `update_time` int(11) DEFAULT '0' COMMENT '更新时间',
  PRIMARY KEY (`type_id`)
) ENGINE=MyISAM AUTO_INCREMENT=7 DEFAULT CHARSET=utf8 COMMENT='会员产品类型表';

#
# Data for table "hw_users_type_manage"
#

/*!40000 ALTER TABLE `hw_users_type_manage` DISABLE KEYS */;
INSERT INTO `hw_users_type_manage` VALUES (1,'升级为本站普通会员',1,10.00,6,1,'cn',1564532901,1575601747),(3,'升级为本站初级会员',2,30.00,6,2,'cn',1575601684,1575601747),(4,'升级为本站中级会员',3,120.00,6,3,'cn',1575601735,1575601747),(5,'升级为本站高级会员',4,210.00,6,4,'cn',1575601735,1575601747),(6,'升级为本站钻石会员',5,360.00,6,5,'cn',1575601735,1575601747);
/*!40000 ALTER TABLE `hw_users_type_manage` ENABLE KEYS */;

#
# Structure for table "hw_weapp"
#

DROP TABLE IF EXISTS `hw_weapp`;
CREATE TABLE `hw_weapp` (
  `id` int(11) NOT NULL AUTO_INCREMENT,
  `code` varchar(50) DEFAULT '' COMMENT '插件标识',
  `name` varchar(55) DEFAULT '' COMMENT '中文名字',
  `config` text COMMENT '配置信息',
  `data` text COMMENT '额外序列化存储数据，简单插件可以不创建表，存储这里即可',
  `status` tinyint(1) DEFAULT '0' COMMENT '状态：0=未安装，1=启用，-1=禁用',
  `tag_weapp` tinyint(1) DEFAULT '1' COMMENT '1=自动绑定，2=手工调用。关联模板标签weapp，自动调用内置的show钩子方法',
  `thorough` tinyint(1) DEFAULT '0' COMMENT '彻底卸载：0=是，1=否',
  `position` varchar(30) DEFAULT 'default' COMMENT '插件位置',
  `sort_order` int(10) DEFAULT '100' COMMENT '排序号',
  `add_time` int(11) DEFAULT '0' COMMENT '新增时间',
  `update_time` int(11) DEFAULT '0' COMMENT '更新时间',
  PRIMARY KEY (`id`),
  KEY `code` (`code`)
) ENGINE=MyISAM AUTO_INCREMENT=4 DEFAULT CHARSET=utf8 COMMENT='插件应用表';

#
# Data for table "hw_weapp"
#

/*!40000 ALTER TABLE `hw_weapp` DISABLE KEYS */;
INSERT INTO `hw_weapp` VALUES (2,'Contact','在线客服','{\"code\":\"Contact\",\"name\":\"\\u5728\\u7ebf\\u5ba2\\u670d\",\"version\":\"v1.0.3\",\"min_version\":\"v1.1.9\",\"author\":\"JinghuFu\",\"description\":\"\\u5728\\u7ebf\\u5ba2\\u670d\\uff0c\\u53ea\\u9002\\u7528\\u4e8ePC\\u7aef\\u6a21\\u677f\\u663e\\u793a\",\"scene\":\"2\",\"permission\":[]}','a:13:{s:9:\"tag_weapp\";s:1:\"1\";s:7:\"is_open\";s:1:\"0\";s:10:\"top_height\";s:3:\"150\";s:9:\"qq_number\";s:5:\"10000\";s:17:\"description_first\";s:12:\"售前咨询\";s:15:\"telephone_first\";s:12:\"020-00000000\";s:18:\"description_second\";s:12:\"售后服务\";s:16:\"telephone_second\";s:12:\"020-88888888\";s:17:\"wechat_logo_local\";s:46:\"/weapp/Contact/template/skin/images/weixin.png\";s:18:\"wechat_logo_remote\";s:0:\"\";s:6:\"wechat\";s:15:\"关注公众号\";s:4:\"code\";s:7:\"Contact\";s:11:\"wechat_logo\";s:46:\"/weapp/Contact/template/skin/images/weixin.png\";}',1,1,1,'default',100,1565248500,1572419357);
/*!40000 ALTER TABLE `hw_weapp` ENABLE KEYS */;
